RutProveedor	Agente	RutCliente	Comerciante	IDServicio	Servicio	Llave	Llave texto	Pagar	CentroCosto
77145818-1	Carlos Villaseca (Talca)	76288430-5	(Postalchile) Sociedad De Distribucion Y Logistica Postalchile Ltda	15	Servicio Standar (Correspondencia)	77145818-1/76288430-5/15	Carlos Villaseca (Talca)(Postalchile) Sociedad De Distribucion Y Logistica Postalchile LtdaServicio Standar (Correspondencia)	SI	2
77145818-1	Carlos Villaseca (Talca)	76288430-5	(Postalchile) Sociedad De Distribucion Y Logistica Postalchile Ltda	16	Servicio Standar (Ecommerce)	77145818-1/76288430-5/16	Carlos Villaseca (Talca)(Postalchile) Sociedad De Distribucion Y Logistica Postalchile LtdaServicio Standar (Ecommerce)	SI	2
77145818-1	Carlos Villaseca (Talca)	76438001-0	(R. Ambiente) Ambiente diseño y Comunicacion Spa	11	Servicio Standar	77145818-1/76438001-0/11	Carlos Villaseca (Talca)(R. Ambiente) Ambiente diseño y Comunicacion SpaServicio Standar	SI	15
77145818-1	Carlos Villaseca (Talca)	77415130-3	(Ushop) Articulos Publicitarios LW	11	Servicio Standar	77145818-1/77415130-3/11	Carlos Villaseca (Talca)(Ushop) Articulos Publicitarios LWServicio Standar	SI	2
77145818-1	Carlos Villaseca (Talca)	77415130-3	(Ushop) Articulos Publicitarios LW	18	Servicio Standar (GMPI)	77145818-1/77415130-3/18	Carlos Villaseca (Talca)(Ushop) Articulos Publicitarios LWServicio Standar (GMPI)	SI	2
77145818-1	Carlos Villaseca (Talca)	77346078-7	4Nortes	1	Abastecimiento de insumos	77145818-1/77346078-7/1	Carlos Villaseca (Talca)4NortesAbastecimiento de insumos	NO	0
77145818-1	Carlos Villaseca (Talca)	77346078-7	4Nortes	11	Servicio Standar	77145818-1/77346078-7/11	Carlos Villaseca (Talca)4NortesServicio Standar	NO	0
77145818-1	Carlos Villaseca (Talca)	77346078-7	4Nortes	13	Servicio Standar (Compra Agil)	77145818-1/77346078-7/13	Carlos Villaseca (Talca)4NortesServicio Standar (Compra Agil)	SI	2
77145818-1	Carlos Villaseca (Talca)	77419350-2	Adhegraf	11	Servicio Standar	77145818-1/77419350-2/11	Carlos Villaseca (Talca)AdhegrafServicio Standar	SI	2
77145818-1	Carlos Villaseca (Talca)	96830710-k	Aimpresores	11	Servicio Standar	77145818-1/96830710-k/11	Carlos Villaseca (Talca)AimpresoresServicio Standar	SI	2
77145818-1	Carlos Villaseca (Talca)	96830710-k	Aimpresores	14	Servicio Standar (Condenast)	77145818-1/96830710-k/14	Carlos Villaseca (Talca)AimpresoresServicio Standar (Condenast)	SI	2
77145818-1	Carlos Villaseca (Talca)	96830710-k	Aimpresores	17	Servicio Standar (Fucoa)	77145818-1/96830710-k/17	Carlos Villaseca (Talca)AimpresoresServicio Standar (Fucoa)	SI	2
77145818-1	Carlos Villaseca (Talca)	77310592-8	BGB SPA	11	Servicio Standar	77145818-1/77310592-8/11	Carlos Villaseca (Talca)BGB SPAServicio Standar	SI	2
77145818-1	Carlos Villaseca (Talca)	81826800-9	Cajas Los Andes	8	Retornos	77145818-1/81826800-9/8	Carlos Villaseca (Talca)Cajas Los AndesRetornos	NO	0
77145818-1	Carlos Villaseca (Talca)	81826800-9	Cajas Los Andes	24	Servicio Standar (Providencia)	77145818-1/81826800-9/24	Carlos Villaseca (Talca)Cajas Los AndesServicio Standar (Providencia)	SI	2
77145818-1	Carlos Villaseca (Talca)	81826800-9	Cajas Los Andes	31	Servicio Standar (Stgo Alonso)	77145818-1/81826800-9/31	Carlos Villaseca (Talca)Cajas Los AndesServicio Standar (Stgo Alonso)	SI	2
77145818-1	Carlos Villaseca (Talca)	96950080-9	Chilepost	11	Servicio Standar	77145818-1/96950080-9/11	Carlos Villaseca (Talca)ChilepostServicio Standar	SI	2
77145818-1	Carlos Villaseca (Talca)	85037900-9	Comercial Peumo Ltda	33	Servicio Standar (V. Trabajadores)	77145818-1/85037900-9/33	Carlos Villaseca (Talca)Comercial Peumo LtdaServicio Standar (V. Trabajadores)	REVISAR	0
77145818-1	Carlos Villaseca (Talca)	79647180-8	Comercial Reginella Ltda	21	Servicio Standar (Mayorista)	77145818-1/79647180-8/21	Carlos Villaseca (Talca)Comercial Reginella LtdaServicio Standar (Mayorista)	SI	6
77145818-1	Carlos Villaseca (Talca)	76504464-2	Comercial VLB Ltda	11	Servicio Standar	77145818-1/76504464-2/11	Carlos Villaseca (Talca)Comercial VLB LtdaServicio Standar	SI	2
77145818-1	Carlos Villaseca (Talca)	96511460-2	Construmart	4	Correspondencia diaria	77145818-1/96511460-2/4	Carlos Villaseca (Talca)ConstrumartCorrespondencia diaria	NO	0
77145818-1	Carlos Villaseca (Talca)	96511460-2	Construmart	11	Servicio Standar	77145818-1/96511460-2/11	Carlos Villaseca (Talca)ConstrumartServicio Standar	NO	0
77145818-1	Carlos Villaseca (Talca)	89807200-2	Cruz Verde	3	Catalogo Publicitario	77145818-1/89807200-2/3	Carlos Villaseca (Talca)Cruz VerdeCatalogo Publicitario	NO	0
77145818-1	Carlos Villaseca (Talca)	89807200-2	Cruz Verde	5	Correspondencia diaria (Valijas)	77145818-1/89807200-2/5	Carlos Villaseca (Talca)Cruz VerdeCorrespondencia diaria (Valijas)	NO	0
77145818-1	Carlos Villaseca (Talca)	89807200-2	Cruz Verde	6	Material Publicitario	77145818-1/89807200-2/6	Carlos Villaseca (Talca)Cruz VerdeMaterial Publicitario	NO	0
77145818-1	Carlos Villaseca (Talca)	89807200-2	Cruz Verde	7	Retiro en ruta	77145818-1/89807200-2/7	Carlos Villaseca (Talca)Cruz VerdeRetiro en ruta	NO	0
77145818-1	Carlos Villaseca (Talca)	89807200-2	Cruz Verde	11	Servicio Standar	77145818-1/89807200-2/11	Carlos Villaseca (Talca)Cruz VerdeServicio Standar	NO	0
77145818-1	Carlos Villaseca (Talca)	89807200-2	Cruz Verde	19	Servicio Standar (Kit de ingreso)	77145818-1/89807200-2/19	Carlos Villaseca (Talca)Cruz VerdeServicio Standar (Kit de ingreso)	NO	0
77145818-1	Carlos Villaseca (Talca)	#N/D	Diario el Sur	11	Servicio Standar	#N/D	Carlos Villaseca (Talca)Diario el SurServicio Standar	SI	2
77145818-1	Carlos Villaseca (Talca)	#N/D	Disalcar	11	Servicio Standar	#N/D	Carlos Villaseca (Talca)DisalcarServicio Standar	SI	2
77145818-1	Carlos Villaseca (Talca)	78064534-2	Drop	11	Servicio Standar	77145818-1/78064534-2/11	Carlos Villaseca (Talca)DropServicio Standar	SI	2
77145818-1	Carlos Villaseca (Talca)	77907823-K	Ecopaños y Huaipes SPA	11	Servicio Standar	77145818-1/77907823-K/11	Carlos Villaseca (Talca)Ecopaños y Huaipes SPAServicio Standar	SI	2
77145818-1	Carlos Villaseca (Talca)	76377752-9	Ediciones Issue Spa	20	Servicio Standar (Lanzado)	77145818-1/76377752-9/20	Carlos Villaseca (Talca)Ediciones Issue SpaServicio Standar (Lanzado)	SI	2
77145818-1	Carlos Villaseca (Talca)	78445850-4	Envia Ltda	11	Servicio Standar	77145818-1/78445850-4/11	Carlos Villaseca (Talca)Envia LtdaServicio Standar	SI	2
77145818-1	Carlos Villaseca (Talca)	78293000-1	Global Courier SA	7	Retiro en ruta	77145818-1/78293000-1/7	Carlos Villaseca (Talca)Global Courier SARetiro en ruta	NO	0
77145818-1	Carlos Villaseca (Talca)	78293000-1	Global Courier SA	8	Retornos	77145818-1/78293000-1/8	Carlos Villaseca (Talca)Global Courier SARetornos	NO	0
77145818-1	Carlos Villaseca (Talca)	78293000-1	Global Courier SA	11	Servicio Standar	77145818-1/78293000-1/11	Carlos Villaseca (Talca)Global Courier SAServicio Standar	SI	2
77145818-1	Carlos Villaseca (Talca)	76631490-2	Global Med	11	Servicio Standar	77145818-1/76631490-2/11	Carlos Villaseca (Talca)Global MedServicio Standar	SI	2
77145818-1	Carlos Villaseca (Talca)	90106000-2	Grafica Quilicura	11	Servicio Standar	77145818-1/90106000-2/11	Carlos Villaseca (Talca)Grafica QuilicuraServicio Standar	SI	2
77145818-1	Carlos Villaseca (Talca)	90106000-2	Grafica Quilicura	25	Servicio Standar (R. Carabineros de chile)	77145818-1/90106000-2/25	Carlos Villaseca (Talca)Grafica QuilicuraServicio Standar (R. Carabineros de chile)	SI	2
77145818-1	Carlos Villaseca (Talca)	90106000-2	Grafica Quilicura	26	Servicio Standar (R. Los Heroes)	77145818-1/90106000-2/26	Carlos Villaseca (Talca)Grafica QuilicuraServicio Standar (R. Los Heroes)	SI	2
77145818-1	Carlos Villaseca (Talca)	77861584-3	Habasit	9	Servicio Sameday	77145818-1/77861584-3/9	Carlos Villaseca (Talca)HabasitServicio Sameday	SI	2
77145818-1	Carlos Villaseca (Talca)	77861584-3	Habasit	11	Servicio Standar	77145818-1/77861584-3/11	Carlos Villaseca (Talca)HabasitServicio Standar	SI	2
77145818-1	Carlos Villaseca (Talca)	76072176-K	Hemisferio Norte SA	11	Servicio Standar	77145818-1/76072176-K/11	Carlos Villaseca (Talca)Hemisferio Norte SAServicio Standar	SI	2
77145818-1	Carlos Villaseca (Talca)	76336423-2	Imprenta Babieca	11	Servicio Standar	77145818-1/76336423-2/11	Carlos Villaseca (Talca)Imprenta BabiecaServicio Standar	SI	2
77145818-1	Carlos Villaseca (Talca)	79840580-2	Imprenta Socias Ltda	11	Servicio Standar	77145818-1/79840580-2/11	Carlos Villaseca (Talca)Imprenta Socias LtdaServicio Standar	SI	2
77145818-1	Carlos Villaseca (Talca)	#N/D	La Hora	11	Servicio Standar	#N/D	Carlos Villaseca (Talca)La HoraServicio Standar	SI	2
77145818-1	Carlos Villaseca (Talca)	79500520-K	Maicao	2	Abastecimiento Uniformes	77145818-1/79500520-K/2	Carlos Villaseca (Talca)MaicaoAbastecimiento Uniformes	NO	0
77145818-1	Carlos Villaseca (Talca)	79500520-K	Maicao	3	Catalogo Publicitario	77145818-1/79500520-K/3	Carlos Villaseca (Talca)MaicaoCatalogo Publicitario	NO	0
77145818-1	Carlos Villaseca (Talca)	79500520-K	Maicao	4	Correspondencia diaria	77145818-1/79500520-K/4	Carlos Villaseca (Talca)MaicaoCorrespondencia diaria	NO	0
77145818-1	Carlos Villaseca (Talca)	79500520-K	Maicao	6	Material Publicitario	77145818-1/79500520-K/6	Carlos Villaseca (Talca)MaicaoMaterial Publicitario	NO	0
77145818-1	Carlos Villaseca (Talca)	79500520-K	Maicao	11	Servicio Standar	77145818-1/79500520-K/11	Carlos Villaseca (Talca)MaicaoServicio Standar	NO	0
77145818-1	Carlos Villaseca (Talca)	76057337-K	Nutrabody	16	Servicio Standar (Ecommerce)	77145818-1/76057337-K/16	Carlos Villaseca (Talca)NutrabodyServicio Standar (Ecommerce)	SI	2
77145818-1	Carlos Villaseca (Talca)	76710584-3	Opia Marcketing Spa	11	Servicio Standar	77145818-1/76710584-3/11	Carlos Villaseca (Talca)Opia Marcketing SpaServicio Standar	SI	2
77145818-1	Carlos Villaseca (Talca)	76012833-3	Rendic Hmnos	8	Retornos	77145818-1/76012833-3/8	Carlos Villaseca (Talca)Rendic HmnosRetornos	NO	0
77145818-1	Carlos Villaseca (Talca)	76012833-3	Rendic Hmnos	12	Servicio Standar (Alvi)	77145818-1/76012833-3/12	Carlos Villaseca (Talca)Rendic HmnosServicio Standar (Alvi)	SI	2
77145818-1	Carlos Villaseca (Talca)	76012833-3	Rendic Hmnos	22	Servicio Standar (Of. Central)	77145818-1/76012833-3/22	Carlos Villaseca (Talca)Rendic HmnosServicio Standar (Of. Central)	SI	2
77145818-1	Carlos Villaseca (Talca)	76012833-3	Rendic Hmnos	23	Servicio Standar (Proveedores)	77145818-1/76012833-3/23	Carlos Villaseca (Talca)Rendic HmnosServicio Standar (Proveedores)	SI	2
77145818-1	Carlos Villaseca (Talca)	76012833-3	Rendic Hmnos	32	Servicio Standar (Tecnologia)	77145818-1/76012833-3/32	Carlos Villaseca (Talca)Rendic HmnosServicio Standar (Tecnologia)	SI	2
77145818-1	Carlos Villaseca (Talca)	76012833-3	Rendic Hmnos	34	Servicio Standar (Valijas)	77145818-1/76012833-3/34	Carlos Villaseca (Talca)Rendic HmnosServicio Standar (Valijas)	NO	0
77145818-1	Carlos Villaseca (Talca)	76263819-3	Revesderecho	16	Servicio Standar (Ecommerce)	77145818-1/76263819-3/16	Carlos Villaseca (Talca)RevesderechoServicio Standar (Ecommerce)	SI	5
77145818-1	Carlos Villaseca (Talca)	76263819-3	Revesderecho	21	Servicio Standar (Mayorista)	77145818-1/76263819-3/21	Carlos Villaseca (Talca)RevesderechoServicio Standar (Mayorista)	NO	0
77145818-1	Carlos Villaseca (Talca)	76263819-3	Revesderecho	27	Servicio Standar (R. Tiendas)	77145818-1/76263819-3/27	Carlos Villaseca (Talca)RevesderechoServicio Standar (R. Tiendas)	SI	6
77145818-1	Carlos Villaseca (Talca)	76263819-3	Revesderecho	28	Servicio Standar (Retail)	77145818-1/76263819-3/28	Carlos Villaseca (Talca)RevesderechoServicio Standar (Retail)	SI	6
77145818-1	Carlos Villaseca (Talca)	76263819-3	Revesderecho	29	Servicio Standar (Retorno)	77145818-1/76263819-3/29	Carlos Villaseca (Talca)RevesderechoServicio Standar (Retorno)	NO	0
77145818-1	Carlos Villaseca (Talca)	76263819-3	Revesderecho	30	Servicio Standar (SAC)	77145818-1/76263819-3/30	Carlos Villaseca (Talca)RevesderechoServicio Standar (SAC)	SI	5
77145818-1	Carlos Villaseca (Talca)	#N/D	Solventa	11	Servicio Standar	#N/D	Carlos Villaseca (Talca)SolventaServicio Standar	NO	0
77145818-1	Carlos Villaseca (Talca)	78347433-6	The Planners Group Spa	11	Servicio Standar	77145818-1/78347433-6/11	Carlos Villaseca (Talca)The Planners Group SpaServicio Standar	SI	2
77145818-1	Carlos Villaseca (Talca)	76058647-1	Verisure Spa	8	Retornos	77145818-1/76058647-1/8	Carlos Villaseca (Talca)Verisure SpaRetornos	NO	0
77145818-1	Carlos Villaseca (Talca)	76058647-1	Verisure Spa	11	Servicio Standar	77145818-1/76058647-1/11	Carlos Villaseca (Talca)Verisure SpaServicio Standar	SI	2
77145818-1	Carlos Villaseca (Talca)	76713273-5	(HN Metales) Inversiones Saldivia Spa	11	Servicio Standar	77145818-1/76713273-5/11	Carlos Villaseca (Talca)(HN Metales) Inversiones Saldivia SpaServicio Standar	SI	2
77145818-1	Carlos Villaseca (Talca)	#N/D	(Orquidea) Hilanderia Maisa	16	Servicio Standar (Ecommerce)	#N/D	Carlos Villaseca (Talca)(Orquidea) Hilanderia MaisaServicio Standar (Ecommerce)	SI	5
77145818-1	Carlos Villaseca (Talca)	79647180-8	Comercial Reginella Ltda	16	Servicio Standar (Ecommerce)	77145818-1/79647180-8/16	Carlos Villaseca (Talca)Comercial Reginella LtdaServicio Standar (Ecommerce)	SI	6
77145818-1	Carlos Villaseca (Talca)	78599750-6	InduAmbiente	20	Servicio Standar (Lanzado)	77145818-1/78599750-6/20	Carlos Villaseca (Talca)InduAmbienteServicio Standar (Lanzado)	SI	2
77145818-1	Carlos Villaseca (Talca)	60910000-1	Universidad de chile	11	Servicio Standar	77145818-1/60910000-1/11	Carlos Villaseca (Talca)Universidad de chileServicio Standar	SI	2
77145818-1	Carlos Villaseca (Talca)	77970068-2	Vinilo	11	Servicio Standar	77145818-1/77970068-2/11	Carlos Villaseca (Talca)ViniloServicio Standar	SI	2
11189365-9	Casa Blanca (V Region)	76288430-5	(Postalchile) Sociedad De Distribucion Y Logistica Postalchile Ltda	15	Servicio Standar (Correspondencia)	11189365-9/76288430-5/15	Casa Blanca (V Region)(Postalchile) Sociedad De Distribucion Y Logistica Postalchile LtdaServicio Standar (Correspondencia)	SI	2
11189365-9	Casa Blanca (V Region)	76288430-5	(Postalchile) Sociedad De Distribucion Y Logistica Postalchile Ltda	16	Servicio Standar (Ecommerce)	11189365-9/76288430-5/16	Casa Blanca (V Region)(Postalchile) Sociedad De Distribucion Y Logistica Postalchile LtdaServicio Standar (Ecommerce)	SI	2
11189365-9	Casa Blanca (V Region)	76438001-0	(R. Ambiente) Ambiente diseño y Comunicacion Spa	11	Servicio Standar	11189365-9/76438001-0/11	Casa Blanca (V Region)(R. Ambiente) Ambiente diseño y Comunicacion SpaServicio Standar	SI	15
11189365-9	Casa Blanca (V Region)	77415130-3	(Ushop) Articulos Publicitarios LW	11	Servicio Standar	11189365-9/77415130-3/11	Casa Blanca (V Region)(Ushop) Articulos Publicitarios LWServicio Standar	SI	2
11189365-9	Casa Blanca (V Region)	77415130-3	(Ushop) Articulos Publicitarios LW	18	Servicio Standar (GMPI)	11189365-9/77415130-3/18	Casa Blanca (V Region)(Ushop) Articulos Publicitarios LWServicio Standar (GMPI)	SI	2
11189365-9	Casa Blanca (V Region)	77346078-7	4Nortes	1	Abastecimiento de insumos	11189365-9/77346078-7/1	Casa Blanca (V Region)4NortesAbastecimiento de insumos	NO	2
11189365-9	Casa Blanca (V Region)	77346078-7	4Nortes	11	Servicio Standar	11189365-9/77346078-7/11	Casa Blanca (V Region)4NortesServicio Standar	NO	2
11189365-9	Casa Blanca (V Region)	77346078-7	4Nortes	13	Servicio Standar (Compra Agil)	11189365-9/77346078-7/13	Casa Blanca (V Region)4NortesServicio Standar (Compra Agil)	SI	2
11189365-9	Casa Blanca (V Region)	77419350-2	Adhegraf	11	Servicio Standar	11189365-9/77419350-2/11	Casa Blanca (V Region)AdhegrafServicio Standar	SI	2
11189365-9	Casa Blanca (V Region)	96830710-k	Aimpresores	11	Servicio Standar	11189365-9/96830710-k/11	Casa Blanca (V Region)AimpresoresServicio Standar	SI	2
11189365-9	Casa Blanca (V Region)	96830710-k	Aimpresores	14	Servicio Standar (Condenast)	11189365-9/96830710-k/14	Casa Blanca (V Region)AimpresoresServicio Standar (Condenast)	SI	2
11189365-9	Casa Blanca (V Region)	96830710-k	Aimpresores	17	Servicio Standar (Fucoa)	11189365-9/96830710-k/17	Casa Blanca (V Region)AimpresoresServicio Standar (Fucoa)	SI	2
11189365-9	Casa Blanca (V Region)	77310592-8	BGB SPA	11	Servicio Standar	11189365-9/77310592-8/11	Casa Blanca (V Region)BGB SPAServicio Standar	SI	2
11189365-9	Casa Blanca (V Region)	81826800-9	Cajas Los Andes	8	Retornos	11189365-9/81826800-9/8	Casa Blanca (V Region)Cajas Los AndesRetornos	NO	0
11189365-9	Casa Blanca (V Region)	81826800-9	Cajas Los Andes	24	Servicio Standar (Providencia)	11189365-9/81826800-9/24	Casa Blanca (V Region)Cajas Los AndesServicio Standar (Providencia)	SI	2
11189365-9	Casa Blanca (V Region)	81826800-9	Cajas Los Andes	31	Servicio Standar (Stgo Alonso)	11189365-9/81826800-9/31	Casa Blanca (V Region)Cajas Los AndesServicio Standar (Stgo Alonso)	SI	2
11189365-9	Casa Blanca (V Region)	96950080-9	Chilepost	11	Servicio Standar	11189365-9/96950080-9/11	Casa Blanca (V Region)ChilepostServicio Standar	SI	2
11189365-9	Casa Blanca (V Region)	85037900-9	Comercial Peumo Ltda	33	Servicio Standar (V. Trabajadores)	11189365-9/85037900-9/33	Casa Blanca (V Region)Comercial Peumo LtdaServicio Standar (V. Trabajadores)	REVISAR	0
11189365-9	Casa Blanca (V Region)	79647180-8	Comercial Reginella Ltda	21	Servicio Standar (Mayorista)	11189365-9/79647180-8/21	Casa Blanca (V Region)Comercial Reginella LtdaServicio Standar (Mayorista)	SI	6
11189365-9	Casa Blanca (V Region)	76504464-2	Comercial VLB Ltda	11	Servicio Standar	11189365-9/76504464-2/11	Casa Blanca (V Region)Comercial VLB LtdaServicio Standar	SI	2
11189365-9	Casa Blanca (V Region)	96511460-2	Construmart	4	Correspondencia diaria	11189365-9/96511460-2/4	Casa Blanca (V Region)ConstrumartCorrespondencia diaria	NO	0
11189365-9	Casa Blanca (V Region)	96511460-2	Construmart	11	Servicio Standar	11189365-9/96511460-2/11	Casa Blanca (V Region)ConstrumartServicio Standar	NO	0
11189365-9	Casa Blanca (V Region)	89807200-2	Cruz Verde	3	Catalogo Publicitario	11189365-9/89807200-2/3	Casa Blanca (V Region)Cruz VerdeCatalogo Publicitario	NO	2
11189365-9	Casa Blanca (V Region)	89807200-2	Cruz Verde	5	Correspondencia diaria (Valijas)	11189365-9/89807200-2/5	Casa Blanca (V Region)Cruz VerdeCorrespondencia diaria (Valijas)	NO	2
11189365-9	Casa Blanca (V Region)	89807200-2	Cruz Verde	6	Material Publicitario	11189365-9/89807200-2/6	Casa Blanca (V Region)Cruz VerdeMaterial Publicitario	NO	2
11189365-9	Casa Blanca (V Region)	89807200-2	Cruz Verde	7	Retiro en ruta	11189365-9/89807200-2/7	Casa Blanca (V Region)Cruz VerdeRetiro en ruta	NO	0
11189365-9	Casa Blanca (V Region)	89807200-2	Cruz Verde	11	Servicio Standar	11189365-9/89807200-2/11	Casa Blanca (V Region)Cruz VerdeServicio Standar	NO	2
11189365-9	Casa Blanca (V Region)	89807200-2	Cruz Verde	19	Servicio Standar (Kit de ingreso)	11189365-9/89807200-2/19	Casa Blanca (V Region)Cruz VerdeServicio Standar (Kit de ingreso)	NO	2
11189365-9	Casa Blanca (V Region)	#N/D	Diario el Sur	11	Servicio Standar	#N/D	Casa Blanca (V Region)Diario el SurServicio Standar	SI	2
11189365-9	Casa Blanca (V Region)	#N/D	Disalcar	11	Servicio Standar	#N/D	Casa Blanca (V Region)DisalcarServicio Standar	SI	2
11189365-9	Casa Blanca (V Region)	78064534-2	Drop	11	Servicio Standar	11189365-9/78064534-2/11	Casa Blanca (V Region)DropServicio Standar	SI	2
11189365-9	Casa Blanca (V Region)	77907823-K	Ecopaños y Huaipes SPA	11	Servicio Standar	11189365-9/77907823-K/11	Casa Blanca (V Region)Ecopaños y Huaipes SPAServicio Standar	SI	2
11189365-9	Casa Blanca (V Region)	76377752-9	Ediciones Issue Spa	20	Servicio Standar (Lanzado)	11189365-9/76377752-9/20	Casa Blanca (V Region)Ediciones Issue SpaServicio Standar (Lanzado)	SI	2
11189365-9	Casa Blanca (V Region)	78445850-4	Envia Ltda	11	Servicio Standar	11189365-9/78445850-4/11	Casa Blanca (V Region)Envia LtdaServicio Standar	SI	2
11189365-9	Casa Blanca (V Region)	78293000-1	Global Courier SA	7	Retiro en ruta	11189365-9/78293000-1/7	Casa Blanca (V Region)Global Courier SARetiro en ruta	NO	0
11189365-9	Casa Blanca (V Region)	78293000-1	Global Courier SA	8	Retornos	11189365-9/78293000-1/8	Casa Blanca (V Region)Global Courier SARetornos	NO	0
11189365-9	Casa Blanca (V Region)	78293000-1	Global Courier SA	11	Servicio Standar	11189365-9/78293000-1/11	Casa Blanca (V Region)Global Courier SAServicio Standar	SI	2
11189365-9	Casa Blanca (V Region)	76631490-2	Global Med	11	Servicio Standar	11189365-9/76631490-2/11	Casa Blanca (V Region)Global MedServicio Standar	SI	2
11189365-9	Casa Blanca (V Region)	90106000-2	Grafica Quilicura	11	Servicio Standar	11189365-9/90106000-2/11	Casa Blanca (V Region)Grafica QuilicuraServicio Standar	SI	2
11189365-9	Casa Blanca (V Region)	90106000-2	Grafica Quilicura	25	Servicio Standar (R. Carabineros de chile)	11189365-9/90106000-2/25	Casa Blanca (V Region)Grafica QuilicuraServicio Standar (R. Carabineros de chile)	SI	2
11189365-9	Casa Blanca (V Region)	90106000-2	Grafica Quilicura	26	Servicio Standar (R. Los Heroes)	11189365-9/90106000-2/26	Casa Blanca (V Region)Grafica QuilicuraServicio Standar (R. Los Heroes)	SI	2
11189365-9	Casa Blanca (V Region)	77861584-3	Habasit	9	Servicio Sameday	11189365-9/77861584-3/9	Casa Blanca (V Region)HabasitServicio Sameday	SI	2
11189365-9	Casa Blanca (V Region)	77861584-3	Habasit	11	Servicio Standar	11189365-9/77861584-3/11	Casa Blanca (V Region)HabasitServicio Standar	SI	2
11189365-9	Casa Blanca (V Region)	76072176-K	Hemisferio Norte SA	11	Servicio Standar	11189365-9/76072176-K/11	Casa Blanca (V Region)Hemisferio Norte SAServicio Standar	SI	2
11189365-9	Casa Blanca (V Region)	76336423-2	Imprenta Babieca	11	Servicio Standar	11189365-9/76336423-2/11	Casa Blanca (V Region)Imprenta BabiecaServicio Standar	SI	2
11189365-9	Casa Blanca (V Region)	79840580-2	Imprenta Socias Ltda	11	Servicio Standar	11189365-9/79840580-2/11	Casa Blanca (V Region)Imprenta Socias LtdaServicio Standar	SI	2
11189365-9	Casa Blanca (V Region)	#N/D	La Hora	11	Servicio Standar	#N/D	Casa Blanca (V Region)La HoraServicio Standar	SI	2
11189365-9	Casa Blanca (V Region)	79500520-K	Maicao	2	Abastecimiento Uniformes	11189365-9/79500520-K/2	Casa Blanca (V Region)MaicaoAbastecimiento Uniformes	SI	2
11189365-9	Casa Blanca (V Region)	79500520-K	Maicao	3	Catalogo Publicitario	11189365-9/79500520-K/3	Casa Blanca (V Region)MaicaoCatalogo Publicitario	SI	2
11189365-9	Casa Blanca (V Region)	79500520-K	Maicao	4	Correspondencia diaria	11189365-9/79500520-K/4	Casa Blanca (V Region)MaicaoCorrespondencia diaria	NO	0
11189365-9	Casa Blanca (V Region)	79500520-K	Maicao	6	Material Publicitario	11189365-9/79500520-K/6	Casa Blanca (V Region)MaicaoMaterial Publicitario	SI	2
11189365-9	Casa Blanca (V Region)	79500520-K	Maicao	11	Servicio Standar	11189365-9/79500520-K/11	Casa Blanca (V Region)MaicaoServicio Standar	SI	2
11189365-9	Casa Blanca (V Region)	76057337-K	Nutrabody	16	Servicio Standar (Ecommerce)	11189365-9/76057337-K/16	Casa Blanca (V Region)NutrabodyServicio Standar (Ecommerce)	SI	2
11189365-9	Casa Blanca (V Region)	76710584-3	Opia Marcketing Spa	11	Servicio Standar	11189365-9/76710584-3/11	Casa Blanca (V Region)Opia Marcketing SpaServicio Standar	SI	2
11189365-9	Casa Blanca (V Region)	76012833-3	Rendic Hmnos	8	Retornos	11189365-9/76012833-3/8	Casa Blanca (V Region)Rendic HmnosRetornos	NO	0
11189365-9	Casa Blanca (V Region)	76012833-3	Rendic Hmnos	12	Servicio Standar (Alvi)	11189365-9/76012833-3/12	Casa Blanca (V Region)Rendic HmnosServicio Standar (Alvi)	NO	0
11189365-9	Casa Blanca (V Region)	76012833-3	Rendic Hmnos	22	Servicio Standar (Of. Central)	11189365-9/76012833-3/22	Casa Blanca (V Region)Rendic HmnosServicio Standar (Of. Central)	SI	2
11189365-9	Casa Blanca (V Region)	76012833-3	Rendic Hmnos	23	Servicio Standar (Proveedores)	11189365-9/76012833-3/23	Casa Blanca (V Region)Rendic HmnosServicio Standar (Proveedores)	SI	2
11189365-9	Casa Blanca (V Region)	76012833-3	Rendic Hmnos	32	Servicio Standar (Tecnologia)	11189365-9/76012833-3/32	Casa Blanca (V Region)Rendic HmnosServicio Standar (Tecnologia)	SI	2
11189365-9	Casa Blanca (V Region)	76012833-3	Rendic Hmnos	34	Servicio Standar (Valijas)	11189365-9/76012833-3/34	Casa Blanca (V Region)Rendic HmnosServicio Standar (Valijas)	NO	0
11189365-9	Casa Blanca (V Region)	76263819-3	Revesderecho	16	Servicio Standar (Ecommerce)	11189365-9/76263819-3/16	Casa Blanca (V Region)RevesderechoServicio Standar (Ecommerce)	SI	5
11189365-9	Casa Blanca (V Region)	76263819-3	Revesderecho	21	Servicio Standar (Mayorista)	11189365-9/76263819-3/21	Casa Blanca (V Region)RevesderechoServicio Standar (Mayorista)	NO	0
11189365-9	Casa Blanca (V Region)	76263819-3	Revesderecho	27	Servicio Standar (R. Tiendas)	11189365-9/76263819-3/27	Casa Blanca (V Region)RevesderechoServicio Standar (R. Tiendas)	SI	6
11189365-9	Casa Blanca (V Region)	76263819-3	Revesderecho	28	Servicio Standar (Retail)	11189365-9/76263819-3/28	Casa Blanca (V Region)RevesderechoServicio Standar (Retail)	SI	6
11189365-9	Casa Blanca (V Region)	76263819-3	Revesderecho	29	Servicio Standar (Retorno)	11189365-9/76263819-3/29	Casa Blanca (V Region)RevesderechoServicio Standar (Retorno)	NO	0
11189365-9	Casa Blanca (V Region)	76263819-3	Revesderecho	30	Servicio Standar (SAC)	11189365-9/76263819-3/30	Casa Blanca (V Region)RevesderechoServicio Standar (SAC)	SI	5
11189365-9	Casa Blanca (V Region)	#N/D	Solventa	11	Servicio Standar	#N/D	Casa Blanca (V Region)SolventaServicio Standar	NO	0
11189365-9	Casa Blanca (V Region)	78347433-6	The Planners Group Spa	11	Servicio Standar	11189365-9/78347433-6/11	Casa Blanca (V Region)The Planners Group SpaServicio Standar	SI	2
11189365-9	Casa Blanca (V Region)	76058647-1	Verisure Spa	8	Retornos	11189365-9/76058647-1/8	Casa Blanca (V Region)Verisure SpaRetornos	NO	0
11189365-9	Casa Blanca (V Region)	76058647-1	Verisure Spa	11	Servicio Standar	11189365-9/76058647-1/11	Casa Blanca (V Region)Verisure SpaServicio Standar	SI	2
11189365-9	Casa Blanca (V Region)	76713273-5	(HN Metales) Inversiones Saldivia Spa	11	Servicio Standar	11189365-9/76713273-5/11	Casa Blanca (V Region)(HN Metales) Inversiones Saldivia SpaServicio Standar	SI	2
11189365-9	Casa Blanca (V Region)	#N/D	(Orquidea) Hilanderia Maisa	16	Servicio Standar (Ecommerce)	#N/D	Casa Blanca (V Region)(Orquidea) Hilanderia MaisaServicio Standar (Ecommerce)	SI	2
11189365-9	Casa Blanca (V Region)	79647180-8	Comercial Reginella Ltda	16	Servicio Standar (Ecommerce)	11189365-9/79647180-8/16	Casa Blanca (V Region)Comercial Reginella LtdaServicio Standar (Ecommerce)	SI	5
11189365-9	Casa Blanca (V Region)	78599750-6	InduAmbiente	20	Servicio Standar (Lanzado)	11189365-9/78599750-6/20	Casa Blanca (V Region)InduAmbienteServicio Standar (Lanzado)	SI	2
11189365-9	Casa Blanca (V Region)	60910000-1	Universidad de chile	11	Servicio Standar	11189365-9/60910000-1/11	Casa Blanca (V Region)Universidad de chileServicio Standar	SI	2
11189365-9	Casa Blanca (V Region)	77970068-2	Vinilo	11	Servicio Standar	11189365-9/77970068-2/11	Casa Blanca (V Region)ViniloServicio Standar	SI	2
8960481-8	Celia Leon (Litoral)	76288430-5	(Postalchile) Sociedad De Distribucion Y Logistica Postalchile Ltda	15	Servicio Standar (Correspondencia)	8960481-8/76288430-5/15	Celia Leon (Litoral)(Postalchile) Sociedad De Distribucion Y Logistica Postalchile LtdaServicio Standar (Correspondencia)	SI	12
8960481-8	Celia Leon (Litoral)	76288430-5	(Postalchile) Sociedad De Distribucion Y Logistica Postalchile Ltda	16	Servicio Standar (Ecommerce)	8960481-8/76288430-5/16	Celia Leon (Litoral)(Postalchile) Sociedad De Distribucion Y Logistica Postalchile LtdaServicio Standar (Ecommerce)	SI	12
8960481-8	Celia Leon (Litoral)	76438001-0	(R. Ambiente) Ambiente diseño y Comunicacion Spa	11	Servicio Standar	8960481-8/76438001-0/11	Celia Leon (Litoral)(R. Ambiente) Ambiente diseño y Comunicacion SpaServicio Standar	SI	15
8960481-8	Celia Leon (Litoral)	77415130-3	(Ushop) Articulos Publicitarios LW	11	Servicio Standar	8960481-8/77415130-3/11	Celia Leon (Litoral)(Ushop) Articulos Publicitarios LWServicio Standar	SI	12
8960481-8	Celia Leon (Litoral)	77415130-3	(Ushop) Articulos Publicitarios LW	18	Servicio Standar (GMPI)	8960481-8/77415130-3/18	Celia Leon (Litoral)(Ushop) Articulos Publicitarios LWServicio Standar (GMPI)	SI	12
8960481-8	Celia Leon (Litoral)	77346078-7	4Nortes	1	Abastecimiento de insumos	8960481-8/77346078-7/1	Celia Leon (Litoral)4NortesAbastecimiento de insumos	NO	0
8960481-8	Celia Leon (Litoral)	77346078-7	4Nortes	11	Servicio Standar	8960481-8/77346078-7/11	Celia Leon (Litoral)4NortesServicio Standar	NO	0
8960481-8	Celia Leon (Litoral)	77346078-7	4Nortes	13	Servicio Standar (Compra Agil)	8960481-8/77346078-7/13	Celia Leon (Litoral)4NortesServicio Standar (Compra Agil)	SI	12
8960481-8	Celia Leon (Litoral)	77419350-2	Adhegraf	11	Servicio Standar	8960481-8/77419350-2/11	Celia Leon (Litoral)AdhegrafServicio Standar	SI	12
8960481-8	Celia Leon (Litoral)	96830710-k	Aimpresores	11	Servicio Standar	8960481-8/96830710-k/11	Celia Leon (Litoral)AimpresoresServicio Standar	SI	12
8960481-8	Celia Leon (Litoral)	96830710-k	Aimpresores	14	Servicio Standar (Condenast)	8960481-8/96830710-k/14	Celia Leon (Litoral)AimpresoresServicio Standar (Condenast)	SI	12
8960481-8	Celia Leon (Litoral)	96830710-k	Aimpresores	17	Servicio Standar (Fucoa)	8960481-8/96830710-k/17	Celia Leon (Litoral)AimpresoresServicio Standar (Fucoa)	SI	12
8960481-8	Celia Leon (Litoral)	77310592-8	BGB SPA	11	Servicio Standar	8960481-8/77310592-8/11	Celia Leon (Litoral)BGB SPAServicio Standar	SI	12
8960481-8	Celia Leon (Litoral)	81826800-9	Cajas Los Andes	8	Retornos	8960481-8/81826800-9/8	Celia Leon (Litoral)Cajas Los AndesRetornos	SI	12
8960481-8	Celia Leon (Litoral)	81826800-9	Cajas Los Andes	24	Servicio Standar (Providencia)	8960481-8/81826800-9/24	Celia Leon (Litoral)Cajas Los AndesServicio Standar (Providencia)	SI	12
8960481-8	Celia Leon (Litoral)	81826800-9	Cajas Los Andes	31	Servicio Standar (Stgo Alonso)	8960481-8/81826800-9/31	Celia Leon (Litoral)Cajas Los AndesServicio Standar (Stgo Alonso)	SI	12
8960481-8	Celia Leon (Litoral)	96950080-9	Chilepost	11	Servicio Standar	8960481-8/96950080-9/11	Celia Leon (Litoral)ChilepostServicio Standar	SI	12
8960481-8	Celia Leon (Litoral)	85037900-9	Comercial Peumo Ltda	33	Servicio Standar (V. Trabajadores)	8960481-8/85037900-9/33	Celia Leon (Litoral)Comercial Peumo LtdaServicio Standar (V. Trabajadores)	SI	12
8960481-8	Celia Leon (Litoral)	79647180-8	Comercial Reginella Ltda	21	Servicio Standar (Mayorista)	8960481-8/79647180-8/21	Celia Leon (Litoral)Comercial Reginella LtdaServicio Standar (Mayorista)	SI	6
8960481-8	Celia Leon (Litoral)	76504464-2	Comercial VLB Ltda	11	Servicio Standar	8960481-8/76504464-2/11	Celia Leon (Litoral)Comercial VLB LtdaServicio Standar	SI	12
8960481-8	Celia Leon (Litoral)	96511460-2	Construmart	4	Correspondencia diaria	8960481-8/96511460-2/4	Celia Leon (Litoral)ConstrumartCorrespondencia diaria	NO	0
8960481-8	Celia Leon (Litoral)	96511460-2	Construmart	11	Servicio Standar	8960481-8/96511460-2/11	Celia Leon (Litoral)ConstrumartServicio Standar	NO	0
8960481-8	Celia Leon (Litoral)	89807200-2	Cruz Verde	3	Catalogo Publicitario	8960481-8/89807200-2/3	Celia Leon (Litoral)Cruz VerdeCatalogo Publicitario	NO	0
8960481-8	Celia Leon (Litoral)	89807200-2	Cruz Verde	5	Correspondencia diaria (Valijas)	8960481-8/89807200-2/5	Celia Leon (Litoral)Cruz VerdeCorrespondencia diaria (Valijas)	NO	0
8960481-8	Celia Leon (Litoral)	89807200-2	Cruz Verde	6	Material Publicitario	8960481-8/89807200-2/6	Celia Leon (Litoral)Cruz VerdeMaterial Publicitario	NO	0
8960481-8	Celia Leon (Litoral)	89807200-2	Cruz Verde	7	Retiro en ruta	8960481-8/89807200-2/7	Celia Leon (Litoral)Cruz VerdeRetiro en ruta	SI	7
8960481-8	Celia Leon (Litoral)	89807200-2	Cruz Verde	11	Servicio Standar	8960481-8/89807200-2/11	Celia Leon (Litoral)Cruz VerdeServicio Standar	NO	0
8960481-8	Celia Leon (Litoral)	89807200-2	Cruz Verde	19	Servicio Standar (Kit de ingreso)	8960481-8/89807200-2/19	Celia Leon (Litoral)Cruz VerdeServicio Standar (Kit de ingreso)	NO	0
8960481-8	Celia Leon (Litoral)	#N/D	Diario el Sur	11	Servicio Standar	#N/D	Celia Leon (Litoral)Diario el SurServicio Standar	SI	12
8960481-8	Celia Leon (Litoral)	#N/D	Disalcar	11	Servicio Standar	#N/D	Celia Leon (Litoral)DisalcarServicio Standar	SI	12
8960481-8	Celia Leon (Litoral)	78064534-2	Drop	11	Servicio Standar	8960481-8/78064534-2/11	Celia Leon (Litoral)DropServicio Standar	SI	12
8960481-8	Celia Leon (Litoral)	77907823-K	Ecopaños y Huaipes SPA	11	Servicio Standar	8960481-8/77907823-K/11	Celia Leon (Litoral)Ecopaños y Huaipes SPAServicio Standar	SI	12
8960481-8	Celia Leon (Litoral)	76377752-9	Ediciones Issue Spa	20	Servicio Standar (Lanzado)	8960481-8/76377752-9/20	Celia Leon (Litoral)Ediciones Issue SpaServicio Standar (Lanzado)	SI	12
8960481-8	Celia Leon (Litoral)	78445850-4	Envia Ltda	11	Servicio Standar	8960481-8/78445850-4/11	Celia Leon (Litoral)Envia LtdaServicio Standar	SI	12
8960481-8	Celia Leon (Litoral)	78293000-1	Global Courier SA	7	Retiro en ruta	8960481-8/78293000-1/7	Celia Leon (Litoral)Global Courier SARetiro en ruta	SI	7
8960481-8	Celia Leon (Litoral)	78293000-1	Global Courier SA	8	Retornos	8960481-8/78293000-1/8	Celia Leon (Litoral)Global Courier SARetornos	SI	7
8960481-8	Celia Leon (Litoral)	78293000-1	Global Courier SA	11	Servicio Standar	8960481-8/78293000-1/11	Celia Leon (Litoral)Global Courier SAServicio Standar	SI	12
8960481-8	Celia Leon (Litoral)	76631490-2	Global Med	11	Servicio Standar	8960481-8/76631490-2/11	Celia Leon (Litoral)Global MedServicio Standar	SI	12
8960481-8	Celia Leon (Litoral)	90106000-2	Grafica Quilicura	11	Servicio Standar	8960481-8/90106000-2/11	Celia Leon (Litoral)Grafica QuilicuraServicio Standar	SI	12
8960481-8	Celia Leon (Litoral)	90106000-2	Grafica Quilicura	25	Servicio Standar (R. Carabineros de chile)	8960481-8/90106000-2/25	Celia Leon (Litoral)Grafica QuilicuraServicio Standar (R. Carabineros de chile)	SI	12
8960481-8	Celia Leon (Litoral)	90106000-2	Grafica Quilicura	26	Servicio Standar (R. Los Heroes)	8960481-8/90106000-2/26	Celia Leon (Litoral)Grafica QuilicuraServicio Standar (R. Los Heroes)	SI	12
8960481-8	Celia Leon (Litoral)	77861584-3	Habasit	9	Servicio Sameday	8960481-8/77861584-3/9	Celia Leon (Litoral)HabasitServicio Sameday	SI	12
8960481-8	Celia Leon (Litoral)	77861584-3	Habasit	11	Servicio Standar	8960481-8/77861584-3/11	Celia Leon (Litoral)HabasitServicio Standar	SI	12
8960481-8	Celia Leon (Litoral)	76072176-K	Hemisferio Norte SA	11	Servicio Standar	8960481-8/76072176-K/11	Celia Leon (Litoral)Hemisferio Norte SAServicio Standar	SI	12
8960481-8	Celia Leon (Litoral)	76336423-2	Imprenta Babieca	11	Servicio Standar	8960481-8/76336423-2/11	Celia Leon (Litoral)Imprenta BabiecaServicio Standar	SI	12
8960481-8	Celia Leon (Litoral)	79840580-2	Imprenta Socias Ltda	11	Servicio Standar	8960481-8/79840580-2/11	Celia Leon (Litoral)Imprenta Socias LtdaServicio Standar	SI	12
8960481-8	Celia Leon (Litoral)	#N/D	La Hora	11	Servicio Standar	#N/D	Celia Leon (Litoral)La HoraServicio Standar	SI	12
8960481-8	Celia Leon (Litoral)	79500520-K	Maicao	2	Abastecimiento Uniformes	8960481-8/79500520-K/2	Celia Leon (Litoral)MaicaoAbastecimiento Uniformes	NO	0
8960481-8	Celia Leon (Litoral)	79500520-K	Maicao	3	Catalogo Publicitario	8960481-8/79500520-K/3	Celia Leon (Litoral)MaicaoCatalogo Publicitario	NO	0
8960481-8	Celia Leon (Litoral)	79500520-K	Maicao	4	Correspondencia diaria	8960481-8/79500520-K/4	Celia Leon (Litoral)MaicaoCorrespondencia diaria	NO	0
8960481-8	Celia Leon (Litoral)	79500520-K	Maicao	6	Material Publicitario	8960481-8/79500520-K/6	Celia Leon (Litoral)MaicaoMaterial Publicitario	NO	0
8960481-8	Celia Leon (Litoral)	79500520-K	Maicao	11	Servicio Standar	8960481-8/79500520-K/11	Celia Leon (Litoral)MaicaoServicio Standar	NO	0
8960481-8	Celia Leon (Litoral)	76057337-K	Nutrabody	16	Servicio Standar (Ecommerce)	8960481-8/76057337-K/16	Celia Leon (Litoral)NutrabodyServicio Standar (Ecommerce)	SI	12
8960481-8	Celia Leon (Litoral)	76710584-3	Opia Marcketing Spa	11	Servicio Standar	8960481-8/76710584-3/11	Celia Leon (Litoral)Opia Marcketing SpaServicio Standar	SI	12
8960481-8	Celia Leon (Litoral)	76012833-3	Rendic Hmnos	8	Retornos	8960481-8/76012833-3/8	Celia Leon (Litoral)Rendic HmnosRetornos	SI	7
8960481-8	Celia Leon (Litoral)	76012833-3	Rendic Hmnos	12	Servicio Standar (Alvi)	8960481-8/76012833-3/12	Celia Leon (Litoral)Rendic HmnosServicio Standar (Alvi)	SI	12
8960481-8	Celia Leon (Litoral)	76012833-3	Rendic Hmnos	22	Servicio Standar (Of. Central)	8960481-8/76012833-3/22	Celia Leon (Litoral)Rendic HmnosServicio Standar (Of. Central)	SI	12
8960481-8	Celia Leon (Litoral)	76012833-3	Rendic Hmnos	23	Servicio Standar (Proveedores)	8960481-8/76012833-3/23	Celia Leon (Litoral)Rendic HmnosServicio Standar (Proveedores)	SI	12
8960481-8	Celia Leon (Litoral)	76012833-3	Rendic Hmnos	32	Servicio Standar (Tecnologia)	8960481-8/76012833-3/32	Celia Leon (Litoral)Rendic HmnosServicio Standar (Tecnologia)	SI	12
8960481-8	Celia Leon (Litoral)	76012833-3	Rendic Hmnos	34	Servicio Standar (Valijas)	8960481-8/76012833-3/34	Celia Leon (Litoral)Rendic HmnosServicio Standar (Valijas)	NO	0
8960481-8	Celia Leon (Litoral)	76263819-3	Revesderecho	16	Servicio Standar (Ecommerce)	8960481-8/76263819-3/16	Celia Leon (Litoral)RevesderechoServicio Standar (Ecommerce)	SI	5
8960481-8	Celia Leon (Litoral)	76263819-3	Revesderecho	21	Servicio Standar (Mayorista)	8960481-8/76263819-3/21	Celia Leon (Litoral)RevesderechoServicio Standar (Mayorista)	NO	0
8960481-8	Celia Leon (Litoral)	76263819-3	Revesderecho	27	Servicio Standar (R. Tiendas)	8960481-8/76263819-3/27	Celia Leon (Litoral)RevesderechoServicio Standar (R. Tiendas)	NO	0
8960481-8	Celia Leon (Litoral)	76263819-3	Revesderecho	28	Servicio Standar (Retail)	8960481-8/76263819-3/28	Celia Leon (Litoral)RevesderechoServicio Standar (Retail)	NO	0
8960481-8	Celia Leon (Litoral)	76263819-3	Revesderecho	29	Servicio Standar (Retorno)	8960481-8/76263819-3/29	Celia Leon (Litoral)RevesderechoServicio Standar (Retorno)	NO	0
8960481-8	Celia Leon (Litoral)	76263819-3	Revesderecho	30	Servicio Standar (SAC)	8960481-8/76263819-3/30	Celia Leon (Litoral)RevesderechoServicio Standar (SAC)	SI	5
8960481-8	Celia Leon (Litoral)	#N/D	Solventa	11	Servicio Standar	#N/D	Celia Leon (Litoral)SolventaServicio Standar	SI	12
8960481-8	Celia Leon (Litoral)	78347433-6	The Planners Group Spa	11	Servicio Standar	8960481-8/78347433-6/11	Celia Leon (Litoral)The Planners Group SpaServicio Standar	SI	12
8960481-8	Celia Leon (Litoral)	76058647-1	Verisure Spa	8	Retornos	8960481-8/76058647-1/8	Celia Leon (Litoral)Verisure SpaRetornos	SI	7
8960481-8	Celia Leon (Litoral)	76058647-1	Verisure Spa	11	Servicio Standar	8960481-8/76058647-1/11	Celia Leon (Litoral)Verisure SpaServicio Standar	SI	12
8960481-8	Celia Leon (Litoral)	76713273-5	(HN Metales) Inversiones Saldivia Spa	11	Servicio Standar	8960481-8/76713273-5/11	Celia Leon (Litoral)(HN Metales) Inversiones Saldivia SpaServicio Standar	SI	12
8960481-8	Celia Leon (Litoral)	#N/D	(Orquidea) Hilanderia Maisa	16	Servicio Standar (Ecommerce)	#N/D	Celia Leon (Litoral)(Orquidea) Hilanderia MaisaServicio Standar (Ecommerce)	SI	12
8960481-8	Celia Leon (Litoral)	79647180-8	Comercial Reginella Ltda	16	Servicio Standar (Ecommerce)	8960481-8/79647180-8/16	Celia Leon (Litoral)Comercial Reginella LtdaServicio Standar (Ecommerce)	SI	6
8960481-8	Celia Leon (Litoral)	78599750-6	InduAmbiente	20	Servicio Standar (Lanzado)	8960481-8/78599750-6/20	Celia Leon (Litoral)InduAmbienteServicio Standar (Lanzado)	SI	12
8960481-8	Celia Leon (Litoral)	60910000-1	Universidad de chile	11	Servicio Standar	8960481-8/60910000-1/11	Celia Leon (Litoral)Universidad de chileServicio Standar	SI	12
8960481-8	Celia Leon (Litoral)	77970068-2	Vinilo	11	Servicio Standar	8960481-8/77970068-2/11	Celia Leon (Litoral)ViniloServicio Standar	SI	12
77300326-2	Claudio Castro (Antofagasta)	76288430-5	(Postalchile) Sociedad De Distribucion Y Logistica Postalchile Ltda	15	Servicio Standar (Correspondencia)	77300326-2/76288430-5/15	Claudio Castro (Antofagasta)(Postalchile) Sociedad De Distribucion Y Logistica Postalchile LtdaServicio Standar (Correspondencia)	SI	2
77300326-2	Claudio Castro (Antofagasta)	76288430-5	(Postalchile) Sociedad De Distribucion Y Logistica Postalchile Ltda	16	Servicio Standar (Ecommerce)	77300326-2/76288430-5/16	Claudio Castro (Antofagasta)(Postalchile) Sociedad De Distribucion Y Logistica Postalchile LtdaServicio Standar (Ecommerce)	SI	2
77300326-2	Claudio Castro (Antofagasta)	76438001-0	(R. Ambiente) Ambiente diseño y Comunicacion Spa	11	Servicio Standar	77300326-2/76438001-0/11	Claudio Castro (Antofagasta)(R. Ambiente) Ambiente diseño y Comunicacion SpaServicio Standar	SI	15
77300326-2	Claudio Castro (Antofagasta)	77415130-3	(Ushop) Articulos Publicitarios LW	11	Servicio Standar	77300326-2/77415130-3/11	Claudio Castro (Antofagasta)(Ushop) Articulos Publicitarios LWServicio Standar	SI	2
77300326-2	Claudio Castro (Antofagasta)	77415130-3	(Ushop) Articulos Publicitarios LW	18	Servicio Standar (GMPI)	77300326-2/77415130-3/18	Claudio Castro (Antofagasta)(Ushop) Articulos Publicitarios LWServicio Standar (GMPI)	SI	2
77300326-2	Claudio Castro (Antofagasta)	77346078-7	4Nortes	1	Abastecimiento de insumos	77300326-2/77346078-7/1	Claudio Castro (Antofagasta)4NortesAbastecimiento de insumos	NO	0
77300326-2	Claudio Castro (Antofagasta)	77346078-7	4Nortes	11	Servicio Standar	77300326-2/77346078-7/11	Claudio Castro (Antofagasta)4NortesServicio Standar	NO	0
77300326-2	Claudio Castro (Antofagasta)	77346078-7	4Nortes	13	Servicio Standar (Compra Agil)	77300326-2/77346078-7/13	Claudio Castro (Antofagasta)4NortesServicio Standar (Compra Agil)	SI	2
77300326-2	Claudio Castro (Antofagasta)	77419350-2	Adhegraf	11	Servicio Standar	77300326-2/77419350-2/11	Claudio Castro (Antofagasta)AdhegrafServicio Standar	SI	2
77300326-2	Claudio Castro (Antofagasta)	96830710-k	Aimpresores	11	Servicio Standar	77300326-2/96830710-k/11	Claudio Castro (Antofagasta)AimpresoresServicio Standar	SI	2
77300326-2	Claudio Castro (Antofagasta)	96830710-k	Aimpresores	14	Servicio Standar (Condenast)	77300326-2/96830710-k/14	Claudio Castro (Antofagasta)AimpresoresServicio Standar (Condenast)	SI	2
77300326-2	Claudio Castro (Antofagasta)	96830710-k	Aimpresores	17	Servicio Standar (Fucoa)	77300326-2/96830710-k/17	Claudio Castro (Antofagasta)AimpresoresServicio Standar (Fucoa)	SI	2
77300326-2	Claudio Castro (Antofagasta)	77310592-8	BGB SPA	11	Servicio Standar	77300326-2/77310592-8/11	Claudio Castro (Antofagasta)BGB SPAServicio Standar	SI	2
77300326-2	Claudio Castro (Antofagasta)	81826800-9	Cajas Los Andes	8	Retornos	77300326-2/81826800-9/8	Claudio Castro (Antofagasta)Cajas Los AndesRetornos	SI	7
77300326-2	Claudio Castro (Antofagasta)	81826800-9	Cajas Los Andes	24	Servicio Standar (Providencia)	77300326-2/81826800-9/24	Claudio Castro (Antofagasta)Cajas Los AndesServicio Standar (Providencia)	SI	2
77300326-2	Claudio Castro (Antofagasta)	81826800-9	Cajas Los Andes	31	Servicio Standar (Stgo Alonso)	77300326-2/81826800-9/31	Claudio Castro (Antofagasta)Cajas Los AndesServicio Standar (Stgo Alonso)	SI	2
77300326-2	Claudio Castro (Antofagasta)	96950080-9	Chilepost	11	Servicio Standar	77300326-2/96950080-9/11	Claudio Castro (Antofagasta)ChilepostServicio Standar	SI	2
77300326-2	Claudio Castro (Antofagasta)	85037900-9	Comercial Peumo Ltda	33	Servicio Standar (V. Trabajadores)	77300326-2/85037900-9/33	Claudio Castro (Antofagasta)Comercial Peumo LtdaServicio Standar (V. Trabajadores)	REVISAR	0
77300326-2	Claudio Castro (Antofagasta)	79647180-8	Comercial Reginella Ltda	21	Servicio Standar (Mayorista)	77300326-2/79647180-8/21	Claudio Castro (Antofagasta)Comercial Reginella LtdaServicio Standar (Mayorista)	SI	6
77300326-2	Claudio Castro (Antofagasta)	76504464-2	Comercial VLB Ltda	11	Servicio Standar	77300326-2/76504464-2/11	Claudio Castro (Antofagasta)Comercial VLB LtdaServicio Standar	SI	2
77300326-2	Claudio Castro (Antofagasta)	96511460-2	Construmart	4	Correspondencia diaria	77300326-2/96511460-2/4	Claudio Castro (Antofagasta)ConstrumartCorrespondencia diaria	NO	0
77300326-2	Claudio Castro (Antofagasta)	96511460-2	Construmart	11	Servicio Standar	77300326-2/96511460-2/11	Claudio Castro (Antofagasta)ConstrumartServicio Standar	NO	0
77300326-2	Claudio Castro (Antofagasta)	89807200-2	Cruz Verde	3	Catalogo Publicitario	77300326-2/89807200-2/3	Claudio Castro (Antofagasta)Cruz VerdeCatalogo Publicitario	NO	0
77300326-2	Claudio Castro (Antofagasta)	89807200-2	Cruz Verde	5	Correspondencia diaria (Valijas)	77300326-2/89807200-2/5	Claudio Castro (Antofagasta)Cruz VerdeCorrespondencia diaria (Valijas)	NO	0
77300326-2	Claudio Castro (Antofagasta)	89807200-2	Cruz Verde	6	Material Publicitario	77300326-2/89807200-2/6	Claudio Castro (Antofagasta)Cruz VerdeMaterial Publicitario	NO	0
77300326-2	Claudio Castro (Antofagasta)	89807200-2	Cruz Verde	7	Retiro en ruta	77300326-2/89807200-2/7	Claudio Castro (Antofagasta)Cruz VerdeRetiro en ruta	NO	0
77300326-2	Claudio Castro (Antofagasta)	89807200-2	Cruz Verde	11	Servicio Standar	77300326-2/89807200-2/11	Claudio Castro (Antofagasta)Cruz VerdeServicio Standar	NO	0
77300326-2	Claudio Castro (Antofagasta)	89807200-2	Cruz Verde	19	Servicio Standar (Kit de ingreso)	77300326-2/89807200-2/19	Claudio Castro (Antofagasta)Cruz VerdeServicio Standar (Kit de ingreso)	NO	0
77300326-2	Claudio Castro (Antofagasta)	#N/D	Diario el Sur	11	Servicio Standar	#N/D	Claudio Castro (Antofagasta)Diario el SurServicio Standar	SI	2
77300326-2	Claudio Castro (Antofagasta)	#N/D	Disalcar	11	Servicio Standar	#N/D	Claudio Castro (Antofagasta)DisalcarServicio Standar	SI	2
77300326-2	Claudio Castro (Antofagasta)	78064534-2	Drop	11	Servicio Standar	77300326-2/78064534-2/11	Claudio Castro (Antofagasta)DropServicio Standar	SI	2
77300326-2	Claudio Castro (Antofagasta)	77907823-K	Ecopaños y Huaipes SPA	11	Servicio Standar	77300326-2/77907823-K/11	Claudio Castro (Antofagasta)Ecopaños y Huaipes SPAServicio Standar	SI	2
77300326-2	Claudio Castro (Antofagasta)	76377752-9	Ediciones Issue Spa	20	Servicio Standar (Lanzado)	77300326-2/76377752-9/20	Claudio Castro (Antofagasta)Ediciones Issue SpaServicio Standar (Lanzado)	SI	2
77300326-2	Claudio Castro (Antofagasta)	78445850-4	Envia Ltda	11	Servicio Standar	77300326-2/78445850-4/11	Claudio Castro (Antofagasta)Envia LtdaServicio Standar	SI	2
77300326-2	Claudio Castro (Antofagasta)	78293000-1	Global Courier SA	7	Retiro en ruta	77300326-2/78293000-1/7	Claudio Castro (Antofagasta)Global Courier SARetiro en ruta	SI	7
77300326-2	Claudio Castro (Antofagasta)	78293000-1	Global Courier SA	8	Retornos	77300326-2/78293000-1/8	Claudio Castro (Antofagasta)Global Courier SARetornos	SI	7
77300326-2	Claudio Castro (Antofagasta)	78293000-1	Global Courier SA	11	Servicio Standar	77300326-2/78293000-1/11	Claudio Castro (Antofagasta)Global Courier SAServicio Standar	SI	2
77300326-2	Claudio Castro (Antofagasta)	76631490-2	Global Med	11	Servicio Standar	77300326-2/76631490-2/11	Claudio Castro (Antofagasta)Global MedServicio Standar	SI	2
77300326-2	Claudio Castro (Antofagasta)	90106000-2	Grafica Quilicura	11	Servicio Standar	77300326-2/90106000-2/11	Claudio Castro (Antofagasta)Grafica QuilicuraServicio Standar	SI	2
77300326-2	Claudio Castro (Antofagasta)	90106000-2	Grafica Quilicura	25	Servicio Standar (R. Carabineros de chile)	77300326-2/90106000-2/25	Claudio Castro (Antofagasta)Grafica QuilicuraServicio Standar (R. Carabineros de chile)	SI	2
77300326-2	Claudio Castro (Antofagasta)	90106000-2	Grafica Quilicura	26	Servicio Standar (R. Los Heroes)	77300326-2/90106000-2/26	Claudio Castro (Antofagasta)Grafica QuilicuraServicio Standar (R. Los Heroes)	SI	2
77300326-2	Claudio Castro (Antofagasta)	77861584-3	Habasit	9	Servicio Sameday	77300326-2/77861584-3/9	Claudio Castro (Antofagasta)HabasitServicio Sameday	SI	2
77300326-2	Claudio Castro (Antofagasta)	77861584-3	Habasit	11	Servicio Standar	77300326-2/77861584-3/11	Claudio Castro (Antofagasta)HabasitServicio Standar	SI	2
77300326-2	Claudio Castro (Antofagasta)	76072176-K	Hemisferio Norte SA	11	Servicio Standar	77300326-2/76072176-K/11	Claudio Castro (Antofagasta)Hemisferio Norte SAServicio Standar	SI	2
77300326-2	Claudio Castro (Antofagasta)	76336423-2	Imprenta Babieca	11	Servicio Standar	77300326-2/76336423-2/11	Claudio Castro (Antofagasta)Imprenta BabiecaServicio Standar	SI	2
77300326-2	Claudio Castro (Antofagasta)	79840580-2	Imprenta Socias Ltda	11	Servicio Standar	77300326-2/79840580-2/11	Claudio Castro (Antofagasta)Imprenta Socias LtdaServicio Standar	SI	2
77300326-2	Claudio Castro (Antofagasta)	#N/D	La Hora	11	Servicio Standar	#N/D	Claudio Castro (Antofagasta)La HoraServicio Standar	SI	2
77300326-2	Claudio Castro (Antofagasta)	79500520-K	Maicao	2	Abastecimiento Uniformes	77300326-2/79500520-K/2	Claudio Castro (Antofagasta)MaicaoAbastecimiento Uniformes	SI	2
77300326-2	Claudio Castro (Antofagasta)	79500520-K	Maicao	3	Catalogo Publicitario	77300326-2/79500520-K/3	Claudio Castro (Antofagasta)MaicaoCatalogo Publicitario	NO	0
77300326-2	Claudio Castro (Antofagasta)	79500520-K	Maicao	4	Correspondencia diaria	77300326-2/79500520-K/4	Claudio Castro (Antofagasta)MaicaoCorrespondencia diaria	NO	0
77300326-2	Claudio Castro (Antofagasta)	79500520-K	Maicao	6	Material Publicitario	77300326-2/79500520-K/6	Claudio Castro (Antofagasta)MaicaoMaterial Publicitario	NO	0
77300326-2	Claudio Castro (Antofagasta)	79500520-K	Maicao	11	Servicio Standar	77300326-2/79500520-K/11	Claudio Castro (Antofagasta)MaicaoServicio Standar	NO	0
77300326-2	Claudio Castro (Antofagasta)	76057337-K	Nutrabody	16	Servicio Standar (Ecommerce)	77300326-2/76057337-K/16	Claudio Castro (Antofagasta)NutrabodyServicio Standar (Ecommerce)	SI	2
77300326-2	Claudio Castro (Antofagasta)	76710584-3	Opia Marcketing Spa	11	Servicio Standar	77300326-2/76710584-3/11	Claudio Castro (Antofagasta)Opia Marcketing SpaServicio Standar	SI	2
77300326-2	Claudio Castro (Antofagasta)	76012833-3	Rendic Hmnos	8	Retornos	77300326-2/76012833-3/8	Claudio Castro (Antofagasta)Rendic HmnosRetornos	SI	7
77300326-2	Claudio Castro (Antofagasta)	76012833-3	Rendic Hmnos	12	Servicio Standar (Alvi)	77300326-2/76012833-3/12	Claudio Castro (Antofagasta)Rendic HmnosServicio Standar (Alvi)	SI	2
77300326-2	Claudio Castro (Antofagasta)	76012833-3	Rendic Hmnos	22	Servicio Standar (Of. Central)	77300326-2/76012833-3/22	Claudio Castro (Antofagasta)Rendic HmnosServicio Standar (Of. Central)	SI	2
77300326-2	Claudio Castro (Antofagasta)	76012833-3	Rendic Hmnos	23	Servicio Standar (Proveedores)	77300326-2/76012833-3/23	Claudio Castro (Antofagasta)Rendic HmnosServicio Standar (Proveedores)	SI	2
77300326-2	Claudio Castro (Antofagasta)	76012833-3	Rendic Hmnos	32	Servicio Standar (Tecnologia)	77300326-2/76012833-3/32	Claudio Castro (Antofagasta)Rendic HmnosServicio Standar (Tecnologia)	SI	2
77300326-2	Claudio Castro (Antofagasta)	76012833-3	Rendic Hmnos	34	Servicio Standar (Valijas)	77300326-2/76012833-3/34	Claudio Castro (Antofagasta)Rendic HmnosServicio Standar (Valijas)	NO	0
77300326-2	Claudio Castro (Antofagasta)	76263819-3	Revesderecho	16	Servicio Standar (Ecommerce)	77300326-2/76263819-3/16	Claudio Castro (Antofagasta)RevesderechoServicio Standar (Ecommerce)	SI	5
77300326-2	Claudio Castro (Antofagasta)	76263819-3	Revesderecho	21	Servicio Standar (Mayorista)	77300326-2/76263819-3/21	Claudio Castro (Antofagasta)RevesderechoServicio Standar (Mayorista)	NO	0
77300326-2	Claudio Castro (Antofagasta)	76263819-3	Revesderecho	27	Servicio Standar (R. Tiendas)	77300326-2/76263819-3/27	Claudio Castro (Antofagasta)RevesderechoServicio Standar (R. Tiendas)	SI	6
77300326-2	Claudio Castro (Antofagasta)	76263819-3	Revesderecho	28	Servicio Standar (Retail)	77300326-2/76263819-3/28	Claudio Castro (Antofagasta)RevesderechoServicio Standar (Retail)	SI	6
77300326-2	Claudio Castro (Antofagasta)	76263819-3	Revesderecho	29	Servicio Standar (Retorno)	77300326-2/76263819-3/29	Claudio Castro (Antofagasta)RevesderechoServicio Standar (Retorno)	NO	0
77300326-2	Claudio Castro (Antofagasta)	76263819-3	Revesderecho	30	Servicio Standar (SAC)	77300326-2/76263819-3/30	Claudio Castro (Antofagasta)RevesderechoServicio Standar (SAC)	SI	5
77300326-2	Claudio Castro (Antofagasta)	#N/D	Solventa	11	Servicio Standar	#N/D	Claudio Castro (Antofagasta)SolventaServicio Standar	NO	0
77300326-2	Claudio Castro (Antofagasta)	78347433-6	The Planners Group Spa	11	Servicio Standar	77300326-2/78347433-6/11	Claudio Castro (Antofagasta)The Planners Group SpaServicio Standar	SI	2
77300326-2	Claudio Castro (Antofagasta)	76058647-1	Verisure Spa	8	Retornos	77300326-2/76058647-1/8	Claudio Castro (Antofagasta)Verisure SpaRetornos	SI	7
77300326-2	Claudio Castro (Antofagasta)	76058647-1	Verisure Spa	11	Servicio Standar	77300326-2/76058647-1/11	Claudio Castro (Antofagasta)Verisure SpaServicio Standar	SI	2
77300326-2	Claudio Castro (Antofagasta)	76713273-5	(HN Metales) Inversiones Saldivia Spa	11	Servicio Standar	77300326-2/76713273-5/11	Claudio Castro (Antofagasta)(HN Metales) Inversiones Saldivia SpaServicio Standar	SI	2
77300326-2	Claudio Castro (Antofagasta)	#N/D	(Orquidea) Hilanderia Maisa	16	Servicio Standar (Ecommerce)	#N/D	Claudio Castro (Antofagasta)(Orquidea) Hilanderia MaisaServicio Standar (Ecommerce)	SI	2
77300326-2	Claudio Castro (Antofagasta)	79647180-8	Comercial Reginella Ltda	16	Servicio Standar (Ecommerce)	77300326-2/79647180-8/16	Claudio Castro (Antofagasta)Comercial Reginella LtdaServicio Standar (Ecommerce)	SI	6
77300326-2	Claudio Castro (Antofagasta)	78599750-6	InduAmbiente	20	Servicio Standar (Lanzado)	77300326-2/78599750-6/20	Claudio Castro (Antofagasta)InduAmbienteServicio Standar (Lanzado)	SI	2
77300326-2	Claudio Castro (Antofagasta)	60910000-1	Universidad de chile	11	Servicio Standar	77300326-2/60910000-1/11	Claudio Castro (Antofagasta)Universidad de chileServicio Standar	SI	2
77300326-2	Claudio Castro (Antofagasta)	77970068-2	Vinilo	11	Servicio Standar	77300326-2/77970068-2/11	Claudio Castro (Antofagasta)ViniloServicio Standar	SI	2
76064767-5	Daphne Katalina Meza Ramos (San Fernando)	76288430-5	(Postalchile) Sociedad De Distribucion Y Logistica Postalchile Ltda	15	Servicio Standar (Correspondencia)	76064767-5/76288430-5/15	Daphne Katalina Meza Ramos (San Fernando)(Postalchile) Sociedad De Distribucion Y Logistica Postalchile LtdaServicio Standar (Correspondencia)	SI	16
76064767-5	Daphne Katalina Meza Ramos (San Fernando)	76288430-5	(Postalchile) Sociedad De Distribucion Y Logistica Postalchile Ltda	16	Servicio Standar (Ecommerce)	76064767-5/76288430-5/16	Daphne Katalina Meza Ramos (San Fernando)(Postalchile) Sociedad De Distribucion Y Logistica Postalchile LtdaServicio Standar (Ecommerce)	SI	16
76064767-5	Daphne Katalina Meza Ramos (San Fernando)	76438001-0	(R. Ambiente) Ambiente diseño y Comunicacion Spa	11	Servicio Standar	76064767-5/76438001-0/11	Daphne Katalina Meza Ramos (San Fernando)(R. Ambiente) Ambiente diseño y Comunicacion SpaServicio Standar	SI	15
76064767-5	Daphne Katalina Meza Ramos (San Fernando)	77415130-3	(Ushop) Articulos Publicitarios LW	11	Servicio Standar	76064767-5/77415130-3/11	Daphne Katalina Meza Ramos (San Fernando)(Ushop) Articulos Publicitarios LWServicio Standar	SI	16
76064767-5	Daphne Katalina Meza Ramos (San Fernando)	77415130-3	(Ushop) Articulos Publicitarios LW	18	Servicio Standar (GMPI)	76064767-5/77415130-3/18	Daphne Katalina Meza Ramos (San Fernando)(Ushop) Articulos Publicitarios LWServicio Standar (GMPI)	SI	16
76064767-5	Daphne Katalina Meza Ramos (San Fernando)	77346078-7	4Nortes	1	Abastecimiento de insumos	76064767-5/77346078-7/1	Daphne Katalina Meza Ramos (San Fernando)4NortesAbastecimiento de insumos	NO	0
76064767-5	Daphne Katalina Meza Ramos (San Fernando)	77346078-7	4Nortes	11	Servicio Standar	76064767-5/77346078-7/11	Daphne Katalina Meza Ramos (San Fernando)4NortesServicio Standar	NO	0
76064767-5	Daphne Katalina Meza Ramos (San Fernando)	77346078-7	4Nortes	13	Servicio Standar (Compra Agil)	76064767-5/77346078-7/13	Daphne Katalina Meza Ramos (San Fernando)4NortesServicio Standar (Compra Agil)	SI	16
76064767-5	Daphne Katalina Meza Ramos (San Fernando)	77419350-2	Adhegraf	11	Servicio Standar	76064767-5/77419350-2/11	Daphne Katalina Meza Ramos (San Fernando)AdhegrafServicio Standar	SI	16
76064767-5	Daphne Katalina Meza Ramos (San Fernando)	96830710-k	Aimpresores	11	Servicio Standar	76064767-5/96830710-k/11	Daphne Katalina Meza Ramos (San Fernando)AimpresoresServicio Standar	SI	16
76064767-5	Daphne Katalina Meza Ramos (San Fernando)	96830710-k	Aimpresores	14	Servicio Standar (Condenast)	76064767-5/96830710-k/14	Daphne Katalina Meza Ramos (San Fernando)AimpresoresServicio Standar (Condenast)	SI	16
76064767-5	Daphne Katalina Meza Ramos (San Fernando)	96830710-k	Aimpresores	17	Servicio Standar (Fucoa)	76064767-5/96830710-k/17	Daphne Katalina Meza Ramos (San Fernando)AimpresoresServicio Standar (Fucoa)	SI	16
76064767-5	Daphne Katalina Meza Ramos (San Fernando)	77310592-8	BGB SPA	11	Servicio Standar	76064767-5/77310592-8/11	Daphne Katalina Meza Ramos (San Fernando)BGB SPAServicio Standar	SI	16
76064767-5	Daphne Katalina Meza Ramos (San Fernando)	81826800-9	Cajas Los Andes	8	Retornos	76064767-5/81826800-9/8	Daphne Katalina Meza Ramos (San Fernando)Cajas Los AndesRetornos	NO	0
76064767-5	Daphne Katalina Meza Ramos (San Fernando)	81826800-9	Cajas Los Andes	24	Servicio Standar (Providencia)	76064767-5/81826800-9/24	Daphne Katalina Meza Ramos (San Fernando)Cajas Los AndesServicio Standar (Providencia)	SI	16
76064767-5	Daphne Katalina Meza Ramos (San Fernando)	81826800-9	Cajas Los Andes	31	Servicio Standar (Stgo Alonso)	76064767-5/81826800-9/31	Daphne Katalina Meza Ramos (San Fernando)Cajas Los AndesServicio Standar (Stgo Alonso)	SI	16
76064767-5	Daphne Katalina Meza Ramos (San Fernando)	96950080-9	Chilepost	11	Servicio Standar	76064767-5/96950080-9/11	Daphne Katalina Meza Ramos (San Fernando)ChilepostServicio Standar	SI	16
76064767-5	Daphne Katalina Meza Ramos (San Fernando)	85037900-9	Comercial Peumo Ltda	33	Servicio Standar (V. Trabajadores)	76064767-5/85037900-9/33	Daphne Katalina Meza Ramos (San Fernando)Comercial Peumo LtdaServicio Standar (V. Trabajadores)	REVISAR	0
76064767-5	Daphne Katalina Meza Ramos (San Fernando)	79647180-8	Comercial Reginella Ltda	21	Servicio Standar (Mayorista)	76064767-5/79647180-8/21	Daphne Katalina Meza Ramos (San Fernando)Comercial Reginella LtdaServicio Standar (Mayorista)	SI	6
76064767-5	Daphne Katalina Meza Ramos (San Fernando)	76504464-2	Comercial VLB Ltda	11	Servicio Standar	76064767-5/76504464-2/11	Daphne Katalina Meza Ramos (San Fernando)Comercial VLB LtdaServicio Standar	SI	16
76064767-5	Daphne Katalina Meza Ramos (San Fernando)	96511460-2	Construmart	4	Correspondencia diaria	76064767-5/96511460-2/4	Daphne Katalina Meza Ramos (San Fernando)ConstrumartCorrespondencia diaria	NO	0
76064767-5	Daphne Katalina Meza Ramos (San Fernando)	96511460-2	Construmart	11	Servicio Standar	76064767-5/96511460-2/11	Daphne Katalina Meza Ramos (San Fernando)ConstrumartServicio Standar	NO	0
76064767-5	Daphne Katalina Meza Ramos (San Fernando)	89807200-2	Cruz Verde	3	Catalogo Publicitario	76064767-5/89807200-2/3	Daphne Katalina Meza Ramos (San Fernando)Cruz VerdeCatalogo Publicitario	NO	0
76064767-5	Daphne Katalina Meza Ramos (San Fernando)	89807200-2	Cruz Verde	5	Correspondencia diaria (Valijas)	76064767-5/89807200-2/5	Daphne Katalina Meza Ramos (San Fernando)Cruz VerdeCorrespondencia diaria (Valijas)	NO	0
76064767-5	Daphne Katalina Meza Ramos (San Fernando)	89807200-2	Cruz Verde	6	Material Publicitario	76064767-5/89807200-2/6	Daphne Katalina Meza Ramos (San Fernando)Cruz VerdeMaterial Publicitario	NO	0
76064767-5	Daphne Katalina Meza Ramos (San Fernando)	89807200-2	Cruz Verde	7	Retiro en ruta	76064767-5/89807200-2/7	Daphne Katalina Meza Ramos (San Fernando)Cruz VerdeRetiro en ruta	NO	0
76064767-5	Daphne Katalina Meza Ramos (San Fernando)	89807200-2	Cruz Verde	11	Servicio Standar	76064767-5/89807200-2/11	Daphne Katalina Meza Ramos (San Fernando)Cruz VerdeServicio Standar	NO	0
76064767-5	Daphne Katalina Meza Ramos (San Fernando)	89807200-2	Cruz Verde	19	Servicio Standar (Kit de ingreso)	76064767-5/89807200-2/19	Daphne Katalina Meza Ramos (San Fernando)Cruz VerdeServicio Standar (Kit de ingreso)	NO	0
76064767-5	Daphne Katalina Meza Ramos (San Fernando)	#N/D	Diario el Sur	11	Servicio Standar	#N/D	Daphne Katalina Meza Ramos (San Fernando)Diario el SurServicio Standar	SI	16
76064767-5	Daphne Katalina Meza Ramos (San Fernando)	#N/D	Disalcar	11	Servicio Standar	#N/D	Daphne Katalina Meza Ramos (San Fernando)DisalcarServicio Standar	SI	16
76064767-5	Daphne Katalina Meza Ramos (San Fernando)	78064534-2	Drop	11	Servicio Standar	76064767-5/78064534-2/11	Daphne Katalina Meza Ramos (San Fernando)DropServicio Standar	SI	16
76064767-5	Daphne Katalina Meza Ramos (San Fernando)	77907823-K	Ecopaños y Huaipes SPA	11	Servicio Standar	76064767-5/77907823-K/11	Daphne Katalina Meza Ramos (San Fernando)Ecopaños y Huaipes SPAServicio Standar	SI	16
76064767-5	Daphne Katalina Meza Ramos (San Fernando)	76377752-9	Ediciones Issue Spa	20	Servicio Standar (Lanzado)	76064767-5/76377752-9/20	Daphne Katalina Meza Ramos (San Fernando)Ediciones Issue SpaServicio Standar (Lanzado)	SI	16
76064767-5	Daphne Katalina Meza Ramos (San Fernando)	78445850-4	Envia Ltda	11	Servicio Standar	76064767-5/78445850-4/11	Daphne Katalina Meza Ramos (San Fernando)Envia LtdaServicio Standar	SI	16
76064767-5	Daphne Katalina Meza Ramos (San Fernando)	78293000-1	Global Courier SA	7	Retiro en ruta	76064767-5/78293000-1/7	Daphne Katalina Meza Ramos (San Fernando)Global Courier SARetiro en ruta	NO	0
76064767-5	Daphne Katalina Meza Ramos (San Fernando)	78293000-1	Global Courier SA	8	Retornos	76064767-5/78293000-1/8	Daphne Katalina Meza Ramos (San Fernando)Global Courier SARetornos	NO	0
76064767-5	Daphne Katalina Meza Ramos (San Fernando)	78293000-1	Global Courier SA	11	Servicio Standar	76064767-5/78293000-1/11	Daphne Katalina Meza Ramos (San Fernando)Global Courier SAServicio Standar	SI	16
76064767-5	Daphne Katalina Meza Ramos (San Fernando)	76631490-2	Global Med	11	Servicio Standar	76064767-5/76631490-2/11	Daphne Katalina Meza Ramos (San Fernando)Global MedServicio Standar	SI	16
76064767-5	Daphne Katalina Meza Ramos (San Fernando)	90106000-2	Grafica Quilicura	11	Servicio Standar	76064767-5/90106000-2/11	Daphne Katalina Meza Ramos (San Fernando)Grafica QuilicuraServicio Standar	SI	16
76064767-5	Daphne Katalina Meza Ramos (San Fernando)	90106000-2	Grafica Quilicura	25	Servicio Standar (R. Carabineros de chile)	76064767-5/90106000-2/25	Daphne Katalina Meza Ramos (San Fernando)Grafica QuilicuraServicio Standar (R. Carabineros de chile)	SI	16
76064767-5	Daphne Katalina Meza Ramos (San Fernando)	90106000-2	Grafica Quilicura	26	Servicio Standar (R. Los Heroes)	76064767-5/90106000-2/26	Daphne Katalina Meza Ramos (San Fernando)Grafica QuilicuraServicio Standar (R. Los Heroes)	SI	16
76064767-5	Daphne Katalina Meza Ramos (San Fernando)	77861584-3	Habasit	9	Servicio Sameday	76064767-5/77861584-3/9	Daphne Katalina Meza Ramos (San Fernando)HabasitServicio Sameday	SI	16
76064767-5	Daphne Katalina Meza Ramos (San Fernando)	77861584-3	Habasit	11	Servicio Standar	76064767-5/77861584-3/11	Daphne Katalina Meza Ramos (San Fernando)HabasitServicio Standar	SI	16
76064767-5	Daphne Katalina Meza Ramos (San Fernando)	76072176-K	Hemisferio Norte SA	11	Servicio Standar	76064767-5/76072176-K/11	Daphne Katalina Meza Ramos (San Fernando)Hemisferio Norte SAServicio Standar	SI	16
76064767-5	Daphne Katalina Meza Ramos (San Fernando)	76336423-2	Imprenta Babieca	11	Servicio Standar	76064767-5/76336423-2/11	Daphne Katalina Meza Ramos (San Fernando)Imprenta BabiecaServicio Standar	SI	16
76064767-5	Daphne Katalina Meza Ramos (San Fernando)	79840580-2	Imprenta Socias Ltda	11	Servicio Standar	76064767-5/79840580-2/11	Daphne Katalina Meza Ramos (San Fernando)Imprenta Socias LtdaServicio Standar	SI	16
76064767-5	Daphne Katalina Meza Ramos (San Fernando)	#N/D	La Hora	11	Servicio Standar	#N/D	Daphne Katalina Meza Ramos (San Fernando)La HoraServicio Standar	SI	16
76064767-5	Daphne Katalina Meza Ramos (San Fernando)	79500520-K	Maicao	2	Abastecimiento Uniformes	76064767-5/79500520-K/2	Daphne Katalina Meza Ramos (San Fernando)MaicaoAbastecimiento Uniformes	NO	0
76064767-5	Daphne Katalina Meza Ramos (San Fernando)	79500520-K	Maicao	3	Catalogo Publicitario	76064767-5/79500520-K/3	Daphne Katalina Meza Ramos (San Fernando)MaicaoCatalogo Publicitario	NO	0
76064767-5	Daphne Katalina Meza Ramos (San Fernando)	79500520-K	Maicao	4	Correspondencia diaria	76064767-5/79500520-K/4	Daphne Katalina Meza Ramos (San Fernando)MaicaoCorrespondencia diaria	SI	16
76064767-5	Daphne Katalina Meza Ramos (San Fernando)	79500520-K	Maicao	6	Material Publicitario	76064767-5/79500520-K/6	Daphne Katalina Meza Ramos (San Fernando)MaicaoMaterial Publicitario	NO	0
76064767-5	Daphne Katalina Meza Ramos (San Fernando)	79500520-K	Maicao	11	Servicio Standar	76064767-5/79500520-K/11	Daphne Katalina Meza Ramos (San Fernando)MaicaoServicio Standar	NO	0
76064767-5	Daphne Katalina Meza Ramos (San Fernando)	76057337-K	Nutrabody	16	Servicio Standar (Ecommerce)	76064767-5/76057337-K/16	Daphne Katalina Meza Ramos (San Fernando)NutrabodyServicio Standar (Ecommerce)	SI	16
76064767-5	Daphne Katalina Meza Ramos (San Fernando)	76710584-3	Opia Marcketing Spa	11	Servicio Standar	76064767-5/76710584-3/11	Daphne Katalina Meza Ramos (San Fernando)Opia Marcketing SpaServicio Standar	SI	16
76064767-5	Daphne Katalina Meza Ramos (San Fernando)	76012833-3	Rendic Hmnos	8	Retornos	76064767-5/76012833-3/8	Daphne Katalina Meza Ramos (San Fernando)Rendic HmnosRetornos	NO	0
76064767-5	Daphne Katalina Meza Ramos (San Fernando)	76012833-3	Rendic Hmnos	12	Servicio Standar (Alvi)	76064767-5/76012833-3/12	Daphne Katalina Meza Ramos (San Fernando)Rendic HmnosServicio Standar (Alvi)	SI	16
76064767-5	Daphne Katalina Meza Ramos (San Fernando)	76012833-3	Rendic Hmnos	22	Servicio Standar (Of. Central)	76064767-5/76012833-3/22	Daphne Katalina Meza Ramos (San Fernando)Rendic HmnosServicio Standar (Of. Central)	SI	16
76064767-5	Daphne Katalina Meza Ramos (San Fernando)	76012833-3	Rendic Hmnos	23	Servicio Standar (Proveedores)	76064767-5/76012833-3/23	Daphne Katalina Meza Ramos (San Fernando)Rendic HmnosServicio Standar (Proveedores)	SI	16
76064767-5	Daphne Katalina Meza Ramos (San Fernando)	76012833-3	Rendic Hmnos	32	Servicio Standar (Tecnologia)	76064767-5/76012833-3/32	Daphne Katalina Meza Ramos (San Fernando)Rendic HmnosServicio Standar (Tecnologia)	SI	16
76064767-5	Daphne Katalina Meza Ramos (San Fernando)	76012833-3	Rendic Hmnos	34	Servicio Standar (Valijas)	76064767-5/76012833-3/34	Daphne Katalina Meza Ramos (San Fernando)Rendic HmnosServicio Standar (Valijas)	NO	0
76064767-5	Daphne Katalina Meza Ramos (San Fernando)	76263819-3	Revesderecho	16	Servicio Standar (Ecommerce)	76064767-5/76263819-3/16	Daphne Katalina Meza Ramos (San Fernando)RevesderechoServicio Standar (Ecommerce)	SI	5
76064767-5	Daphne Katalina Meza Ramos (San Fernando)	76263819-3	Revesderecho	21	Servicio Standar (Mayorista)	76064767-5/76263819-3/21	Daphne Katalina Meza Ramos (San Fernando)RevesderechoServicio Standar (Mayorista)	NO	0
76064767-5	Daphne Katalina Meza Ramos (San Fernando)	76263819-3	Revesderecho	27	Servicio Standar (R. Tiendas)	76064767-5/76263819-3/27	Daphne Katalina Meza Ramos (San Fernando)RevesderechoServicio Standar (R. Tiendas)	SI	6
76064767-5	Daphne Katalina Meza Ramos (San Fernando)	76263819-3	Revesderecho	28	Servicio Standar (Retail)	76064767-5/76263819-3/28	Daphne Katalina Meza Ramos (San Fernando)RevesderechoServicio Standar (Retail)	SI	6
76064767-5	Daphne Katalina Meza Ramos (San Fernando)	76263819-3	Revesderecho	29	Servicio Standar (Retorno)	76064767-5/76263819-3/29	Daphne Katalina Meza Ramos (San Fernando)RevesderechoServicio Standar (Retorno)	SI	5
76064767-5	Daphne Katalina Meza Ramos (San Fernando)	76263819-3	Revesderecho	30	Servicio Standar (SAC)	76064767-5/76263819-3/30	Daphne Katalina Meza Ramos (San Fernando)RevesderechoServicio Standar (SAC)	SI	5
76064767-5	Daphne Katalina Meza Ramos (San Fernando)	#N/D	Solventa	11	Servicio Standar	#N/D	Daphne Katalina Meza Ramos (San Fernando)SolventaServicio Standar	SI	16
76064767-5	Daphne Katalina Meza Ramos (San Fernando)	78347433-6	The Planners Group Spa	11	Servicio Standar	76064767-5/78347433-6/11	Daphne Katalina Meza Ramos (San Fernando)The Planners Group SpaServicio Standar	SI	16
76064767-5	Daphne Katalina Meza Ramos (San Fernando)	76058647-1	Verisure Spa	8	Retornos	76064767-5/76058647-1/8	Daphne Katalina Meza Ramos (San Fernando)Verisure SpaRetornos	NO	0
76064767-5	Daphne Katalina Meza Ramos (San Fernando)	76058647-1	Verisure Spa	11	Servicio Standar	76064767-5/76058647-1/11	Daphne Katalina Meza Ramos (San Fernando)Verisure SpaServicio Standar	SI	16
76064767-5	Daphne Katalina Meza Ramos (San Fernando)	76713273-5	(HN Metales) Inversiones Saldivia Spa	11	Servicio Standar	76064767-5/76713273-5/11	Daphne Katalina Meza Ramos (San Fernando)(HN Metales) Inversiones Saldivia SpaServicio Standar	SI	16
76064767-5	Daphne Katalina Meza Ramos (San Fernando)	#N/D	(Orquidea) Hilanderia Maisa	16	Servicio Standar (Ecommerce)	#N/D	Daphne Katalina Meza Ramos (San Fernando)(Orquidea) Hilanderia MaisaServicio Standar (Ecommerce)	SI	16
76064767-5	Daphne Katalina Meza Ramos (San Fernando)	79647180-8	Comercial Reginella Ltda	16	Servicio Standar (Ecommerce)	76064767-5/79647180-8/16	Daphne Katalina Meza Ramos (San Fernando)Comercial Reginella LtdaServicio Standar (Ecommerce)	SI	6
76064767-5	Daphne Katalina Meza Ramos (San Fernando)	78599750-6	InduAmbiente	20	Servicio Standar (Lanzado)	76064767-5/78599750-6/20	Daphne Katalina Meza Ramos (San Fernando)InduAmbienteServicio Standar (Lanzado)	SI	16
76064767-5	Daphne Katalina Meza Ramos (San Fernando)	60910000-1	Universidad de chile	11	Servicio Standar	76064767-5/60910000-1/11	Daphne Katalina Meza Ramos (San Fernando)Universidad de chileServicio Standar	SI	16
76064767-5	Daphne Katalina Meza Ramos (San Fernando)	77970068-2	Vinilo	11	Servicio Standar	76064767-5/77970068-2/11	Daphne Katalina Meza Ramos (San Fernando)ViniloServicio Standar	SI	16
77458608-3	Deyna (Valdivia)	76288430-5	(Postalchile) Sociedad De Distribucion Y Logistica Postalchile Ltda	15	Servicio Standar (Correspondencia)	77458608-3/76288430-5/15	Deyna (Valdivia)(Postalchile) Sociedad De Distribucion Y Logistica Postalchile LtdaServicio Standar (Correspondencia)	SI	2
77458608-3	Deyna (Valdivia)	76288430-5	(Postalchile) Sociedad De Distribucion Y Logistica Postalchile Ltda	16	Servicio Standar (Ecommerce)	77458608-3/76288430-5/16	Deyna (Valdivia)(Postalchile) Sociedad De Distribucion Y Logistica Postalchile LtdaServicio Standar (Ecommerce)	SI	2
77458608-3	Deyna (Valdivia)	76438001-0	(R. Ambiente) Ambiente diseño y Comunicacion Spa	11	Servicio Standar	77458608-3/76438001-0/11	Deyna (Valdivia)(R. Ambiente) Ambiente diseño y Comunicacion SpaServicio Standar	SI	15
77458608-3	Deyna (Valdivia)	77415130-3	(Ushop) Articulos Publicitarios LW	11	Servicio Standar	77458608-3/77415130-3/11	Deyna (Valdivia)(Ushop) Articulos Publicitarios LWServicio Standar	SI	2
77458608-3	Deyna (Valdivia)	77415130-3	(Ushop) Articulos Publicitarios LW	18	Servicio Standar (GMPI)	77458608-3/77415130-3/18	Deyna (Valdivia)(Ushop) Articulos Publicitarios LWServicio Standar (GMPI)	SI	2
77458608-3	Deyna (Valdivia)	77346078-7	4Nortes	1	Abastecimiento de insumos	77458608-3/77346078-7/1	Deyna (Valdivia)4NortesAbastecimiento de insumos	NO	0
77458608-3	Deyna (Valdivia)	77346078-7	4Nortes	11	Servicio Standar	77458608-3/77346078-7/11	Deyna (Valdivia)4NortesServicio Standar	NO	0
77458608-3	Deyna (Valdivia)	77346078-7	4Nortes	13	Servicio Standar (Compra Agil)	77458608-3/77346078-7/13	Deyna (Valdivia)4NortesServicio Standar (Compra Agil)	SI	2
77458608-3	Deyna (Valdivia)	77419350-2	Adhegraf	11	Servicio Standar	77458608-3/77419350-2/11	Deyna (Valdivia)AdhegrafServicio Standar	SI	2
77458608-3	Deyna (Valdivia)	96830710-k	Aimpresores	11	Servicio Standar	77458608-3/96830710-k/11	Deyna (Valdivia)AimpresoresServicio Standar	SI	2
77458608-3	Deyna (Valdivia)	96830710-k	Aimpresores	14	Servicio Standar (Condenast)	77458608-3/96830710-k/14	Deyna (Valdivia)AimpresoresServicio Standar (Condenast)	SI	2
77458608-3	Deyna (Valdivia)	96830710-k	Aimpresores	17	Servicio Standar (Fucoa)	77458608-3/96830710-k/17	Deyna (Valdivia)AimpresoresServicio Standar (Fucoa)	SI	2
77458608-3	Deyna (Valdivia)	77310592-8	BGB SPA	11	Servicio Standar	77458608-3/77310592-8/11	Deyna (Valdivia)BGB SPAServicio Standar	SI	2
77458608-3	Deyna (Valdivia)	81826800-9	Cajas Los Andes	8	Retornos	77458608-3/81826800-9/8	Deyna (Valdivia)Cajas Los AndesRetornos	SI	9
77458608-3	Deyna (Valdivia)	81826800-9	Cajas Los Andes	24	Servicio Standar (Providencia)	77458608-3/81826800-9/24	Deyna (Valdivia)Cajas Los AndesServicio Standar (Providencia)	SI	2
77458608-3	Deyna (Valdivia)	81826800-9	Cajas Los Andes	31	Servicio Standar (Stgo Alonso)	77458608-3/81826800-9/31	Deyna (Valdivia)Cajas Los AndesServicio Standar (Stgo Alonso)	SI	2
77458608-3	Deyna (Valdivia)	96950080-9	Chilepost	11	Servicio Standar	77458608-3/96950080-9/11	Deyna (Valdivia)ChilepostServicio Standar	SI	2
77458608-3	Deyna (Valdivia)	85037900-9	Comercial Peumo Ltda	33	Servicio Standar (V. Trabajadores)	77458608-3/85037900-9/33	Deyna (Valdivia)Comercial Peumo LtdaServicio Standar (V. Trabajadores)	REVISAR	0
77458608-3	Deyna (Valdivia)	79647180-8	Comercial Reginella Ltda	21	Servicio Standar (Mayorista)	77458608-3/79647180-8/21	Deyna (Valdivia)Comercial Reginella LtdaServicio Standar (Mayorista)	SI	6
77458608-3	Deyna (Valdivia)	76504464-2	Comercial VLB Ltda	11	Servicio Standar	77458608-3/76504464-2/11	Deyna (Valdivia)Comercial VLB LtdaServicio Standar	SI	2
77458608-3	Deyna (Valdivia)	96511460-2	Construmart	4	Correspondencia diaria	77458608-3/96511460-2/4	Deyna (Valdivia)ConstrumartCorrespondencia diaria	NO	0
77458608-3	Deyna (Valdivia)	96511460-2	Construmart	11	Servicio Standar	77458608-3/96511460-2/11	Deyna (Valdivia)ConstrumartServicio Standar	NO	0
77458608-3	Deyna (Valdivia)	89807200-2	Cruz Verde	3	Catalogo Publicitario	77458608-3/89807200-2/3	Deyna (Valdivia)Cruz VerdeCatalogo Publicitario	SI	2
77458608-3	Deyna (Valdivia)	89807200-2	Cruz Verde	5	Correspondencia diaria (Valijas)	77458608-3/89807200-2/5	Deyna (Valdivia)Cruz VerdeCorrespondencia diaria (Valijas)	NO	0
77458608-3	Deyna (Valdivia)	89807200-2	Cruz Verde	6	Material Publicitario	77458608-3/89807200-2/6	Deyna (Valdivia)Cruz VerdeMaterial Publicitario	SI	2
77458608-3	Deyna (Valdivia)	89807200-2	Cruz Verde	7	Retiro en ruta	77458608-3/89807200-2/7	Deyna (Valdivia)Cruz VerdeRetiro en ruta	SI	9
77458608-3	Deyna (Valdivia)	89807200-2	Cruz Verde	11	Servicio Standar	77458608-3/89807200-2/11	Deyna (Valdivia)Cruz VerdeServicio Standar	SI	2
77458608-3	Deyna (Valdivia)	89807200-2	Cruz Verde	19	Servicio Standar (Kit de ingreso)	77458608-3/89807200-2/19	Deyna (Valdivia)Cruz VerdeServicio Standar (Kit de ingreso)	SI	2
77458608-3	Deyna (Valdivia)	#N/D	Diario el Sur	11	Servicio Standar	#N/D	Deyna (Valdivia)Diario el SurServicio Standar	SI	2
77458608-3	Deyna (Valdivia)	#N/D	Disalcar	11	Servicio Standar	#N/D	Deyna (Valdivia)DisalcarServicio Standar	SI	2
77458608-3	Deyna (Valdivia)	78064534-2	Drop	11	Servicio Standar	77458608-3/78064534-2/11	Deyna (Valdivia)DropServicio Standar	SI	2
77458608-3	Deyna (Valdivia)	77907823-K	Ecopaños y Huaipes SPA	11	Servicio Standar	77458608-3/77907823-K/11	Deyna (Valdivia)Ecopaños y Huaipes SPAServicio Standar	SI	2
77458608-3	Deyna (Valdivia)	76377752-9	Ediciones Issue Spa	20	Servicio Standar (Lanzado)	77458608-3/76377752-9/20	Deyna (Valdivia)Ediciones Issue SpaServicio Standar (Lanzado)	SI	2
77458608-3	Deyna (Valdivia)	78445850-4	Envia Ltda	11	Servicio Standar	77458608-3/78445850-4/11	Deyna (Valdivia)Envia LtdaServicio Standar	SI	2
77458608-3	Deyna (Valdivia)	78293000-1	Global Courier SA	7	Retiro en ruta	77458608-3/78293000-1/7	Deyna (Valdivia)Global Courier SARetiro en ruta	SI	9
77458608-3	Deyna (Valdivia)	78293000-1	Global Courier SA	8	Retornos	77458608-3/78293000-1/8	Deyna (Valdivia)Global Courier SARetornos	SI	9
77458608-3	Deyna (Valdivia)	78293000-1	Global Courier SA	11	Servicio Standar	77458608-3/78293000-1/11	Deyna (Valdivia)Global Courier SAServicio Standar	SI	2
77458608-3	Deyna (Valdivia)	76631490-2	Global Med	11	Servicio Standar	77458608-3/76631490-2/11	Deyna (Valdivia)Global MedServicio Standar	SI	2
77458608-3	Deyna (Valdivia)	90106000-2	Grafica Quilicura	11	Servicio Standar	77458608-3/90106000-2/11	Deyna (Valdivia)Grafica QuilicuraServicio Standar	SI	2
77458608-3	Deyna (Valdivia)	90106000-2	Grafica Quilicura	25	Servicio Standar (R. Carabineros de chile)	77458608-3/90106000-2/25	Deyna (Valdivia)Grafica QuilicuraServicio Standar (R. Carabineros de chile)	SI	2
77458608-3	Deyna (Valdivia)	90106000-2	Grafica Quilicura	26	Servicio Standar (R. Los Heroes)	77458608-3/90106000-2/26	Deyna (Valdivia)Grafica QuilicuraServicio Standar (R. Los Heroes)	SI	2
77458608-3	Deyna (Valdivia)	77861584-3	Habasit	9	Servicio Sameday	77458608-3/77861584-3/9	Deyna (Valdivia)HabasitServicio Sameday	SI	2
77458608-3	Deyna (Valdivia)	77861584-3	Habasit	11	Servicio Standar	77458608-3/77861584-3/11	Deyna (Valdivia)HabasitServicio Standar	SI	2
77458608-3	Deyna (Valdivia)	76072176-K	Hemisferio Norte SA	11	Servicio Standar	77458608-3/76072176-K/11	Deyna (Valdivia)Hemisferio Norte SAServicio Standar	SI	2
77458608-3	Deyna (Valdivia)	76336423-2	Imprenta Babieca	11	Servicio Standar	77458608-3/76336423-2/11	Deyna (Valdivia)Imprenta BabiecaServicio Standar	SI	2
77458608-3	Deyna (Valdivia)	79840580-2	Imprenta Socias Ltda	11	Servicio Standar	77458608-3/79840580-2/11	Deyna (Valdivia)Imprenta Socias LtdaServicio Standar	SI	2
77458608-3	Deyna (Valdivia)	#N/D	La Hora	11	Servicio Standar	#N/D	Deyna (Valdivia)La HoraServicio Standar	SI	2
77458608-3	Deyna (Valdivia)	79500520-K	Maicao	2	Abastecimiento Uniformes	77458608-3/79500520-K/2	Deyna (Valdivia)MaicaoAbastecimiento Uniformes	SI	2
77458608-3	Deyna (Valdivia)	79500520-K	Maicao	3	Catalogo Publicitario	77458608-3/79500520-K/3	Deyna (Valdivia)MaicaoCatalogo Publicitario	SI	2
77458608-3	Deyna (Valdivia)	79500520-K	Maicao	4	Correspondencia diaria	77458608-3/79500520-K/4	Deyna (Valdivia)MaicaoCorrespondencia diaria	NO	0
77458608-3	Deyna (Valdivia)	79500520-K	Maicao	6	Material Publicitario	77458608-3/79500520-K/6	Deyna (Valdivia)MaicaoMaterial Publicitario	SI	2
77458608-3	Deyna (Valdivia)	79500520-K	Maicao	11	Servicio Standar	77458608-3/79500520-K/11	Deyna (Valdivia)MaicaoServicio Standar	SI	2
77458608-3	Deyna (Valdivia)	76057337-K	Nutrabody	16	Servicio Standar (Ecommerce)	77458608-3/76057337-K/16	Deyna (Valdivia)NutrabodyServicio Standar (Ecommerce)	SI	2
77458608-3	Deyna (Valdivia)	76710584-3	Opia Marcketing Spa	11	Servicio Standar	77458608-3/76710584-3/11	Deyna (Valdivia)Opia Marcketing SpaServicio Standar	SI	2
77458608-3	Deyna (Valdivia)	76012833-3	Rendic Hmnos	8	Retornos	77458608-3/76012833-3/8	Deyna (Valdivia)Rendic HmnosRetornos	SI	9
77458608-3	Deyna (Valdivia)	76012833-3	Rendic Hmnos	12	Servicio Standar (Alvi)	77458608-3/76012833-3/12	Deyna (Valdivia)Rendic HmnosServicio Standar (Alvi)	SI	2
77458608-3	Deyna (Valdivia)	76012833-3	Rendic Hmnos	22	Servicio Standar (Of. Central)	77458608-3/76012833-3/22	Deyna (Valdivia)Rendic HmnosServicio Standar (Of. Central)	SI	2
77458608-3	Deyna (Valdivia)	76012833-3	Rendic Hmnos	23	Servicio Standar (Proveedores)	77458608-3/76012833-3/23	Deyna (Valdivia)Rendic HmnosServicio Standar (Proveedores)	SI	2
77458608-3	Deyna (Valdivia)	76012833-3	Rendic Hmnos	32	Servicio Standar (Tecnologia)	77458608-3/76012833-3/32	Deyna (Valdivia)Rendic HmnosServicio Standar (Tecnologia)	SI	2
77458608-3	Deyna (Valdivia)	76012833-3	Rendic Hmnos	34	Servicio Standar (Valijas)	77458608-3/76012833-3/34	Deyna (Valdivia)Rendic HmnosServicio Standar (Valijas)	NO	0
77458608-3	Deyna (Valdivia)	76263819-3	Revesderecho	16	Servicio Standar (Ecommerce)	77458608-3/76263819-3/16	Deyna (Valdivia)RevesderechoServicio Standar (Ecommerce)	SI	5
77458608-3	Deyna (Valdivia)	76263819-3	Revesderecho	21	Servicio Standar (Mayorista)	77458608-3/76263819-3/21	Deyna (Valdivia)RevesderechoServicio Standar (Mayorista)	NO	0
77458608-3	Deyna (Valdivia)	76263819-3	Revesderecho	27	Servicio Standar (R. Tiendas)	77458608-3/76263819-3/27	Deyna (Valdivia)RevesderechoServicio Standar (R. Tiendas)	SI	6
77458608-3	Deyna (Valdivia)	76263819-3	Revesderecho	28	Servicio Standar (Retail)	77458608-3/76263819-3/28	Deyna (Valdivia)RevesderechoServicio Standar (Retail)	SI	6
77458608-3	Deyna (Valdivia)	76263819-3	Revesderecho	29	Servicio Standar (Retorno)	77458608-3/76263819-3/29	Deyna (Valdivia)RevesderechoServicio Standar (Retorno)	NO	0
77458608-3	Deyna (Valdivia)	76263819-3	Revesderecho	30	Servicio Standar (SAC)	77458608-3/76263819-3/30	Deyna (Valdivia)RevesderechoServicio Standar (SAC)	SI	5
77458608-3	Deyna (Valdivia)	#N/D	Solventa	11	Servicio Standar	#N/D	Deyna (Valdivia)SolventaServicio Standar	SI	2
77458608-3	Deyna (Valdivia)	78347433-6	The Planners Group Spa	11	Servicio Standar	77458608-3/78347433-6/11	Deyna (Valdivia)The Planners Group SpaServicio Standar	SI	2
77458608-3	Deyna (Valdivia)	76058647-1	Verisure Spa	8	Retornos	77458608-3/76058647-1/8	Deyna (Valdivia)Verisure SpaRetornos	SI	9
77458608-3	Deyna (Valdivia)	76058647-1	Verisure Spa	11	Servicio Standar	77458608-3/76058647-1/11	Deyna (Valdivia)Verisure SpaServicio Standar	SI	2
77458608-3	Deyna (Valdivia)	76713273-5	(HN Metales) Inversiones Saldivia Spa	11	Servicio Standar	77458608-3/76713273-5/11	Deyna (Valdivia)(HN Metales) Inversiones Saldivia SpaServicio Standar	SI	2
77458608-3	Deyna (Valdivia)	#N/D	(Orquidea) Hilanderia Maisa	16	Servicio Standar (Ecommerce)	#N/D	Deyna (Valdivia)(Orquidea) Hilanderia MaisaServicio Standar (Ecommerce)	SI	2
77458608-3	Deyna (Valdivia)	79647180-8	Comercial Reginella Ltda	16	Servicio Standar (Ecommerce)	77458608-3/79647180-8/16	Deyna (Valdivia)Comercial Reginella LtdaServicio Standar (Ecommerce)	SI	6
77458608-3	Deyna (Valdivia)	78599750-6	InduAmbiente	20	Servicio Standar (Lanzado)	77458608-3/78599750-6/20	Deyna (Valdivia)InduAmbienteServicio Standar (Lanzado)	SI	2
77458608-3	Deyna (Valdivia)	60910000-1	Universidad de chile	11	Servicio Standar	77458608-3/60910000-1/11	Deyna (Valdivia)Universidad de chileServicio Standar	SI	2
77458608-3	Deyna (Valdivia)	77970068-2	Vinilo	11	Servicio Standar	77458608-3/77970068-2/11	Deyna (Valdivia)ViniloServicio Standar	SI	2
0-0	Envio externo	76288430-5	(Postalchile) Sociedad De Distribucion Y Logistica Postalchile Ltda	15	Servicio Standar (Correspondencia)	0-0/76288430-5/15	Envio externo(Postalchile) Sociedad De Distribucion Y Logistica Postalchile LtdaServicio Standar (Correspondencia)	SI	2
0-0	Envio externo	76288430-5	(Postalchile) Sociedad De Distribucion Y Logistica Postalchile Ltda	16	Servicio Standar (Ecommerce)	0-0/76288430-5/16	Envio externo(Postalchile) Sociedad De Distribucion Y Logistica Postalchile LtdaServicio Standar (Ecommerce)	SI	2
0-0	Envio externo	76438001-0	(R. Ambiente) Ambiente diseño y Comunicacion Spa	11	Servicio Standar	0-0/76438001-0/11	Envio externo(R. Ambiente) Ambiente diseño y Comunicacion SpaServicio Standar	SI	15
0-0	Envio externo	77415130-3	(Ushop) Articulos Publicitarios LW	11	Servicio Standar	0-0/77415130-3/11	Envio externo(Ushop) Articulos Publicitarios LWServicio Standar	SI	2
0-0	Envio externo	77415130-3	(Ushop) Articulos Publicitarios LW	18	Servicio Standar (GMPI)	0-0/77415130-3/18	Envio externo(Ushop) Articulos Publicitarios LWServicio Standar (GMPI)	SI	2
0-0	Envio externo	77346078-7	4Nortes	1	Abastecimiento de insumos	0-0/77346078-7/1	Envio externo4NortesAbastecimiento de insumos	SI	2
0-0	Envio externo	77346078-7	4Nortes	11	Servicio Standar	0-0/77346078-7/11	Envio externo4NortesServicio Standar	SI	2
0-0	Envio externo	77346078-7	4Nortes	13	Servicio Standar (Compra Agil)	0-0/77346078-7/13	Envio externo4NortesServicio Standar (Compra Agil)	SI	2
0-0	Envio externo	77419350-2	Adhegraf	11	Servicio Standar	0-0/77419350-2/11	Envio externoAdhegrafServicio Standar	SI	2
0-0	Envio externo	96830710-k	Aimpresores	11	Servicio Standar	0-0/96830710-k/11	Envio externoAimpresoresServicio Standar	SI	2
0-0	Envio externo	96830710-k	Aimpresores	14	Servicio Standar (Condenast)	0-0/96830710-k/14	Envio externoAimpresoresServicio Standar (Condenast)	SI	2
0-0	Envio externo	96830710-k	Aimpresores	17	Servicio Standar (Fucoa)	0-0/96830710-k/17	Envio externoAimpresoresServicio Standar (Fucoa)	SI	2
0-0	Envio externo	77310592-8	BGB SPA	11	Servicio Standar	0-0/77310592-8/11	Envio externoBGB SPAServicio Standar	SI	2
0-0	Envio externo	81826800-9	Cajas Los Andes	8	Retornos	0-0/81826800-9/8	Envio externoCajas Los AndesRetornos	SI	2
0-0	Envio externo	81826800-9	Cajas Los Andes	24	Servicio Standar (Providencia)	0-0/81826800-9/24	Envio externoCajas Los AndesServicio Standar (Providencia)	SI	2
0-0	Envio externo	81826800-9	Cajas Los Andes	31	Servicio Standar (Stgo Alonso)	0-0/81826800-9/31	Envio externoCajas Los AndesServicio Standar (Stgo Alonso)	SI	2
0-0	Envio externo	96950080-9	Chilepost	11	Servicio Standar	0-0/96950080-9/11	Envio externoChilepostServicio Standar	SI	2
0-0	Envio externo	85037900-9	Comercial Peumo Ltda	33	Servicio Standar (V. Trabajadores)	0-0/85037900-9/33	Envio externoComercial Peumo LtdaServicio Standar (V. Trabajadores)	SI	2
0-0	Envio externo	79647180-8	Comercial Reginella Ltda	21	Servicio Standar (Mayorista)	0-0/79647180-8/21	Envio externoComercial Reginella LtdaServicio Standar (Mayorista)	NO	0
0-0	Envio externo	76504464-2	Comercial VLB Ltda	11	Servicio Standar	0-0/76504464-2/11	Envio externoComercial VLB LtdaServicio Standar	SI	2
0-0	Envio externo	96511460-2	Construmart	4	Correspondencia diaria	0-0/96511460-2/4	Envio externoConstrumartCorrespondencia diaria	SI	2
0-0	Envio externo	96511460-2	Construmart	11	Servicio Standar	0-0/96511460-2/11	Envio externoConstrumartServicio Standar	SI	2
0-0	Envio externo	89807200-2	Cruz Verde	3	Catalogo Publicitario	0-0/89807200-2/3	Envio externoCruz VerdeCatalogo Publicitario	SI	2
0-0	Envio externo	89807200-2	Cruz Verde	5	Correspondencia diaria (Valijas)	0-0/89807200-2/5	Envio externoCruz VerdeCorrespondencia diaria (Valijas)	SI	2
0-0	Envio externo	89807200-2	Cruz Verde	6	Material Publicitario	0-0/89807200-2/6	Envio externoCruz VerdeMaterial Publicitario	SI	2
0-0	Envio externo	89807200-2	Cruz Verde	7	Retiro en ruta	0-0/89807200-2/7	Envio externoCruz VerdeRetiro en ruta	SI	2
0-0	Envio externo	89807200-2	Cruz Verde	11	Servicio Standar	0-0/89807200-2/11	Envio externoCruz VerdeServicio Standar	SI	2
0-0	Envio externo	89807200-2	Cruz Verde	19	Servicio Standar (Kit de ingreso)	0-0/89807200-2/19	Envio externoCruz VerdeServicio Standar (Kit de ingreso)	SI	2
0-0	Envio externo	#N/D	Diario el Sur	11	Servicio Standar	#N/D	Envio externoDiario el SurServicio Standar	SI	2
0-0	Envio externo	#N/D	Disalcar	11	Servicio Standar	#N/D	Envio externoDisalcarServicio Standar	SI	2
0-0	Envio externo	78064534-2	Drop	11	Servicio Standar	0-0/78064534-2/11	Envio externoDropServicio Standar	SI	2
0-0	Envio externo	77907823-K	Ecopaños y Huaipes SPA	11	Servicio Standar	0-0/77907823-K/11	Envio externoEcopaños y Huaipes SPAServicio Standar	SI	2
0-0	Envio externo	76377752-9	Ediciones Issue Spa	20	Servicio Standar (Lanzado)	0-0/76377752-9/20	Envio externoEdiciones Issue SpaServicio Standar (Lanzado)	SI	2
0-0	Envio externo	78445850-4	Envia Ltda	11	Servicio Standar	0-0/78445850-4/11	Envio externoEnvia LtdaServicio Standar	SI	2
0-0	Envio externo	78293000-1	Global Courier SA	7	Retiro en ruta	0-0/78293000-1/7	Envio externoGlobal Courier SARetiro en ruta	SI	2
0-0	Envio externo	78293000-1	Global Courier SA	8	Retornos	0-0/78293000-1/8	Envio externoGlobal Courier SARetornos	SI	2
0-0	Envio externo	78293000-1	Global Courier SA	11	Servicio Standar	0-0/78293000-1/11	Envio externoGlobal Courier SAServicio Standar	SI	2
0-0	Envio externo	76631490-2	Global Med	11	Servicio Standar	0-0/76631490-2/11	Envio externoGlobal MedServicio Standar	SI	2
0-0	Envio externo	90106000-2	Grafica Quilicura	11	Servicio Standar	0-0/90106000-2/11	Envio externoGrafica QuilicuraServicio Standar	SI	2
0-0	Envio externo	90106000-2	Grafica Quilicura	25	Servicio Standar (R. Carabineros de chile)	0-0/90106000-2/25	Envio externoGrafica QuilicuraServicio Standar (R. Carabineros de chile)	SI	2
0-0	Envio externo	90106000-2	Grafica Quilicura	26	Servicio Standar (R. Los Heroes)	0-0/90106000-2/26	Envio externoGrafica QuilicuraServicio Standar (R. Los Heroes)	SI	2
0-0	Envio externo	77861584-3	Habasit	9	Servicio Sameday	0-0/77861584-3/9	Envio externoHabasitServicio Sameday	SI	2
0-0	Envio externo	77861584-3	Habasit	11	Servicio Standar	0-0/77861584-3/11	Envio externoHabasitServicio Standar	SI	2
0-0	Envio externo	76072176-K	Hemisferio Norte SA	11	Servicio Standar	0-0/76072176-K/11	Envio externoHemisferio Norte SAServicio Standar	SI	2
0-0	Envio externo	76336423-2	Imprenta Babieca	11	Servicio Standar	0-0/76336423-2/11	Envio externoImprenta BabiecaServicio Standar	SI	2
0-0	Envio externo	79840580-2	Imprenta Socias Ltda	11	Servicio Standar	0-0/79840580-2/11	Envio externoImprenta Socias LtdaServicio Standar	SI	2
0-0	Envio externo	#N/D	La Hora	11	Servicio Standar	#N/D	Envio externoLa HoraServicio Standar	SI	2
0-0	Envio externo	79500520-K	Maicao	2	Abastecimiento Uniformes	0-0/79500520-K/2	Envio externoMaicaoAbastecimiento Uniformes	SI	2
0-0	Envio externo	79500520-K	Maicao	3	Catalogo Publicitario	0-0/79500520-K/3	Envio externoMaicaoCatalogo Publicitario	SI	2
0-0	Envio externo	79500520-K	Maicao	4	Correspondencia diaria	0-0/79500520-K/4	Envio externoMaicaoCorrespondencia diaria	SI	2
0-0	Envio externo	79500520-K	Maicao	6	Material Publicitario	0-0/79500520-K/6	Envio externoMaicaoMaterial Publicitario	SI	2
0-0	Envio externo	79500520-K	Maicao	11	Servicio Standar	0-0/79500520-K/11	Envio externoMaicaoServicio Standar	SI	2
0-0	Envio externo	76057337-K	Nutrabody	16	Servicio Standar (Ecommerce)	0-0/76057337-K/16	Envio externoNutrabodyServicio Standar (Ecommerce)	SI	2
0-0	Envio externo	76710584-3	Opia Marcketing Spa	11	Servicio Standar	0-0/76710584-3/11	Envio externoOpia Marcketing SpaServicio Standar	SI	2
0-0	Envio externo	76012833-3	Rendic Hmnos	8	Retornos	0-0/76012833-3/8	Envio externoRendic HmnosRetornos	SI	2
0-0	Envio externo	76012833-3	Rendic Hmnos	12	Servicio Standar (Alvi)	0-0/76012833-3/12	Envio externoRendic HmnosServicio Standar (Alvi)	SI	2
0-0	Envio externo	76012833-3	Rendic Hmnos	22	Servicio Standar (Of. Central)	0-0/76012833-3/22	Envio externoRendic HmnosServicio Standar (Of. Central)	SI	2
0-0	Envio externo	76012833-3	Rendic Hmnos	23	Servicio Standar (Proveedores)	0-0/76012833-3/23	Envio externoRendic HmnosServicio Standar (Proveedores)	SI	2
0-0	Envio externo	76012833-3	Rendic Hmnos	32	Servicio Standar (Tecnologia)	0-0/76012833-3/32	Envio externoRendic HmnosServicio Standar (Tecnologia)	SI	2
0-0	Envio externo	76012833-3	Rendic Hmnos	34	Servicio Standar (Valijas)	0-0/76012833-3/34	Envio externoRendic HmnosServicio Standar (Valijas)	SI	2
0-0	Envio externo	76263819-3	Revesderecho	16	Servicio Standar (Ecommerce)	0-0/76263819-3/16	Envio externoRevesderechoServicio Standar (Ecommerce)	SI	2
0-0	Envio externo	76263819-3	Revesderecho	21	Servicio Standar (Mayorista)	0-0/76263819-3/21	Envio externoRevesderechoServicio Standar (Mayorista)	SI	2
0-0	Envio externo	76263819-3	Revesderecho	27	Servicio Standar (R. Tiendas)	0-0/76263819-3/27	Envio externoRevesderechoServicio Standar (R. Tiendas)	SI	2
0-0	Envio externo	76263819-3	Revesderecho	28	Servicio Standar (Retail)	0-0/76263819-3/28	Envio externoRevesderechoServicio Standar (Retail)	SI	2
0-0	Envio externo	76263819-3	Revesderecho	29	Servicio Standar (Retorno)	0-0/76263819-3/29	Envio externoRevesderechoServicio Standar (Retorno)	SI	2
0-0	Envio externo	76263819-3	Revesderecho	30	Servicio Standar (SAC)	0-0/76263819-3/30	Envio externoRevesderechoServicio Standar (SAC)	SI	2
0-0	Envio externo	#N/D	Solventa	11	Servicio Standar	#N/D	Envio externoSolventaServicio Standar	SI	2
0-0	Envio externo	78347433-6	The Planners Group Spa	11	Servicio Standar	0-0/78347433-6/11	Envio externoThe Planners Group SpaServicio Standar	SI	2
0-0	Envio externo	76058647-1	Verisure Spa	8	Retornos	0-0/76058647-1/8	Envio externoVerisure SpaRetornos	SI	2
0-0	Envio externo	76058647-1	Verisure Spa	11	Servicio Standar	0-0/76058647-1/11	Envio externoVerisure SpaServicio Standar	SI	2
0-0	Envio externo	76713273-5	(HN Metales) Inversiones Saldivia Spa	11	Servicio Standar	0-0/76713273-5/11	Envio externo(HN Metales) Inversiones Saldivia SpaServicio Standar	SI	2
0-0	Envio externo	#N/D	(Orquidea) Hilanderia Maisa	16	Servicio Standar (Ecommerce)	#N/D	Envio externo(Orquidea) Hilanderia MaisaServicio Standar (Ecommerce)	SI	2
0-0	Envio externo	79647180-8	Comercial Reginella Ltda	16	Servicio Standar (Ecommerce)	0-0/79647180-8/16	Envio externoComercial Reginella LtdaServicio Standar (Ecommerce)	SI	2
0-0	Envio externo	78599750-6	InduAmbiente	20	Servicio Standar (Lanzado)	0-0/78599750-6/20	Envio externoInduAmbienteServicio Standar (Lanzado)	SI	2
0-0	Envio externo	60910000-1	Universidad de chile	11	Servicio Standar	0-0/60910000-1/11	Envio externoUniversidad de chileServicio Standar	SI	2
0-0	Envio externo	77970068-2	Vinilo	11	Servicio Standar	0-0/77970068-2/11	Envio externoViniloServicio Standar	SI	2
16945660-7	Fabian Pino (Isla)	76288430-5	(Postalchile) Sociedad De Distribucion Y Logistica Postalchile Ltda	15	Servicio Standar (Correspondencia)	16945660-7/76288430-5/15	Fabian Pino (Isla)(Postalchile) Sociedad De Distribucion Y Logistica Postalchile LtdaServicio Standar (Correspondencia)	SI	2
16945660-7	Fabian Pino (Isla)	76288430-5	(Postalchile) Sociedad De Distribucion Y Logistica Postalchile Ltda	16	Servicio Standar (Ecommerce)	16945660-7/76288430-5/16	Fabian Pino (Isla)(Postalchile) Sociedad De Distribucion Y Logistica Postalchile LtdaServicio Standar (Ecommerce)	SI	2
16945660-7	Fabian Pino (Isla)	76438001-0	(R. Ambiente) Ambiente diseño y Comunicacion Spa	11	Servicio Standar	16945660-7/76438001-0/11	Fabian Pino (Isla)(R. Ambiente) Ambiente diseño y Comunicacion SpaServicio Standar	SI	15
16945660-7	Fabian Pino (Isla)	77415130-3	(Ushop) Articulos Publicitarios LW	11	Servicio Standar	16945660-7/77415130-3/11	Fabian Pino (Isla)(Ushop) Articulos Publicitarios LWServicio Standar	SI	2
16945660-7	Fabian Pino (Isla)	77415130-3	(Ushop) Articulos Publicitarios LW	18	Servicio Standar (GMPI)	16945660-7/77415130-3/18	Fabian Pino (Isla)(Ushop) Articulos Publicitarios LWServicio Standar (GMPI)	SI	2
16945660-7	Fabian Pino (Isla)	77346078-7	4Nortes	1	Abastecimiento de insumos	16945660-7/77346078-7/1	Fabian Pino (Isla)4NortesAbastecimiento de insumos	NO	2
16945660-7	Fabian Pino (Isla)	77346078-7	4Nortes	11	Servicio Standar	16945660-7/77346078-7/11	Fabian Pino (Isla)4NortesServicio Standar	NO	2
16945660-7	Fabian Pino (Isla)	77346078-7	4Nortes	13	Servicio Standar (Compra Agil)	16945660-7/77346078-7/13	Fabian Pino (Isla)4NortesServicio Standar (Compra Agil)	SI	2
16945660-7	Fabian Pino (Isla)	77419350-2	Adhegraf	11	Servicio Standar	16945660-7/77419350-2/11	Fabian Pino (Isla)AdhegrafServicio Standar	SI	2
16945660-7	Fabian Pino (Isla)	96830710-k	Aimpresores	11	Servicio Standar	16945660-7/96830710-k/11	Fabian Pino (Isla)AimpresoresServicio Standar	SI	2
16945660-7	Fabian Pino (Isla)	96830710-k	Aimpresores	14	Servicio Standar (Condenast)	16945660-7/96830710-k/14	Fabian Pino (Isla)AimpresoresServicio Standar (Condenast)	SI	2
16945660-7	Fabian Pino (Isla)	96830710-k	Aimpresores	17	Servicio Standar (Fucoa)	16945660-7/96830710-k/17	Fabian Pino (Isla)AimpresoresServicio Standar (Fucoa)	SI	2
16945660-7	Fabian Pino (Isla)	77310592-8	BGB SPA	11	Servicio Standar	16945660-7/77310592-8/11	Fabian Pino (Isla)BGB SPAServicio Standar	SI	2
16945660-7	Fabian Pino (Isla)	81826800-9	Cajas Los Andes	8	Retornos	16945660-7/81826800-9/8	Fabian Pino (Isla)Cajas Los AndesRetornos	SI	2
16945660-7	Fabian Pino (Isla)	81826800-9	Cajas Los Andes	24	Servicio Standar (Providencia)	16945660-7/81826800-9/24	Fabian Pino (Isla)Cajas Los AndesServicio Standar (Providencia)	SI	2
16945660-7	Fabian Pino (Isla)	81826800-9	Cajas Los Andes	31	Servicio Standar (Stgo Alonso)	16945660-7/81826800-9/31	Fabian Pino (Isla)Cajas Los AndesServicio Standar (Stgo Alonso)	SI	2
16945660-7	Fabian Pino (Isla)	96950080-9	Chilepost	11	Servicio Standar	16945660-7/96950080-9/11	Fabian Pino (Isla)ChilepostServicio Standar	SI	2
16945660-7	Fabian Pino (Isla)	85037900-9	Comercial Peumo Ltda	33	Servicio Standar (V. Trabajadores)	16945660-7/85037900-9/33	Fabian Pino (Isla)Comercial Peumo LtdaServicio Standar (V. Trabajadores)	SI	2
16945660-7	Fabian Pino (Isla)	79647180-8	Comercial Reginella Ltda	21	Servicio Standar (Mayorista)	16945660-7/79647180-8/21	Fabian Pino (Isla)Comercial Reginella LtdaServicio Standar (Mayorista)	SI	6
16945660-7	Fabian Pino (Isla)	76504464-2	Comercial VLB Ltda	11	Servicio Standar	16945660-7/76504464-2/11	Fabian Pino (Isla)Comercial VLB LtdaServicio Standar	SI	2
16945660-7	Fabian Pino (Isla)	96511460-2	Construmart	4	Correspondencia diaria	16945660-7/96511460-2/4	Fabian Pino (Isla)ConstrumartCorrespondencia diaria	NO	0
16945660-7	Fabian Pino (Isla)	96511460-2	Construmart	11	Servicio Standar	16945660-7/96511460-2/11	Fabian Pino (Isla)ConstrumartServicio Standar	NO	0
16945660-7	Fabian Pino (Isla)	89807200-2	Cruz Verde	3	Catalogo Publicitario	16945660-7/89807200-2/3	Fabian Pino (Isla)Cruz VerdeCatalogo Publicitario	NO	0
16945660-7	Fabian Pino (Isla)	89807200-2	Cruz Verde	5	Correspondencia diaria (Valijas)	16945660-7/89807200-2/5	Fabian Pino (Isla)Cruz VerdeCorrespondencia diaria (Valijas)	NO	0
16945660-7	Fabian Pino (Isla)	89807200-2	Cruz Verde	6	Material Publicitario	16945660-7/89807200-2/6	Fabian Pino (Isla)Cruz VerdeMaterial Publicitario	NO	0
16945660-7	Fabian Pino (Isla)	89807200-2	Cruz Verde	7	Retiro en ruta	16945660-7/89807200-2/7	Fabian Pino (Isla)Cruz VerdeRetiro en ruta	NO	0
16945660-7	Fabian Pino (Isla)	89807200-2	Cruz Verde	11	Servicio Standar	16945660-7/89807200-2/11	Fabian Pino (Isla)Cruz VerdeServicio Standar	NO	0
16945660-7	Fabian Pino (Isla)	89807200-2	Cruz Verde	19	Servicio Standar (Kit de ingreso)	16945660-7/89807200-2/19	Fabian Pino (Isla)Cruz VerdeServicio Standar (Kit de ingreso)	NO	0
16945660-7	Fabian Pino (Isla)	#N/D	Diario el Sur	11	Servicio Standar	#N/D	Fabian Pino (Isla)Diario el SurServicio Standar	SI	2
16945660-7	Fabian Pino (Isla)	#N/D	Disalcar	11	Servicio Standar	#N/D	Fabian Pino (Isla)DisalcarServicio Standar	SI	2
16945660-7	Fabian Pino (Isla)	78064534-2	Drop	11	Servicio Standar	16945660-7/78064534-2/11	Fabian Pino (Isla)DropServicio Standar	SI	2
16945660-7	Fabian Pino (Isla)	77907823-K	Ecopaños y Huaipes SPA	11	Servicio Standar	16945660-7/77907823-K/11	Fabian Pino (Isla)Ecopaños y Huaipes SPAServicio Standar	SI	2
16945660-7	Fabian Pino (Isla)	76377752-9	Ediciones Issue Spa	20	Servicio Standar (Lanzado)	16945660-7/76377752-9/20	Fabian Pino (Isla)Ediciones Issue SpaServicio Standar (Lanzado)	SI	0
16945660-7	Fabian Pino (Isla)	78445850-4	Envia Ltda	11	Servicio Standar	16945660-7/78445850-4/11	Fabian Pino (Isla)Envia LtdaServicio Standar	SI	0
16945660-7	Fabian Pino (Isla)	78293000-1	Global Courier SA	7	Retiro en ruta	16945660-7/78293000-1/7	Fabian Pino (Isla)Global Courier SARetiro en ruta	SI	7
16945660-7	Fabian Pino (Isla)	78293000-1	Global Courier SA	8	Retornos	16945660-7/78293000-1/8	Fabian Pino (Isla)Global Courier SARetornos	SI	7
16945660-7	Fabian Pino (Isla)	78293000-1	Global Courier SA	11	Servicio Standar	16945660-7/78293000-1/11	Fabian Pino (Isla)Global Courier SAServicio Standar	SI	2
16945660-7	Fabian Pino (Isla)	76631490-2	Global Med	11	Servicio Standar	16945660-7/76631490-2/11	Fabian Pino (Isla)Global MedServicio Standar	SI	2
16945660-7	Fabian Pino (Isla)	90106000-2	Grafica Quilicura	11	Servicio Standar	16945660-7/90106000-2/11	Fabian Pino (Isla)Grafica QuilicuraServicio Standar	SI	2
16945660-7	Fabian Pino (Isla)	90106000-2	Grafica Quilicura	25	Servicio Standar (R. Carabineros de chile)	16945660-7/90106000-2/25	Fabian Pino (Isla)Grafica QuilicuraServicio Standar (R. Carabineros de chile)	SI	2
16945660-7	Fabian Pino (Isla)	90106000-2	Grafica Quilicura	26	Servicio Standar (R. Los Heroes)	16945660-7/90106000-2/26	Fabian Pino (Isla)Grafica QuilicuraServicio Standar (R. Los Heroes)	SI	2
16945660-7	Fabian Pino (Isla)	77861584-3	Habasit	9	Servicio Sameday	16945660-7/77861584-3/9	Fabian Pino (Isla)HabasitServicio Sameday	SI	2
16945660-7	Fabian Pino (Isla)	77861584-3	Habasit	11	Servicio Standar	16945660-7/77861584-3/11	Fabian Pino (Isla)HabasitServicio Standar	SI	2
16945660-7	Fabian Pino (Isla)	76072176-K	Hemisferio Norte SA	11	Servicio Standar	16945660-7/76072176-K/11	Fabian Pino (Isla)Hemisferio Norte SAServicio Standar	SI	2
16945660-7	Fabian Pino (Isla)	76336423-2	Imprenta Babieca	11	Servicio Standar	16945660-7/76336423-2/11	Fabian Pino (Isla)Imprenta BabiecaServicio Standar	SI	2
16945660-7	Fabian Pino (Isla)	79840580-2	Imprenta Socias Ltda	11	Servicio Standar	16945660-7/79840580-2/11	Fabian Pino (Isla)Imprenta Socias LtdaServicio Standar	SI	2
16945660-7	Fabian Pino (Isla)	#N/D	La Hora	11	Servicio Standar	#N/D	Fabian Pino (Isla)La HoraServicio Standar	SI	2
16945660-7	Fabian Pino (Isla)	79500520-K	Maicao	2	Abastecimiento Uniformes	16945660-7/79500520-K/2	Fabian Pino (Isla)MaicaoAbastecimiento Uniformes	NO	2
16945660-7	Fabian Pino (Isla)	79500520-K	Maicao	3	Catalogo Publicitario	16945660-7/79500520-K/3	Fabian Pino (Isla)MaicaoCatalogo Publicitario	NO	2
16945660-7	Fabian Pino (Isla)	79500520-K	Maicao	4	Correspondencia diaria	16945660-7/79500520-K/4	Fabian Pino (Isla)MaicaoCorrespondencia diaria	SI	2
16945660-7	Fabian Pino (Isla)	79500520-K	Maicao	6	Material Publicitario	16945660-7/79500520-K/6	Fabian Pino (Isla)MaicaoMaterial Publicitario	NO	2
16945660-7	Fabian Pino (Isla)	79500520-K	Maicao	11	Servicio Standar	16945660-7/79500520-K/11	Fabian Pino (Isla)MaicaoServicio Standar	NO	2
16945660-7	Fabian Pino (Isla)	76057337-K	Nutrabody	16	Servicio Standar (Ecommerce)	16945660-7/76057337-K/16	Fabian Pino (Isla)NutrabodyServicio Standar (Ecommerce)	SI	2
16945660-7	Fabian Pino (Isla)	76710584-3	Opia Marcketing Spa	11	Servicio Standar	16945660-7/76710584-3/11	Fabian Pino (Isla)Opia Marcketing SpaServicio Standar	SI	2
16945660-7	Fabian Pino (Isla)	76012833-3	Rendic Hmnos	8	Retornos	16945660-7/76012833-3/8	Fabian Pino (Isla)Rendic HmnosRetornos	SI	7
16945660-7	Fabian Pino (Isla)	76012833-3	Rendic Hmnos	12	Servicio Standar (Alvi)	16945660-7/76012833-3/12	Fabian Pino (Isla)Rendic HmnosServicio Standar (Alvi)	SI	2
16945660-7	Fabian Pino (Isla)	76012833-3	Rendic Hmnos	22	Servicio Standar (Of. Central)	16945660-7/76012833-3/22	Fabian Pino (Isla)Rendic HmnosServicio Standar (Of. Central)	SI	2
16945660-7	Fabian Pino (Isla)	76012833-3	Rendic Hmnos	23	Servicio Standar (Proveedores)	16945660-7/76012833-3/23	Fabian Pino (Isla)Rendic HmnosServicio Standar (Proveedores)	SI	2
16945660-7	Fabian Pino (Isla)	76012833-3	Rendic Hmnos	32	Servicio Standar (Tecnologia)	16945660-7/76012833-3/32	Fabian Pino (Isla)Rendic HmnosServicio Standar (Tecnologia)	SI	2
16945660-7	Fabian Pino (Isla)	76012833-3	Rendic Hmnos	34	Servicio Standar (Valijas)	16945660-7/76012833-3/34	Fabian Pino (Isla)Rendic HmnosServicio Standar (Valijas)	NO	0
16945660-7	Fabian Pino (Isla)	76263819-3	Revesderecho	16	Servicio Standar (Ecommerce)	16945660-7/76263819-3/16	Fabian Pino (Isla)RevesderechoServicio Standar (Ecommerce)	SI	5
16945660-7	Fabian Pino (Isla)	76263819-3	Revesderecho	21	Servicio Standar (Mayorista)	16945660-7/76263819-3/21	Fabian Pino (Isla)RevesderechoServicio Standar (Mayorista)	NO	0
16945660-7	Fabian Pino (Isla)	76263819-3	Revesderecho	27	Servicio Standar (R. Tiendas)	16945660-7/76263819-3/27	Fabian Pino (Isla)RevesderechoServicio Standar (R. Tiendas)	SI	6
16945660-7	Fabian Pino (Isla)	76263819-3	Revesderecho	28	Servicio Standar (Retail)	16945660-7/76263819-3/28	Fabian Pino (Isla)RevesderechoServicio Standar (Retail)	SI	6
16945660-7	Fabian Pino (Isla)	76263819-3	Revesderecho	29	Servicio Standar (Retorno)	16945660-7/76263819-3/29	Fabian Pino (Isla)RevesderechoServicio Standar (Retorno)	NO	0
16945660-7	Fabian Pino (Isla)	76263819-3	Revesderecho	30	Servicio Standar (SAC)	16945660-7/76263819-3/30	Fabian Pino (Isla)RevesderechoServicio Standar (SAC)	SI	5
16945660-7	Fabian Pino (Isla)	#N/D	Solventa	11	Servicio Standar	#N/D	Fabian Pino (Isla)SolventaServicio Standar	SI	2
16945660-7	Fabian Pino (Isla)	78347433-6	The Planners Group Spa	11	Servicio Standar	16945660-7/78347433-6/11	Fabian Pino (Isla)The Planners Group SpaServicio Standar	SI	2
16945660-7	Fabian Pino (Isla)	76058647-1	Verisure Spa	8	Retornos	16945660-7/76058647-1/8	Fabian Pino (Isla)Verisure SpaRetornos	SI	7
16945660-7	Fabian Pino (Isla)	76058647-1	Verisure Spa	11	Servicio Standar	16945660-7/76058647-1/11	Fabian Pino (Isla)Verisure SpaServicio Standar	SI	2
16945660-7	Fabian Pino (Isla)	76713273-5	(HN Metales) Inversiones Saldivia Spa	11	Servicio Standar	16945660-7/76713273-5/11	Fabian Pino (Isla)(HN Metales) Inversiones Saldivia SpaServicio Standar	SI	2
16945660-7	Fabian Pino (Isla)	#N/D	(Orquidea) Hilanderia Maisa	16	Servicio Standar (Ecommerce)	#N/D	Fabian Pino (Isla)(Orquidea) Hilanderia MaisaServicio Standar (Ecommerce)	SI	2
16945660-7	Fabian Pino (Isla)	79647180-8	Comercial Reginella Ltda	16	Servicio Standar (Ecommerce)	16945660-7/79647180-8/16	Fabian Pino (Isla)Comercial Reginella LtdaServicio Standar (Ecommerce)	SI	6
16945660-7	Fabian Pino (Isla)	78599750-6	InduAmbiente	20	Servicio Standar (Lanzado)	16945660-7/78599750-6/20	Fabian Pino (Isla)InduAmbienteServicio Standar (Lanzado)	SI	2
16945660-7	Fabian Pino (Isla)	60910000-1	Universidad de chile	11	Servicio Standar	16945660-7/60910000-1/11	Fabian Pino (Isla)Universidad de chileServicio Standar	SI	2
16945660-7	Fabian Pino (Isla)	77970068-2	Vinilo	11	Servicio Standar	16945660-7/77970068-2/11	Fabian Pino (Isla)ViniloServicio Standar	SI	2
77301587-2	Graciela Burgos (Copiapo)	76288430-5	(Postalchile) Sociedad De Distribucion Y Logistica Postalchile Ltda	15	Servicio Standar (Correspondencia)	77301587-2/76288430-5/15	Graciela Burgos (Copiapo)(Postalchile) Sociedad De Distribucion Y Logistica Postalchile LtdaServicio Standar (Correspondencia)	SI	2
77301587-2	Graciela Burgos (Copiapo)	76288430-5	(Postalchile) Sociedad De Distribucion Y Logistica Postalchile Ltda	16	Servicio Standar (Ecommerce)	77301587-2/76288430-5/16	Graciela Burgos (Copiapo)(Postalchile) Sociedad De Distribucion Y Logistica Postalchile LtdaServicio Standar (Ecommerce)	SI	2
77301587-2	Graciela Burgos (Copiapo)	76438001-0	(R. Ambiente) Ambiente diseño y Comunicacion Spa	11	Servicio Standar	77301587-2/76438001-0/11	Graciela Burgos (Copiapo)(R. Ambiente) Ambiente diseño y Comunicacion SpaServicio Standar	SI	15
77301587-2	Graciela Burgos (Copiapo)	77415130-3	(Ushop) Articulos Publicitarios LW	11	Servicio Standar	77301587-2/77415130-3/11	Graciela Burgos (Copiapo)(Ushop) Articulos Publicitarios LWServicio Standar	SI	2
77301587-2	Graciela Burgos (Copiapo)	77415130-3	(Ushop) Articulos Publicitarios LW	18	Servicio Standar (GMPI)	77301587-2/77415130-3/18	Graciela Burgos (Copiapo)(Ushop) Articulos Publicitarios LWServicio Standar (GMPI)	SI	2
77301587-2	Graciela Burgos (Copiapo)	77346078-7	4Nortes	1	Abastecimiento de insumos	77301587-2/77346078-7/1	Graciela Burgos (Copiapo)4NortesAbastecimiento de insumos	NO	0
77301587-2	Graciela Burgos (Copiapo)	77346078-7	4Nortes	11	Servicio Standar	77301587-2/77346078-7/11	Graciela Burgos (Copiapo)4NortesServicio Standar	NO	0
77301587-2	Graciela Burgos (Copiapo)	77346078-7	4Nortes	13	Servicio Standar (Compra Agil)	77301587-2/77346078-7/13	Graciela Burgos (Copiapo)4NortesServicio Standar (Compra Agil)	SI	2
77301587-2	Graciela Burgos (Copiapo)	77419350-2	Adhegraf	11	Servicio Standar	77301587-2/77419350-2/11	Graciela Burgos (Copiapo)AdhegrafServicio Standar	SI	2
77301587-2	Graciela Burgos (Copiapo)	96830710-k	Aimpresores	11	Servicio Standar	77301587-2/96830710-k/11	Graciela Burgos (Copiapo)AimpresoresServicio Standar	SI	2
77301587-2	Graciela Burgos (Copiapo)	96830710-k	Aimpresores	14	Servicio Standar (Condenast)	77301587-2/96830710-k/14	Graciela Burgos (Copiapo)AimpresoresServicio Standar (Condenast)	SI	2
77301587-2	Graciela Burgos (Copiapo)	96830710-k	Aimpresores	17	Servicio Standar (Fucoa)	77301587-2/96830710-k/17	Graciela Burgos (Copiapo)AimpresoresServicio Standar (Fucoa)	SI	2
77301587-2	Graciela Burgos (Copiapo)	77310592-8	BGB SPA	11	Servicio Standar	77301587-2/77310592-8/11	Graciela Burgos (Copiapo)BGB SPAServicio Standar	SI	2
77301587-2	Graciela Burgos (Copiapo)	81826800-9	Cajas Los Andes	8	Retornos	77301587-2/81826800-9/8	Graciela Burgos (Copiapo)Cajas Los AndesRetornos	SI	7
77301587-2	Graciela Burgos (Copiapo)	81826800-9	Cajas Los Andes	24	Servicio Standar (Providencia)	77301587-2/81826800-9/24	Graciela Burgos (Copiapo)Cajas Los AndesServicio Standar (Providencia)	SI	2
77301587-2	Graciela Burgos (Copiapo)	81826800-9	Cajas Los Andes	31	Servicio Standar (Stgo Alonso)	77301587-2/81826800-9/31	Graciela Burgos (Copiapo)Cajas Los AndesServicio Standar (Stgo Alonso)	SI	2
77301587-2	Graciela Burgos (Copiapo)	96950080-9	Chilepost	11	Servicio Standar	77301587-2/96950080-9/11	Graciela Burgos (Copiapo)ChilepostServicio Standar	SI	2
77301587-2	Graciela Burgos (Copiapo)	85037900-9	Comercial Peumo Ltda	33	Servicio Standar (V. Trabajadores)	77301587-2/85037900-9/33	Graciela Burgos (Copiapo)Comercial Peumo LtdaServicio Standar (V. Trabajadores)	REVISAR	0
77301587-2	Graciela Burgos (Copiapo)	79647180-8	Comercial Reginella Ltda	21	Servicio Standar (Mayorista)	77301587-2/79647180-8/21	Graciela Burgos (Copiapo)Comercial Reginella LtdaServicio Standar (Mayorista)	SI	6
77301587-2	Graciela Burgos (Copiapo)	76504464-2	Comercial VLB Ltda	11	Servicio Standar	77301587-2/76504464-2/11	Graciela Burgos (Copiapo)Comercial VLB LtdaServicio Standar	SI	2
77301587-2	Graciela Burgos (Copiapo)	96511460-2	Construmart	4	Correspondencia diaria	77301587-2/96511460-2/4	Graciela Burgos (Copiapo)ConstrumartCorrespondencia diaria	NO	2
77301587-2	Graciela Burgos (Copiapo)	96511460-2	Construmart	11	Servicio Standar	77301587-2/96511460-2/11	Graciela Burgos (Copiapo)ConstrumartServicio Standar	NO	2
77301587-2	Graciela Burgos (Copiapo)	89807200-2	Cruz Verde	3	Catalogo Publicitario	77301587-2/89807200-2/3	Graciela Burgos (Copiapo)Cruz VerdeCatalogo Publicitario	NO	2
77301587-2	Graciela Burgos (Copiapo)	89807200-2	Cruz Verde	5	Correspondencia diaria (Valijas)	77301587-2/89807200-2/5	Graciela Burgos (Copiapo)Cruz VerdeCorrespondencia diaria (Valijas)	NO	2
77301587-2	Graciela Burgos (Copiapo)	89807200-2	Cruz Verde	6	Material Publicitario	77301587-2/89807200-2/6	Graciela Burgos (Copiapo)Cruz VerdeMaterial Publicitario	NO	2
77301587-2	Graciela Burgos (Copiapo)	89807200-2	Cruz Verde	7	Retiro en ruta	77301587-2/89807200-2/7	Graciela Burgos (Copiapo)Cruz VerdeRetiro en ruta	NO	0
77301587-2	Graciela Burgos (Copiapo)	89807200-2	Cruz Verde	11	Servicio Standar	77301587-2/89807200-2/11	Graciela Burgos (Copiapo)Cruz VerdeServicio Standar	NO	2
77301587-2	Graciela Burgos (Copiapo)	89807200-2	Cruz Verde	19	Servicio Standar (Kit de ingreso)	77301587-2/89807200-2/19	Graciela Burgos (Copiapo)Cruz VerdeServicio Standar (Kit de ingreso)	NO	2
77301587-2	Graciela Burgos (Copiapo)	#N/D	Diario el Sur	11	Servicio Standar	#N/D	Graciela Burgos (Copiapo)Diario el SurServicio Standar	SI	2
77301587-2	Graciela Burgos (Copiapo)	#N/D	Disalcar	11	Servicio Standar	#N/D	Graciela Burgos (Copiapo)DisalcarServicio Standar	SI	2
77301587-2	Graciela Burgos (Copiapo)	78064534-2	Drop	11	Servicio Standar	77301587-2/78064534-2/11	Graciela Burgos (Copiapo)DropServicio Standar	SI	2
77301587-2	Graciela Burgos (Copiapo)	77907823-K	Ecopaños y Huaipes SPA	11	Servicio Standar	77301587-2/77907823-K/11	Graciela Burgos (Copiapo)Ecopaños y Huaipes SPAServicio Standar	SI	2
77301587-2	Graciela Burgos (Copiapo)	76377752-9	Ediciones Issue Spa	20	Servicio Standar (Lanzado)	77301587-2/76377752-9/20	Graciela Burgos (Copiapo)Ediciones Issue SpaServicio Standar (Lanzado)	SI	2
77301587-2	Graciela Burgos (Copiapo)	78445850-4	Envia Ltda	11	Servicio Standar	77301587-2/78445850-4/11	Graciela Burgos (Copiapo)Envia LtdaServicio Standar	SI	2
77301587-2	Graciela Burgos (Copiapo)	78293000-1	Global Courier SA	7	Retiro en ruta	77301587-2/78293000-1/7	Graciela Burgos (Copiapo)Global Courier SARetiro en ruta	SI	7
77301587-2	Graciela Burgos (Copiapo)	78293000-1	Global Courier SA	8	Retornos	77301587-2/78293000-1/8	Graciela Burgos (Copiapo)Global Courier SARetornos	SI	7
77301587-2	Graciela Burgos (Copiapo)	78293000-1	Global Courier SA	11	Servicio Standar	77301587-2/78293000-1/11	Graciela Burgos (Copiapo)Global Courier SAServicio Standar	SI	2
77301587-2	Graciela Burgos (Copiapo)	76631490-2	Global Med	11	Servicio Standar	77301587-2/76631490-2/11	Graciela Burgos (Copiapo)Global MedServicio Standar	SI	2
77301587-2	Graciela Burgos (Copiapo)	90106000-2	Grafica Quilicura	11	Servicio Standar	77301587-2/90106000-2/11	Graciela Burgos (Copiapo)Grafica QuilicuraServicio Standar	SI	2
77301587-2	Graciela Burgos (Copiapo)	90106000-2	Grafica Quilicura	25	Servicio Standar (R. Carabineros de chile)	77301587-2/90106000-2/25	Graciela Burgos (Copiapo)Grafica QuilicuraServicio Standar (R. Carabineros de chile)	SI	2
77301587-2	Graciela Burgos (Copiapo)	90106000-2	Grafica Quilicura	26	Servicio Standar (R. Los Heroes)	77301587-2/90106000-2/26	Graciela Burgos (Copiapo)Grafica QuilicuraServicio Standar (R. Los Heroes)	SI	2
77301587-2	Graciela Burgos (Copiapo)	77861584-3	Habasit	9	Servicio Sameday	77301587-2/77861584-3/9	Graciela Burgos (Copiapo)HabasitServicio Sameday	SI	2
77301587-2	Graciela Burgos (Copiapo)	77861584-3	Habasit	11	Servicio Standar	77301587-2/77861584-3/11	Graciela Burgos (Copiapo)HabasitServicio Standar	SI	2
77301587-2	Graciela Burgos (Copiapo)	76072176-K	Hemisferio Norte SA	11	Servicio Standar	77301587-2/76072176-K/11	Graciela Burgos (Copiapo)Hemisferio Norte SAServicio Standar	SI	2
77301587-2	Graciela Burgos (Copiapo)	76336423-2	Imprenta Babieca	11	Servicio Standar	77301587-2/76336423-2/11	Graciela Burgos (Copiapo)Imprenta BabiecaServicio Standar	SI	2
77301587-2	Graciela Burgos (Copiapo)	79840580-2	Imprenta Socias Ltda	11	Servicio Standar	77301587-2/79840580-2/11	Graciela Burgos (Copiapo)Imprenta Socias LtdaServicio Standar	SI	2
77301587-2	Graciela Burgos (Copiapo)	#N/D	La Hora	11	Servicio Standar	#N/D	Graciela Burgos (Copiapo)La HoraServicio Standar	SI	2
77301587-2	Graciela Burgos (Copiapo)	79500520-K	Maicao	2	Abastecimiento Uniformes	77301587-2/79500520-K/2	Graciela Burgos (Copiapo)MaicaoAbastecimiento Uniformes	SI	2
77301587-2	Graciela Burgos (Copiapo)	79500520-K	Maicao	3	Catalogo Publicitario	77301587-2/79500520-K/3	Graciela Burgos (Copiapo)MaicaoCatalogo Publicitario	NO	2
77301587-2	Graciela Burgos (Copiapo)	79500520-K	Maicao	4	Correspondencia diaria	77301587-2/79500520-K/4	Graciela Burgos (Copiapo)MaicaoCorrespondencia diaria	NO	2
77301587-2	Graciela Burgos (Copiapo)	79500520-K	Maicao	6	Material Publicitario	77301587-2/79500520-K/6	Graciela Burgos (Copiapo)MaicaoMaterial Publicitario	NO	2
77301587-2	Graciela Burgos (Copiapo)	79500520-K	Maicao	11	Servicio Standar	77301587-2/79500520-K/11	Graciela Burgos (Copiapo)MaicaoServicio Standar	NO	2
77301587-2	Graciela Burgos (Copiapo)	76057337-K	Nutrabody	16	Servicio Standar (Ecommerce)	77301587-2/76057337-K/16	Graciela Burgos (Copiapo)NutrabodyServicio Standar (Ecommerce)	SI	2
77301587-2	Graciela Burgos (Copiapo)	76710584-3	Opia Marcketing Spa	11	Servicio Standar	77301587-2/76710584-3/11	Graciela Burgos (Copiapo)Opia Marcketing SpaServicio Standar	SI	2
77301587-2	Graciela Burgos (Copiapo)	76012833-3	Rendic Hmnos	8	Retornos	77301587-2/76012833-3/8	Graciela Burgos (Copiapo)Rendic HmnosRetornos	SI	7
77301587-2	Graciela Burgos (Copiapo)	76012833-3	Rendic Hmnos	12	Servicio Standar (Alvi)	77301587-2/76012833-3/12	Graciela Burgos (Copiapo)Rendic HmnosServicio Standar (Alvi)	SI	2
77301587-2	Graciela Burgos (Copiapo)	76012833-3	Rendic Hmnos	22	Servicio Standar (Of. Central)	77301587-2/76012833-3/22	Graciela Burgos (Copiapo)Rendic HmnosServicio Standar (Of. Central)	SI	2
77301587-2	Graciela Burgos (Copiapo)	76012833-3	Rendic Hmnos	23	Servicio Standar (Proveedores)	77301587-2/76012833-3/23	Graciela Burgos (Copiapo)Rendic HmnosServicio Standar (Proveedores)	SI	2
77301587-2	Graciela Burgos (Copiapo)	76012833-3	Rendic Hmnos	32	Servicio Standar (Tecnologia)	77301587-2/76012833-3/32	Graciela Burgos (Copiapo)Rendic HmnosServicio Standar (Tecnologia)	SI	2
77301587-2	Graciela Burgos (Copiapo)	76012833-3	Rendic Hmnos	34	Servicio Standar (Valijas)	77301587-2/76012833-3/34	Graciela Burgos (Copiapo)Rendic HmnosServicio Standar (Valijas)	NO	2
77301587-2	Graciela Burgos (Copiapo)	76263819-3	Revesderecho	16	Servicio Standar (Ecommerce)	77301587-2/76263819-3/16	Graciela Burgos (Copiapo)RevesderechoServicio Standar (Ecommerce)	SI	5
77301587-2	Graciela Burgos (Copiapo)	76263819-3	Revesderecho	21	Servicio Standar (Mayorista)	77301587-2/76263819-3/21	Graciela Burgos (Copiapo)RevesderechoServicio Standar (Mayorista)	NO	0
77301587-2	Graciela Burgos (Copiapo)	76263819-3	Revesderecho	27	Servicio Standar (R. Tiendas)	77301587-2/76263819-3/27	Graciela Burgos (Copiapo)RevesderechoServicio Standar (R. Tiendas)	SI	6
77301587-2	Graciela Burgos (Copiapo)	76263819-3	Revesderecho	28	Servicio Standar (Retail)	77301587-2/76263819-3/28	Graciela Burgos (Copiapo)RevesderechoServicio Standar (Retail)	SI	6
77301587-2	Graciela Burgos (Copiapo)	76263819-3	Revesderecho	29	Servicio Standar (Retorno)	77301587-2/76263819-3/29	Graciela Burgos (Copiapo)RevesderechoServicio Standar (Retorno)	NO	0
77301587-2	Graciela Burgos (Copiapo)	76263819-3	Revesderecho	30	Servicio Standar (SAC)	77301587-2/76263819-3/30	Graciela Burgos (Copiapo)RevesderechoServicio Standar (SAC)	SI	5
77301587-2	Graciela Burgos (Copiapo)	#N/D	Solventa	11	Servicio Standar	#N/D	Graciela Burgos (Copiapo)SolventaServicio Standar	NO	0
77301587-2	Graciela Burgos (Copiapo)	78347433-6	The Planners Group Spa	11	Servicio Standar	77301587-2/78347433-6/11	Graciela Burgos (Copiapo)The Planners Group SpaServicio Standar	SI	2
77301587-2	Graciela Burgos (Copiapo)	76058647-1	Verisure Spa	8	Retornos	77301587-2/76058647-1/8	Graciela Burgos (Copiapo)Verisure SpaRetornos	SI	7
77301587-2	Graciela Burgos (Copiapo)	76058647-1	Verisure Spa	11	Servicio Standar	77301587-2/76058647-1/11	Graciela Burgos (Copiapo)Verisure SpaServicio Standar	SI	2
77301587-2	Graciela Burgos (Copiapo)	76713273-5	(HN Metales) Inversiones Saldivia Spa	11	Servicio Standar	77301587-2/76713273-5/11	Graciela Burgos (Copiapo)(HN Metales) Inversiones Saldivia SpaServicio Standar	SI	2
77301587-2	Graciela Burgos (Copiapo)	#N/D	(Orquidea) Hilanderia Maisa	16	Servicio Standar (Ecommerce)	#N/D	Graciela Burgos (Copiapo)(Orquidea) Hilanderia MaisaServicio Standar (Ecommerce)	SI	2
77301587-2	Graciela Burgos (Copiapo)	79647180-8	Comercial Reginella Ltda	16	Servicio Standar (Ecommerce)	77301587-2/79647180-8/16	Graciela Burgos (Copiapo)Comercial Reginella LtdaServicio Standar (Ecommerce)	SI	6
77301587-2	Graciela Burgos (Copiapo)	78599750-6	InduAmbiente	20	Servicio Standar (Lanzado)	77301587-2/78599750-6/20	Graciela Burgos (Copiapo)InduAmbienteServicio Standar (Lanzado)	SI	2
77301587-2	Graciela Burgos (Copiapo)	60910000-1	Universidad de chile	11	Servicio Standar	77301587-2/60910000-1/11	Graciela Burgos (Copiapo)Universidad de chileServicio Standar	SI	2
77301587-2	Graciela Burgos (Copiapo)	77970068-2	Vinilo	11	Servicio Standar	77301587-2/77970068-2/11	Graciela Burgos (Copiapo)ViniloServicio Standar	SI	2
77301587-2	Graciela Burgos (Vallenar)	76288430-5	(Postalchile) Sociedad De Distribucion Y Logistica Postalchile Ltda	15	Servicio Standar (Correspondencia)	77301587-2/76288430-5/15	Graciela Burgos (Vallenar)(Postalchile) Sociedad De Distribucion Y Logistica Postalchile LtdaServicio Standar (Correspondencia)	SI	2
77301587-2	Graciela Burgos (Vallenar)	76288430-5	(Postalchile) Sociedad De Distribucion Y Logistica Postalchile Ltda	16	Servicio Standar (Ecommerce)	77301587-2/76288430-5/16	Graciela Burgos (Vallenar)(Postalchile) Sociedad De Distribucion Y Logistica Postalchile LtdaServicio Standar (Ecommerce)	SI	2
77301587-2	Graciela Burgos (Vallenar)	76438001-0	(R. Ambiente) Ambiente diseño y Comunicacion Spa	11	Servicio Standar	77301587-2/76438001-0/11	Graciela Burgos (Vallenar)(R. Ambiente) Ambiente diseño y Comunicacion SpaServicio Standar	SI	15
77301587-2	Graciela Burgos (Vallenar)	77415130-3	(Ushop) Articulos Publicitarios LW	11	Servicio Standar	77301587-2/77415130-3/11	Graciela Burgos (Vallenar)(Ushop) Articulos Publicitarios LWServicio Standar	SI	2
77301587-2	Graciela Burgos (Vallenar)	77415130-3	(Ushop) Articulos Publicitarios LW	18	Servicio Standar (GMPI)	77301587-2/77415130-3/18	Graciela Burgos (Vallenar)(Ushop) Articulos Publicitarios LWServicio Standar (GMPI)	SI	2
77301587-2	Graciela Burgos (Vallenar)	77346078-7	4Nortes	1	Abastecimiento de insumos	77301587-2/77346078-7/1	Graciela Burgos (Vallenar)4NortesAbastecimiento de insumos	NO	0
77301587-2	Graciela Burgos (Vallenar)	77346078-7	4Nortes	11	Servicio Standar	77301587-2/77346078-7/11	Graciela Burgos (Vallenar)4NortesServicio Standar	NO	0
77301587-2	Graciela Burgos (Vallenar)	77346078-7	4Nortes	13	Servicio Standar (Compra Agil)	77301587-2/77346078-7/13	Graciela Burgos (Vallenar)4NortesServicio Standar (Compra Agil)	SI	2
77301587-2	Graciela Burgos (Vallenar)	77419350-2	Adhegraf	11	Servicio Standar	77301587-2/77419350-2/11	Graciela Burgos (Vallenar)AdhegrafServicio Standar	SI	2
77301587-2	Graciela Burgos (Vallenar)	96830710-k	Aimpresores	11	Servicio Standar	77301587-2/96830710-k/11	Graciela Burgos (Vallenar)AimpresoresServicio Standar	SI	2
77301587-2	Graciela Burgos (Vallenar)	96830710-k	Aimpresores	14	Servicio Standar (Condenast)	77301587-2/96830710-k/14	Graciela Burgos (Vallenar)AimpresoresServicio Standar (Condenast)	SI	2
77301587-2	Graciela Burgos (Vallenar)	96830710-k	Aimpresores	17	Servicio Standar (Fucoa)	77301587-2/96830710-k/17	Graciela Burgos (Vallenar)AimpresoresServicio Standar (Fucoa)	SI	2
77301587-2	Graciela Burgos (Vallenar)	77310592-8	BGB SPA	11	Servicio Standar	77301587-2/77310592-8/11	Graciela Burgos (Vallenar)BGB SPAServicio Standar	SI	2
77301587-2	Graciela Burgos (Vallenar)	81826800-9	Cajas Los Andes	8	Retornos	77301587-2/81826800-9/8	Graciela Burgos (Vallenar)Cajas Los AndesRetornos	SI	7
77301587-2	Graciela Burgos (Vallenar)	81826800-9	Cajas Los Andes	24	Servicio Standar (Providencia)	77301587-2/81826800-9/24	Graciela Burgos (Vallenar)Cajas Los AndesServicio Standar (Providencia)	SI	2
77301587-2	Graciela Burgos (Vallenar)	81826800-9	Cajas Los Andes	31	Servicio Standar (Stgo Alonso)	77301587-2/81826800-9/31	Graciela Burgos (Vallenar)Cajas Los AndesServicio Standar (Stgo Alonso)	SI	2
77301587-2	Graciela Burgos (Vallenar)	96950080-9	Chilepost	11	Servicio Standar	77301587-2/96950080-9/11	Graciela Burgos (Vallenar)ChilepostServicio Standar	SI	2
77301587-2	Graciela Burgos (Vallenar)	85037900-9	Comercial Peumo Ltda	33	Servicio Standar (V. Trabajadores)	77301587-2/85037900-9/33	Graciela Burgos (Vallenar)Comercial Peumo LtdaServicio Standar (V. Trabajadores)	REVISAR	0
77301587-2	Graciela Burgos (Vallenar)	79647180-8	Comercial Reginella Ltda	21	Servicio Standar (Mayorista)	77301587-2/79647180-8/21	Graciela Burgos (Vallenar)Comercial Reginella LtdaServicio Standar (Mayorista)	SI	6
77301587-2	Graciela Burgos (Vallenar)	76504464-2	Comercial VLB Ltda	11	Servicio Standar	77301587-2/76504464-2/11	Graciela Burgos (Vallenar)Comercial VLB LtdaServicio Standar	SI	2
77301587-2	Graciela Burgos (Vallenar)	96511460-2	Construmart	4	Correspondencia diaria	77301587-2/96511460-2/4	Graciela Burgos (Vallenar)ConstrumartCorrespondencia diaria	NO	0
77301587-2	Graciela Burgos (Vallenar)	96511460-2	Construmart	11	Servicio Standar	77301587-2/96511460-2/11	Graciela Burgos (Vallenar)ConstrumartServicio Standar	NO	0
77301587-2	Graciela Burgos (Vallenar)	89807200-2	Cruz Verde	3	Catalogo Publicitario	77301587-2/89807200-2/3	Graciela Burgos (Vallenar)Cruz VerdeCatalogo Publicitario	NO	0
77301587-2	Graciela Burgos (Vallenar)	89807200-2	Cruz Verde	5	Correspondencia diaria (Valijas)	77301587-2/89807200-2/5	Graciela Burgos (Vallenar)Cruz VerdeCorrespondencia diaria (Valijas)	NO	0
77301587-2	Graciela Burgos (Vallenar)	89807200-2	Cruz Verde	6	Material Publicitario	77301587-2/89807200-2/6	Graciela Burgos (Vallenar)Cruz VerdeMaterial Publicitario	NO	0
77301587-2	Graciela Burgos (Vallenar)	89807200-2	Cruz Verde	7	Retiro en ruta	77301587-2/89807200-2/7	Graciela Burgos (Vallenar)Cruz VerdeRetiro en ruta	NO	0
77301587-2	Graciela Burgos (Vallenar)	89807200-2	Cruz Verde	11	Servicio Standar	77301587-2/89807200-2/11	Graciela Burgos (Vallenar)Cruz VerdeServicio Standar	NO	0
77301587-2	Graciela Burgos (Vallenar)	89807200-2	Cruz Verde	19	Servicio Standar (Kit de ingreso)	77301587-2/89807200-2/19	Graciela Burgos (Vallenar)Cruz VerdeServicio Standar (Kit de ingreso)	NO	0
77301587-2	Graciela Burgos (Vallenar)	#N/D	Diario el Sur	11	Servicio Standar	#N/D	Graciela Burgos (Vallenar)Diario el SurServicio Standar	SI	2
77301587-2	Graciela Burgos (Vallenar)	#N/D	Disalcar	11	Servicio Standar	#N/D	Graciela Burgos (Vallenar)DisalcarServicio Standar	SI	2
77301587-2	Graciela Burgos (Vallenar)	78064534-2	Drop	11	Servicio Standar	77301587-2/78064534-2/11	Graciela Burgos (Vallenar)DropServicio Standar	SI	2
77301587-2	Graciela Burgos (Vallenar)	77907823-K	Ecopaños y Huaipes SPA	11	Servicio Standar	77301587-2/77907823-K/11	Graciela Burgos (Vallenar)Ecopaños y Huaipes SPAServicio Standar	SI	2
77301587-2	Graciela Burgos (Vallenar)	76377752-9	Ediciones Issue Spa	20	Servicio Standar (Lanzado)	77301587-2/76377752-9/20	Graciela Burgos (Vallenar)Ediciones Issue SpaServicio Standar (Lanzado)	SI	2
77301587-2	Graciela Burgos (Vallenar)	78445850-4	Envia Ltda	11	Servicio Standar	77301587-2/78445850-4/11	Graciela Burgos (Vallenar)Envia LtdaServicio Standar	SI	2
77301587-2	Graciela Burgos (Vallenar)	78293000-1	Global Courier SA	7	Retiro en ruta	77301587-2/78293000-1/7	Graciela Burgos (Vallenar)Global Courier SARetiro en ruta	SI	7
77301587-2	Graciela Burgos (Vallenar)	78293000-1	Global Courier SA	8	Retornos	77301587-2/78293000-1/8	Graciela Burgos (Vallenar)Global Courier SARetornos	SI	7
77301587-2	Graciela Burgos (Vallenar)	78293000-1	Global Courier SA	11	Servicio Standar	77301587-2/78293000-1/11	Graciela Burgos (Vallenar)Global Courier SAServicio Standar	SI	2
77301587-2	Graciela Burgos (Vallenar)	76631490-2	Global Med	11	Servicio Standar	77301587-2/76631490-2/11	Graciela Burgos (Vallenar)Global MedServicio Standar	SI	2
77301587-2	Graciela Burgos (Vallenar)	90106000-2	Grafica Quilicura	11	Servicio Standar	77301587-2/90106000-2/11	Graciela Burgos (Vallenar)Grafica QuilicuraServicio Standar	SI	2
77301587-2	Graciela Burgos (Vallenar)	90106000-2	Grafica Quilicura	25	Servicio Standar (R. Carabineros de chile)	77301587-2/90106000-2/25	Graciela Burgos (Vallenar)Grafica QuilicuraServicio Standar (R. Carabineros de chile)	SI	2
77301587-2	Graciela Burgos (Vallenar)	90106000-2	Grafica Quilicura	26	Servicio Standar (R. Los Heroes)	77301587-2/90106000-2/26	Graciela Burgos (Vallenar)Grafica QuilicuraServicio Standar (R. Los Heroes)	SI	2
77301587-2	Graciela Burgos (Vallenar)	77861584-3	Habasit	9	Servicio Sameday	77301587-2/77861584-3/9	Graciela Burgos (Vallenar)HabasitServicio Sameday	SI	2
77301587-2	Graciela Burgos (Vallenar)	77861584-3	Habasit	11	Servicio Standar	77301587-2/77861584-3/11	Graciela Burgos (Vallenar)HabasitServicio Standar	SI	2
77301587-2	Graciela Burgos (Vallenar)	76072176-K	Hemisferio Norte SA	11	Servicio Standar	77301587-2/76072176-K/11	Graciela Burgos (Vallenar)Hemisferio Norte SAServicio Standar	SI	2
77301587-2	Graciela Burgos (Vallenar)	76336423-2	Imprenta Babieca	11	Servicio Standar	77301587-2/76336423-2/11	Graciela Burgos (Vallenar)Imprenta BabiecaServicio Standar	SI	2
77301587-2	Graciela Burgos (Vallenar)	79840580-2	Imprenta Socias Ltda	11	Servicio Standar	77301587-2/79840580-2/11	Graciela Burgos (Vallenar)Imprenta Socias LtdaServicio Standar	SI	2
77301587-2	Graciela Burgos (Vallenar)	#N/D	La Hora	11	Servicio Standar	#N/D	Graciela Burgos (Vallenar)La HoraServicio Standar	SI	2
77301587-2	Graciela Burgos (Vallenar)	79500520-K	Maicao	2	Abastecimiento Uniformes	77301587-2/79500520-K/2	Graciela Burgos (Vallenar)MaicaoAbastecimiento Uniformes	NO	2
77301587-2	Graciela Burgos (Vallenar)	79500520-K	Maicao	3	Catalogo Publicitario	77301587-2/79500520-K/3	Graciela Burgos (Vallenar)MaicaoCatalogo Publicitario	NO	2
77301587-2	Graciela Burgos (Vallenar)	79500520-K	Maicao	4	Correspondencia diaria	77301587-2/79500520-K/4	Graciela Burgos (Vallenar)MaicaoCorrespondencia diaria	NO	2
77301587-2	Graciela Burgos (Vallenar)	79500520-K	Maicao	6	Material Publicitario	77301587-2/79500520-K/6	Graciela Burgos (Vallenar)MaicaoMaterial Publicitario	NO	2
77301587-2	Graciela Burgos (Vallenar)	79500520-K	Maicao	11	Servicio Standar	77301587-2/79500520-K/11	Graciela Burgos (Vallenar)MaicaoServicio Standar	NO	2
77301587-2	Graciela Burgos (Vallenar)	76057337-K	Nutrabody	16	Servicio Standar (Ecommerce)	77301587-2/76057337-K/16	Graciela Burgos (Vallenar)NutrabodyServicio Standar (Ecommerce)	SI	2
77301587-2	Graciela Burgos (Vallenar)	76710584-3	Opia Marcketing Spa	11	Servicio Standar	77301587-2/76710584-3/11	Graciela Burgos (Vallenar)Opia Marcketing SpaServicio Standar	SI	2
77301587-2	Graciela Burgos (Vallenar)	76012833-3	Rendic Hmnos	8	Retornos	77301587-2/76012833-3/8	Graciela Burgos (Vallenar)Rendic HmnosRetornos	NO	0
77301587-2	Graciela Burgos (Vallenar)	76012833-3	Rendic Hmnos	12	Servicio Standar (Alvi)	77301587-2/76012833-3/12	Graciela Burgos (Vallenar)Rendic HmnosServicio Standar (Alvi)	SI	2
77301587-2	Graciela Burgos (Vallenar)	76012833-3	Rendic Hmnos	22	Servicio Standar (Of. Central)	77301587-2/76012833-3/22	Graciela Burgos (Vallenar)Rendic HmnosServicio Standar (Of. Central)	SI	2
77301587-2	Graciela Burgos (Vallenar)	76012833-3	Rendic Hmnos	23	Servicio Standar (Proveedores)	77301587-2/76012833-3/23	Graciela Burgos (Vallenar)Rendic HmnosServicio Standar (Proveedores)	SI	2
77301587-2	Graciela Burgos (Vallenar)	76012833-3	Rendic Hmnos	32	Servicio Standar (Tecnologia)	77301587-2/76012833-3/32	Graciela Burgos (Vallenar)Rendic HmnosServicio Standar (Tecnologia)	SI	2
77301587-2	Graciela Burgos (Vallenar)	76012833-3	Rendic Hmnos	34	Servicio Standar (Valijas)	77301587-2/76012833-3/34	Graciela Burgos (Vallenar)Rendic HmnosServicio Standar (Valijas)	NO	2
77301587-2	Graciela Burgos (Vallenar)	76263819-3	Revesderecho	16	Servicio Standar (Ecommerce)	77301587-2/76263819-3/16	Graciela Burgos (Vallenar)RevesderechoServicio Standar (Ecommerce)	SI	5
77301587-2	Graciela Burgos (Vallenar)	76263819-3	Revesderecho	21	Servicio Standar (Mayorista)	77301587-2/76263819-3/21	Graciela Burgos (Vallenar)RevesderechoServicio Standar (Mayorista)	NO	0
77301587-2	Graciela Burgos (Vallenar)	76263819-3	Revesderecho	27	Servicio Standar (R. Tiendas)	77301587-2/76263819-3/27	Graciela Burgos (Vallenar)RevesderechoServicio Standar (R. Tiendas)	SI	6
77301587-2	Graciela Burgos (Vallenar)	76263819-3	Revesderecho	28	Servicio Standar (Retail)	77301587-2/76263819-3/28	Graciela Burgos (Vallenar)RevesderechoServicio Standar (Retail)	SI	6
77301587-2	Graciela Burgos (Vallenar)	76263819-3	Revesderecho	29	Servicio Standar (Retorno)	77301587-2/76263819-3/29	Graciela Burgos (Vallenar)RevesderechoServicio Standar (Retorno)	NO	0
77301587-2	Graciela Burgos (Vallenar)	76263819-3	Revesderecho	30	Servicio Standar (SAC)	77301587-2/76263819-3/30	Graciela Burgos (Vallenar)RevesderechoServicio Standar (SAC)	SI	5
77301587-2	Graciela Burgos (Vallenar)	#N/D	Solventa	11	Servicio Standar	#N/D	Graciela Burgos (Vallenar)SolventaServicio Standar	NO	0
77301587-2	Graciela Burgos (Vallenar)	78347433-6	The Planners Group Spa	11	Servicio Standar	77301587-2/78347433-6/11	Graciela Burgos (Vallenar)The Planners Group SpaServicio Standar	SI	2
77301587-2	Graciela Burgos (Vallenar)	76058647-1	Verisure Spa	8	Retornos	77301587-2/76058647-1/8	Graciela Burgos (Vallenar)Verisure SpaRetornos	SI	7
77301587-2	Graciela Burgos (Vallenar)	76058647-1	Verisure Spa	11	Servicio Standar	77301587-2/76058647-1/11	Graciela Burgos (Vallenar)Verisure SpaServicio Standar	SI	2
77301587-2	Graciela Burgos (Vallenar)	76713273-5	(HN Metales) Inversiones Saldivia Spa	11	Servicio Standar	77301587-2/76713273-5/11	Graciela Burgos (Vallenar)(HN Metales) Inversiones Saldivia SpaServicio Standar	SI	2
77301587-2	Graciela Burgos (Vallenar)	#N/D	(Orquidea) Hilanderia Maisa	16	Servicio Standar (Ecommerce)	#N/D	Graciela Burgos (Vallenar)(Orquidea) Hilanderia MaisaServicio Standar (Ecommerce)	SI	2
77301587-2	Graciela Burgos (Vallenar)	79647180-8	Comercial Reginella Ltda	16	Servicio Standar (Ecommerce)	77301587-2/79647180-8/16	Graciela Burgos (Vallenar)Comercial Reginella LtdaServicio Standar (Ecommerce)	SI	6
77301587-2	Graciela Burgos (Vallenar)	78599750-6	InduAmbiente	20	Servicio Standar (Lanzado)	77301587-2/78599750-6/20	Graciela Burgos (Vallenar)InduAmbienteServicio Standar (Lanzado)	SI	2
77301587-2	Graciela Burgos (Vallenar)	60910000-1	Universidad de chile	11	Servicio Standar	77301587-2/60910000-1/11	Graciela Burgos (Vallenar)Universidad de chileServicio Standar	SI	2
77301587-2	Graciela Burgos (Vallenar)	77970068-2	Vinilo	11	Servicio Standar	77301587-2/77970068-2/11	Graciela Burgos (Vallenar)ViniloServicio Standar	SI	2
9846947-8	Hector Rivera (Coquimbo)	76288430-5	(Postalchile) Sociedad De Distribucion Y Logistica Postalchile Ltda	15	Servicio Standar (Correspondencia)	9846947-8/76288430-5/15	Hector Rivera (Coquimbo)(Postalchile) Sociedad De Distribucion Y Logistica Postalchile LtdaServicio Standar (Correspondencia)	SI	2
9846947-8	Hector Rivera (Coquimbo)	76288430-5	(Postalchile) Sociedad De Distribucion Y Logistica Postalchile Ltda	16	Servicio Standar (Ecommerce)	9846947-8/76288430-5/16	Hector Rivera (Coquimbo)(Postalchile) Sociedad De Distribucion Y Logistica Postalchile LtdaServicio Standar (Ecommerce)	SI	2
9846947-8	Hector Rivera (Coquimbo)	76438001-0	(R. Ambiente) Ambiente diseño y Comunicacion Spa	11	Servicio Standar	9846947-8/76438001-0/11	Hector Rivera (Coquimbo)(R. Ambiente) Ambiente diseño y Comunicacion SpaServicio Standar	SI	15
9846947-8	Hector Rivera (Coquimbo)	77415130-3	(Ushop) Articulos Publicitarios LW	11	Servicio Standar	9846947-8/77415130-3/11	Hector Rivera (Coquimbo)(Ushop) Articulos Publicitarios LWServicio Standar	SI	2
9846947-8	Hector Rivera (Coquimbo)	77415130-3	(Ushop) Articulos Publicitarios LW	18	Servicio Standar (GMPI)	9846947-8/77415130-3/18	Hector Rivera (Coquimbo)(Ushop) Articulos Publicitarios LWServicio Standar (GMPI)	SI	2
9846947-8	Hector Rivera (Coquimbo)	77346078-7	4Nortes	1	Abastecimiento de insumos	9846947-8/77346078-7/1	Hector Rivera (Coquimbo)4NortesAbastecimiento de insumos	NO	0
9846947-8	Hector Rivera (Coquimbo)	77346078-7	4Nortes	11	Servicio Standar	9846947-8/77346078-7/11	Hector Rivera (Coquimbo)4NortesServicio Standar	NO	0
9846947-8	Hector Rivera (Coquimbo)	77346078-7	4Nortes	13	Servicio Standar (Compra Agil)	9846947-8/77346078-7/13	Hector Rivera (Coquimbo)4NortesServicio Standar (Compra Agil)	SI	2
9846947-8	Hector Rivera (Coquimbo)	77419350-2	Adhegraf	11	Servicio Standar	9846947-8/77419350-2/11	Hector Rivera (Coquimbo)AdhegrafServicio Standar	SI	2
9846947-8	Hector Rivera (Coquimbo)	96830710-k	Aimpresores	11	Servicio Standar	9846947-8/96830710-k/11	Hector Rivera (Coquimbo)AimpresoresServicio Standar	SI	2
9846947-8	Hector Rivera (Coquimbo)	96830710-k	Aimpresores	14	Servicio Standar (Condenast)	9846947-8/96830710-k/14	Hector Rivera (Coquimbo)AimpresoresServicio Standar (Condenast)	SI	2
9846947-8	Hector Rivera (Coquimbo)	96830710-k	Aimpresores	17	Servicio Standar (Fucoa)	9846947-8/96830710-k/17	Hector Rivera (Coquimbo)AimpresoresServicio Standar (Fucoa)	SI	2
9846947-8	Hector Rivera (Coquimbo)	77310592-8	BGB SPA	11	Servicio Standar	9846947-8/77310592-8/11	Hector Rivera (Coquimbo)BGB SPAServicio Standar	SI	2
9846947-8	Hector Rivera (Coquimbo)	81826800-9	Cajas Los Andes	8	Retornos	9846947-8/81826800-9/8	Hector Rivera (Coquimbo)Cajas Los AndesRetornos	SI	7
9846947-8	Hector Rivera (Coquimbo)	81826800-9	Cajas Los Andes	24	Servicio Standar (Providencia)	9846947-8/81826800-9/24	Hector Rivera (Coquimbo)Cajas Los AndesServicio Standar (Providencia)	SI	2
9846947-8	Hector Rivera (Coquimbo)	81826800-9	Cajas Los Andes	31	Servicio Standar (Stgo Alonso)	9846947-8/81826800-9/31	Hector Rivera (Coquimbo)Cajas Los AndesServicio Standar (Stgo Alonso)	SI	2
9846947-8	Hector Rivera (Coquimbo)	96950080-9	Chilepost	11	Servicio Standar	9846947-8/96950080-9/11	Hector Rivera (Coquimbo)ChilepostServicio Standar	SI	2
9846947-8	Hector Rivera (Coquimbo)	85037900-9	Comercial Peumo Ltda	33	Servicio Standar (V. Trabajadores)	9846947-8/85037900-9/33	Hector Rivera (Coquimbo)Comercial Peumo LtdaServicio Standar (V. Trabajadores)	REVISAR	0
9846947-8	Hector Rivera (Coquimbo)	79647180-8	Comercial Reginella Ltda	21	Servicio Standar (Mayorista)	9846947-8/79647180-8/21	Hector Rivera (Coquimbo)Comercial Reginella LtdaServicio Standar (Mayorista)	SI	6
9846947-8	Hector Rivera (Coquimbo)	76504464-2	Comercial VLB Ltda	11	Servicio Standar	9846947-8/76504464-2/11	Hector Rivera (Coquimbo)Comercial VLB LtdaServicio Standar	SI	2
9846947-8	Hector Rivera (Coquimbo)	96511460-2	Construmart	4	Correspondencia diaria	9846947-8/96511460-2/4	Hector Rivera (Coquimbo)ConstrumartCorrespondencia diaria	NO	0
9846947-8	Hector Rivera (Coquimbo)	96511460-2	Construmart	11	Servicio Standar	9846947-8/96511460-2/11	Hector Rivera (Coquimbo)ConstrumartServicio Standar	NO	0
9846947-8	Hector Rivera (Coquimbo)	89807200-2	Cruz Verde	3	Catalogo Publicitario	9846947-8/89807200-2/3	Hector Rivera (Coquimbo)Cruz VerdeCatalogo Publicitario	NO	0
9846947-8	Hector Rivera (Coquimbo)	89807200-2	Cruz Verde	5	Correspondencia diaria (Valijas)	9846947-8/89807200-2/5	Hector Rivera (Coquimbo)Cruz VerdeCorrespondencia diaria (Valijas)	NO	0
9846947-8	Hector Rivera (Coquimbo)	89807200-2	Cruz Verde	6	Material Publicitario	9846947-8/89807200-2/6	Hector Rivera (Coquimbo)Cruz VerdeMaterial Publicitario	NO	0
9846947-8	Hector Rivera (Coquimbo)	89807200-2	Cruz Verde	7	Retiro en ruta	9846947-8/89807200-2/7	Hector Rivera (Coquimbo)Cruz VerdeRetiro en ruta	NO	0
9846947-8	Hector Rivera (Coquimbo)	89807200-2	Cruz Verde	11	Servicio Standar	9846947-8/89807200-2/11	Hector Rivera (Coquimbo)Cruz VerdeServicio Standar	NO	0
9846947-8	Hector Rivera (Coquimbo)	89807200-2	Cruz Verde	19	Servicio Standar (Kit de ingreso)	9846947-8/89807200-2/19	Hector Rivera (Coquimbo)Cruz VerdeServicio Standar (Kit de ingreso)	NO	0
9846947-8	Hector Rivera (Coquimbo)	#N/D	Diario el Sur	11	Servicio Standar	#N/D	Hector Rivera (Coquimbo)Diario el SurServicio Standar	NO	0
9846947-8	Hector Rivera (Coquimbo)	#N/D	Disalcar	11	Servicio Standar	#N/D	Hector Rivera (Coquimbo)DisalcarServicio Standar	SI	2
9846947-8	Hector Rivera (Coquimbo)	78064534-2	Drop	11	Servicio Standar	9846947-8/78064534-2/11	Hector Rivera (Coquimbo)DropServicio Standar	SI	2
9846947-8	Hector Rivera (Coquimbo)	77907823-K	Ecopaños y Huaipes SPA	11	Servicio Standar	9846947-8/77907823-K/11	Hector Rivera (Coquimbo)Ecopaños y Huaipes SPAServicio Standar	SI	2
9846947-8	Hector Rivera (Coquimbo)	76377752-9	Ediciones Issue Spa	20	Servicio Standar (Lanzado)	9846947-8/76377752-9/20	Hector Rivera (Coquimbo)Ediciones Issue SpaServicio Standar (Lanzado)	SI	2
9846947-8	Hector Rivera (Coquimbo)	78445850-4	Envia Ltda	11	Servicio Standar	9846947-8/78445850-4/11	Hector Rivera (Coquimbo)Envia LtdaServicio Standar	SI	2
9846947-8	Hector Rivera (Coquimbo)	78293000-1	Global Courier SA	7	Retiro en ruta	9846947-8/78293000-1/7	Hector Rivera (Coquimbo)Global Courier SARetiro en ruta	SI	7
9846947-8	Hector Rivera (Coquimbo)	78293000-1	Global Courier SA	8	Retornos	9846947-8/78293000-1/8	Hector Rivera (Coquimbo)Global Courier SARetornos	SI	7
9846947-8	Hector Rivera (Coquimbo)	78293000-1	Global Courier SA	11	Servicio Standar	9846947-8/78293000-1/11	Hector Rivera (Coquimbo)Global Courier SAServicio Standar	SI	2
9846947-8	Hector Rivera (Coquimbo)	76631490-2	Global Med	11	Servicio Standar	9846947-8/76631490-2/11	Hector Rivera (Coquimbo)Global MedServicio Standar	SI	2
9846947-8	Hector Rivera (Coquimbo)	90106000-2	Grafica Quilicura	11	Servicio Standar	9846947-8/90106000-2/11	Hector Rivera (Coquimbo)Grafica QuilicuraServicio Standar	SI	2
9846947-8	Hector Rivera (Coquimbo)	90106000-2	Grafica Quilicura	25	Servicio Standar (R. Carabineros de chile)	9846947-8/90106000-2/25	Hector Rivera (Coquimbo)Grafica QuilicuraServicio Standar (R. Carabineros de chile)	SI	2
9846947-8	Hector Rivera (Coquimbo)	90106000-2	Grafica Quilicura	26	Servicio Standar (R. Los Heroes)	9846947-8/90106000-2/26	Hector Rivera (Coquimbo)Grafica QuilicuraServicio Standar (R. Los Heroes)	SI	2
9846947-8	Hector Rivera (Coquimbo)	77861584-3	Habasit	9	Servicio Sameday	9846947-8/77861584-3/9	Hector Rivera (Coquimbo)HabasitServicio Sameday	SI	2
9846947-8	Hector Rivera (Coquimbo)	77861584-3	Habasit	11	Servicio Standar	9846947-8/77861584-3/11	Hector Rivera (Coquimbo)HabasitServicio Standar	SI	2
9846947-8	Hector Rivera (Coquimbo)	76072176-K	Hemisferio Norte SA	11	Servicio Standar	9846947-8/76072176-K/11	Hector Rivera (Coquimbo)Hemisferio Norte SAServicio Standar	SI	2
9846947-8	Hector Rivera (Coquimbo)	76336423-2	Imprenta Babieca	11	Servicio Standar	9846947-8/76336423-2/11	Hector Rivera (Coquimbo)Imprenta BabiecaServicio Standar	SI	2
9846947-8	Hector Rivera (Coquimbo)	79840580-2	Imprenta Socias Ltda	11	Servicio Standar	9846947-8/79840580-2/11	Hector Rivera (Coquimbo)Imprenta Socias LtdaServicio Standar	SI	2
9846947-8	Hector Rivera (Coquimbo)	#N/D	La Hora	11	Servicio Standar	#N/D	Hector Rivera (Coquimbo)La HoraServicio Standar	SI	2
9846947-8	Hector Rivera (Coquimbo)	79500520-K	Maicao	2	Abastecimiento Uniformes	9846947-8/79500520-K/2	Hector Rivera (Coquimbo)MaicaoAbastecimiento Uniformes	NO	0
9846947-8	Hector Rivera (Coquimbo)	79500520-K	Maicao	3	Catalogo Publicitario	9846947-8/79500520-K/3	Hector Rivera (Coquimbo)MaicaoCatalogo Publicitario	NO	0
9846947-8	Hector Rivera (Coquimbo)	79500520-K	Maicao	4	Correspondencia diaria	9846947-8/79500520-K/4	Hector Rivera (Coquimbo)MaicaoCorrespondencia diaria	NO	0
9846947-8	Hector Rivera (Coquimbo)	79500520-K	Maicao	6	Material Publicitario	9846947-8/79500520-K/6	Hector Rivera (Coquimbo)MaicaoMaterial Publicitario	NO	0
9846947-8	Hector Rivera (Coquimbo)	79500520-K	Maicao	11	Servicio Standar	9846947-8/79500520-K/11	Hector Rivera (Coquimbo)MaicaoServicio Standar	NO	0
9846947-8	Hector Rivera (Coquimbo)	76057337-K	Nutrabody	16	Servicio Standar (Ecommerce)	9846947-8/76057337-K/16	Hector Rivera (Coquimbo)NutrabodyServicio Standar (Ecommerce)	SI	2
9846947-8	Hector Rivera (Coquimbo)	76710584-3	Opia Marcketing Spa	11	Servicio Standar	9846947-8/76710584-3/11	Hector Rivera (Coquimbo)Opia Marcketing SpaServicio Standar	SI	2
9846947-8	Hector Rivera (Coquimbo)	76012833-3	Rendic Hmnos	8	Retornos	9846947-8/76012833-3/8	Hector Rivera (Coquimbo)Rendic HmnosRetornos	SI	7
9846947-8	Hector Rivera (Coquimbo)	76012833-3	Rendic Hmnos	12	Servicio Standar (Alvi)	9846947-8/76012833-3/12	Hector Rivera (Coquimbo)Rendic HmnosServicio Standar (Alvi)	SI	2
9846947-8	Hector Rivera (Coquimbo)	76012833-3	Rendic Hmnos	22	Servicio Standar (Of. Central)	9846947-8/76012833-3/22	Hector Rivera (Coquimbo)Rendic HmnosServicio Standar (Of. Central)	SI	2
9846947-8	Hector Rivera (Coquimbo)	76012833-3	Rendic Hmnos	23	Servicio Standar (Proveedores)	9846947-8/76012833-3/23	Hector Rivera (Coquimbo)Rendic HmnosServicio Standar (Proveedores)	SI	2
9846947-8	Hector Rivera (Coquimbo)	76012833-3	Rendic Hmnos	32	Servicio Standar (Tecnologia)	9846947-8/76012833-3/32	Hector Rivera (Coquimbo)Rendic HmnosServicio Standar (Tecnologia)	SI	2
9846947-8	Hector Rivera (Coquimbo)	76012833-3	Rendic Hmnos	34	Servicio Standar (Valijas)	9846947-8/76012833-3/34	Hector Rivera (Coquimbo)Rendic HmnosServicio Standar (Valijas)	NO	0
9846947-8	Hector Rivera (Coquimbo)	76263819-3	Revesderecho	16	Servicio Standar (Ecommerce)	9846947-8/76263819-3/16	Hector Rivera (Coquimbo)RevesderechoServicio Standar (Ecommerce)	SI	5
9846947-8	Hector Rivera (Coquimbo)	76263819-3	Revesderecho	21	Servicio Standar (Mayorista)	9846947-8/76263819-3/21	Hector Rivera (Coquimbo)RevesderechoServicio Standar (Mayorista)	NO	0
9846947-8	Hector Rivera (Coquimbo)	76263819-3	Revesderecho	27	Servicio Standar (R. Tiendas)	9846947-8/76263819-3/27	Hector Rivera (Coquimbo)RevesderechoServicio Standar (R. Tiendas)	SI	6
9846947-8	Hector Rivera (Coquimbo)	76263819-3	Revesderecho	28	Servicio Standar (Retail)	9846947-8/76263819-3/28	Hector Rivera (Coquimbo)RevesderechoServicio Standar (Retail)	SI	6
9846947-8	Hector Rivera (Coquimbo)	76263819-3	Revesderecho	29	Servicio Standar (Retorno)	9846947-8/76263819-3/29	Hector Rivera (Coquimbo)RevesderechoServicio Standar (Retorno)	NO	0
9846947-8	Hector Rivera (Coquimbo)	76263819-3	Revesderecho	30	Servicio Standar (SAC)	9846947-8/76263819-3/30	Hector Rivera (Coquimbo)RevesderechoServicio Standar (SAC)	SI	5
9846947-8	Hector Rivera (Coquimbo)	#N/D	Solventa	11	Servicio Standar	#N/D	Hector Rivera (Coquimbo)SolventaServicio Standar	NO	0
9846947-8	Hector Rivera (Coquimbo)	78347433-6	The Planners Group Spa	11	Servicio Standar	9846947-8/78347433-6/11	Hector Rivera (Coquimbo)The Planners Group SpaServicio Standar	SI	2
9846947-8	Hector Rivera (Coquimbo)	76058647-1	Verisure Spa	8	Retornos	9846947-8/76058647-1/8	Hector Rivera (Coquimbo)Verisure SpaRetornos	SI	7
9846947-8	Hector Rivera (Coquimbo)	76058647-1	Verisure Spa	11	Servicio Standar	9846947-8/76058647-1/11	Hector Rivera (Coquimbo)Verisure SpaServicio Standar	SI	2
9846947-8	Hector Rivera (Coquimbo)	76713273-5	(HN Metales) Inversiones Saldivia Spa	11	Servicio Standar	9846947-8/76713273-5/11	Hector Rivera (Coquimbo)(HN Metales) Inversiones Saldivia SpaServicio Standar	SI	2
9846947-8	Hector Rivera (Coquimbo)	#N/D	(Orquidea) Hilanderia Maisa	16	Servicio Standar (Ecommerce)	#N/D	Hector Rivera (Coquimbo)(Orquidea) Hilanderia MaisaServicio Standar (Ecommerce)	SI	2
9846947-8	Hector Rivera (Coquimbo)	79647180-8	Comercial Reginella Ltda	16	Servicio Standar (Ecommerce)	9846947-8/79647180-8/16	Hector Rivera (Coquimbo)Comercial Reginella LtdaServicio Standar (Ecommerce)	SI	6
9846947-8	Hector Rivera (Coquimbo)	78599750-6	InduAmbiente	20	Servicio Standar (Lanzado)	9846947-8/78599750-6/20	Hector Rivera (Coquimbo)InduAmbienteServicio Standar (Lanzado)	SI	2
9846947-8	Hector Rivera (Coquimbo)	60910000-1	Universidad de chile	11	Servicio Standar	9846947-8/60910000-1/11	Hector Rivera (Coquimbo)Universidad de chileServicio Standar	SI	2
9846947-8	Hector Rivera (Coquimbo)	77970068-2	Vinilo	11	Servicio Standar	9846947-8/77970068-2/11	Hector Rivera (Coquimbo)ViniloServicio Standar	SI	2
8906841-K	Hugo Lopez (Rancagua)	76288430-5	(Postalchile) Sociedad De Distribucion Y Logistica Postalchile Ltda	15	Servicio Standar (Correspondencia)	8906841-K/76288430-5/15	Hugo Lopez (Rancagua)(Postalchile) Sociedad De Distribucion Y Logistica Postalchile LtdaServicio Standar (Correspondencia)	SI	2
8906841-K	Hugo Lopez (Rancagua)	76288430-5	(Postalchile) Sociedad De Distribucion Y Logistica Postalchile Ltda	16	Servicio Standar (Ecommerce)	8906841-K/76288430-5/16	Hugo Lopez (Rancagua)(Postalchile) Sociedad De Distribucion Y Logistica Postalchile LtdaServicio Standar (Ecommerce)	SI	2
8906841-K	Hugo Lopez (Rancagua)	76438001-0	(R. Ambiente) Ambiente diseño y Comunicacion Spa	11	Servicio Standar	8906841-K/76438001-0/11	Hugo Lopez (Rancagua)(R. Ambiente) Ambiente diseño y Comunicacion SpaServicio Standar	SI	15
8906841-K	Hugo Lopez (Rancagua)	77415130-3	(Ushop) Articulos Publicitarios LW	11	Servicio Standar	8906841-K/77415130-3/11	Hugo Lopez (Rancagua)(Ushop) Articulos Publicitarios LWServicio Standar	SI	2
8906841-K	Hugo Lopez (Rancagua)	77415130-3	(Ushop) Articulos Publicitarios LW	18	Servicio Standar (GMPI)	8906841-K/77415130-3/18	Hugo Lopez (Rancagua)(Ushop) Articulos Publicitarios LWServicio Standar (GMPI)	SI	2
8906841-K	Hugo Lopez (Rancagua)	77346078-7	4Nortes	1	Abastecimiento de insumos	8906841-K/77346078-7/1	Hugo Lopez (Rancagua)4NortesAbastecimiento de insumos	NO	0
8906841-K	Hugo Lopez (Rancagua)	77346078-7	4Nortes	11	Servicio Standar	8906841-K/77346078-7/11	Hugo Lopez (Rancagua)4NortesServicio Standar	NO	0
8906841-K	Hugo Lopez (Rancagua)	77346078-7	4Nortes	13	Servicio Standar (Compra Agil)	8906841-K/77346078-7/13	Hugo Lopez (Rancagua)4NortesServicio Standar (Compra Agil)	SI	2
8906841-K	Hugo Lopez (Rancagua)	77419350-2	Adhegraf	11	Servicio Standar	8906841-K/77419350-2/11	Hugo Lopez (Rancagua)AdhegrafServicio Standar	SI	2
8906841-K	Hugo Lopez (Rancagua)	96830710-k	Aimpresores	11	Servicio Standar	8906841-K/96830710-k/11	Hugo Lopez (Rancagua)AimpresoresServicio Standar	SI	2
8906841-K	Hugo Lopez (Rancagua)	96830710-k	Aimpresores	14	Servicio Standar (Condenast)	8906841-K/96830710-k/14	Hugo Lopez (Rancagua)AimpresoresServicio Standar (Condenast)	SI	2
8906841-K	Hugo Lopez (Rancagua)	96830710-k	Aimpresores	17	Servicio Standar (Fucoa)	8906841-K/96830710-k/17	Hugo Lopez (Rancagua)AimpresoresServicio Standar (Fucoa)	SI	2
8906841-K	Hugo Lopez (Rancagua)	77310592-8	BGB SPA	11	Servicio Standar	8906841-K/77310592-8/11	Hugo Lopez (Rancagua)BGB SPAServicio Standar	SI	2
8906841-K	Hugo Lopez (Rancagua)	81826800-9	Cajas Los Andes	8	Retornos	8906841-K/81826800-9/8	Hugo Lopez (Rancagua)Cajas Los AndesRetornos	SI	7
8906841-K	Hugo Lopez (Rancagua)	81826800-9	Cajas Los Andes	24	Servicio Standar (Providencia)	8906841-K/81826800-9/24	Hugo Lopez (Rancagua)Cajas Los AndesServicio Standar (Providencia)	SI	2
8906841-K	Hugo Lopez (Rancagua)	81826800-9	Cajas Los Andes	31	Servicio Standar (Stgo Alonso)	8906841-K/81826800-9/31	Hugo Lopez (Rancagua)Cajas Los AndesServicio Standar (Stgo Alonso)	SI	2
8906841-K	Hugo Lopez (Rancagua)	96950080-9	Chilepost	11	Servicio Standar	8906841-K/96950080-9/11	Hugo Lopez (Rancagua)ChilepostServicio Standar	SI	2
8906841-K	Hugo Lopez (Rancagua)	85037900-9	Comercial Peumo Ltda	33	Servicio Standar (V. Trabajadores)	8906841-K/85037900-9/33	Hugo Lopez (Rancagua)Comercial Peumo LtdaServicio Standar (V. Trabajadores)	REVISAR	0
8906841-K	Hugo Lopez (Rancagua)	79647180-8	Comercial Reginella Ltda	21	Servicio Standar (Mayorista)	8906841-K/79647180-8/21	Hugo Lopez (Rancagua)Comercial Reginella LtdaServicio Standar (Mayorista)	SI	6
8906841-K	Hugo Lopez (Rancagua)	76504464-2	Comercial VLB Ltda	11	Servicio Standar	8906841-K/76504464-2/11	Hugo Lopez (Rancagua)Comercial VLB LtdaServicio Standar	SI	2
8906841-K	Hugo Lopez (Rancagua)	96511460-2	Construmart	4	Correspondencia diaria	8906841-K/96511460-2/4	Hugo Lopez (Rancagua)ConstrumartCorrespondencia diaria	NO	0
8906841-K	Hugo Lopez (Rancagua)	96511460-2	Construmart	11	Servicio Standar	8906841-K/96511460-2/11	Hugo Lopez (Rancagua)ConstrumartServicio Standar	NO	0
8906841-K	Hugo Lopez (Rancagua)	89807200-2	Cruz Verde	3	Catalogo Publicitario	8906841-K/89807200-2/3	Hugo Lopez (Rancagua)Cruz VerdeCatalogo Publicitario	NO	0
8906841-K	Hugo Lopez (Rancagua)	89807200-2	Cruz Verde	5	Correspondencia diaria (Valijas)	8906841-K/89807200-2/5	Hugo Lopez (Rancagua)Cruz VerdeCorrespondencia diaria (Valijas)	NO	0
8906841-K	Hugo Lopez (Rancagua)	89807200-2	Cruz Verde	6	Material Publicitario	8906841-K/89807200-2/6	Hugo Lopez (Rancagua)Cruz VerdeMaterial Publicitario	NO	0
8906841-K	Hugo Lopez (Rancagua)	89807200-2	Cruz Verde	7	Retiro en ruta	8906841-K/89807200-2/7	Hugo Lopez (Rancagua)Cruz VerdeRetiro en ruta	NO	0
8906841-K	Hugo Lopez (Rancagua)	89807200-2	Cruz Verde	11	Servicio Standar	8906841-K/89807200-2/11	Hugo Lopez (Rancagua)Cruz VerdeServicio Standar	NO	0
8906841-K	Hugo Lopez (Rancagua)	89807200-2	Cruz Verde	19	Servicio Standar (Kit de ingreso)	8906841-K/89807200-2/19	Hugo Lopez (Rancagua)Cruz VerdeServicio Standar (Kit de ingreso)	NO	0
8906841-K	Hugo Lopez (Rancagua)	#N/D	Diario el Sur	11	Servicio Standar	#N/D	Hugo Lopez (Rancagua)Diario el SurServicio Standar	SI	2
8906841-K	Hugo Lopez (Rancagua)	#N/D	Disalcar	11	Servicio Standar	#N/D	Hugo Lopez (Rancagua)DisalcarServicio Standar	SI	2
8906841-K	Hugo Lopez (Rancagua)	78064534-2	Drop	11	Servicio Standar	8906841-K/78064534-2/11	Hugo Lopez (Rancagua)DropServicio Standar	SI	2
8906841-K	Hugo Lopez (Rancagua)	77907823-K	Ecopaños y Huaipes SPA	11	Servicio Standar	8906841-K/77907823-K/11	Hugo Lopez (Rancagua)Ecopaños y Huaipes SPAServicio Standar	SI	2
8906841-K	Hugo Lopez (Rancagua)	76377752-9	Ediciones Issue Spa	20	Servicio Standar (Lanzado)	8906841-K/76377752-9/20	Hugo Lopez (Rancagua)Ediciones Issue SpaServicio Standar (Lanzado)	SI	2
8906841-K	Hugo Lopez (Rancagua)	78445850-4	Envia Ltda	11	Servicio Standar	8906841-K/78445850-4/11	Hugo Lopez (Rancagua)Envia LtdaServicio Standar	SI	2
8906841-K	Hugo Lopez (Rancagua)	78293000-1	Global Courier SA	7	Retiro en ruta	8906841-K/78293000-1/7	Hugo Lopez (Rancagua)Global Courier SARetiro en ruta	NO	0
8906841-K	Hugo Lopez (Rancagua)	78293000-1	Global Courier SA	8	Retornos	8906841-K/78293000-1/8	Hugo Lopez (Rancagua)Global Courier SARetornos	NO	0
8906841-K	Hugo Lopez (Rancagua)	78293000-1	Global Courier SA	11	Servicio Standar	8906841-K/78293000-1/11	Hugo Lopez (Rancagua)Global Courier SAServicio Standar	SI	2
8906841-K	Hugo Lopez (Rancagua)	76631490-2	Global Med	11	Servicio Standar	8906841-K/76631490-2/11	Hugo Lopez (Rancagua)Global MedServicio Standar	SI	2
8906841-K	Hugo Lopez (Rancagua)	90106000-2	Grafica Quilicura	11	Servicio Standar	8906841-K/90106000-2/11	Hugo Lopez (Rancagua)Grafica QuilicuraServicio Standar	SI	2
8906841-K	Hugo Lopez (Rancagua)	90106000-2	Grafica Quilicura	25	Servicio Standar (R. Carabineros de chile)	8906841-K/90106000-2/25	Hugo Lopez (Rancagua)Grafica QuilicuraServicio Standar (R. Carabineros de chile)	SI	2
8906841-K	Hugo Lopez (Rancagua)	90106000-2	Grafica Quilicura	26	Servicio Standar (R. Los Heroes)	8906841-K/90106000-2/26	Hugo Lopez (Rancagua)Grafica QuilicuraServicio Standar (R. Los Heroes)	SI	2
8906841-K	Hugo Lopez (Rancagua)	77861584-3	Habasit	9	Servicio Sameday	8906841-K/77861584-3/9	Hugo Lopez (Rancagua)HabasitServicio Sameday	SI	2
8906841-K	Hugo Lopez (Rancagua)	77861584-3	Habasit	11	Servicio Standar	8906841-K/77861584-3/11	Hugo Lopez (Rancagua)HabasitServicio Standar	SI	2
8906841-K	Hugo Lopez (Rancagua)	76072176-K	Hemisferio Norte SA	11	Servicio Standar	8906841-K/76072176-K/11	Hugo Lopez (Rancagua)Hemisferio Norte SAServicio Standar	SI	2
8906841-K	Hugo Lopez (Rancagua)	76336423-2	Imprenta Babieca	11	Servicio Standar	8906841-K/76336423-2/11	Hugo Lopez (Rancagua)Imprenta BabiecaServicio Standar	SI	2
8906841-K	Hugo Lopez (Rancagua)	79840580-2	Imprenta Socias Ltda	11	Servicio Standar	8906841-K/79840580-2/11	Hugo Lopez (Rancagua)Imprenta Socias LtdaServicio Standar	SI	2
8906841-K	Hugo Lopez (Rancagua)	#N/D	La Hora	11	Servicio Standar	#N/D	Hugo Lopez (Rancagua)La HoraServicio Standar	SI	2
8906841-K	Hugo Lopez (Rancagua)	79500520-K	Maicao	2	Abastecimiento Uniformes	8906841-K/79500520-K/2	Hugo Lopez (Rancagua)MaicaoAbastecimiento Uniformes	NO	0
8906841-K	Hugo Lopez (Rancagua)	79500520-K	Maicao	3	Catalogo Publicitario	8906841-K/79500520-K/3	Hugo Lopez (Rancagua)MaicaoCatalogo Publicitario	NO	0
8906841-K	Hugo Lopez (Rancagua)	79500520-K	Maicao	4	Correspondencia diaria	8906841-K/79500520-K/4	Hugo Lopez (Rancagua)MaicaoCorrespondencia diaria	NO	0
8906841-K	Hugo Lopez (Rancagua)	79500520-K	Maicao	6	Material Publicitario	8906841-K/79500520-K/6	Hugo Lopez (Rancagua)MaicaoMaterial Publicitario	NO	0
8906841-K	Hugo Lopez (Rancagua)	79500520-K	Maicao	11	Servicio Standar	8906841-K/79500520-K/11	Hugo Lopez (Rancagua)MaicaoServicio Standar	NO	0
8906841-K	Hugo Lopez (Rancagua)	76057337-K	Nutrabody	16	Servicio Standar (Ecommerce)	8906841-K/76057337-K/16	Hugo Lopez (Rancagua)NutrabodyServicio Standar (Ecommerce)	SI	2
8906841-K	Hugo Lopez (Rancagua)	76710584-3	Opia Marcketing Spa	11	Servicio Standar	8906841-K/76710584-3/11	Hugo Lopez (Rancagua)Opia Marcketing SpaServicio Standar	SI	2
8906841-K	Hugo Lopez (Rancagua)	76012833-3	Rendic Hmnos	8	Retornos	8906841-K/76012833-3/8	Hugo Lopez (Rancagua)Rendic HmnosRetornos	SI	7
8906841-K	Hugo Lopez (Rancagua)	76012833-3	Rendic Hmnos	12	Servicio Standar (Alvi)	8906841-K/76012833-3/12	Hugo Lopez (Rancagua)Rendic HmnosServicio Standar (Alvi)	SI	2
8906841-K	Hugo Lopez (Rancagua)	76012833-3	Rendic Hmnos	22	Servicio Standar (Of. Central)	8906841-K/76012833-3/22	Hugo Lopez (Rancagua)Rendic HmnosServicio Standar (Of. Central)	SI	2
8906841-K	Hugo Lopez (Rancagua)	76012833-3	Rendic Hmnos	23	Servicio Standar (Proveedores)	8906841-K/76012833-3/23	Hugo Lopez (Rancagua)Rendic HmnosServicio Standar (Proveedores)	SI	2
8906841-K	Hugo Lopez (Rancagua)	76012833-3	Rendic Hmnos	32	Servicio Standar (Tecnologia)	8906841-K/76012833-3/32	Hugo Lopez (Rancagua)Rendic HmnosServicio Standar (Tecnologia)	SI	2
8906841-K	Hugo Lopez (Rancagua)	76012833-3	Rendic Hmnos	34	Servicio Standar (Valijas)	8906841-K/76012833-3/34	Hugo Lopez (Rancagua)Rendic HmnosServicio Standar (Valijas)	NO	0
8906841-K	Hugo Lopez (Rancagua)	76263819-3	Revesderecho	16	Servicio Standar (Ecommerce)	8906841-K/76263819-3/16	Hugo Lopez (Rancagua)RevesderechoServicio Standar (Ecommerce)	SI	5
8906841-K	Hugo Lopez (Rancagua)	76263819-3	Revesderecho	21	Servicio Standar (Mayorista)	8906841-K/76263819-3/21	Hugo Lopez (Rancagua)RevesderechoServicio Standar (Mayorista)	NO	0
8906841-K	Hugo Lopez (Rancagua)	76263819-3	Revesderecho	27	Servicio Standar (R. Tiendas)	8906841-K/76263819-3/27	Hugo Lopez (Rancagua)RevesderechoServicio Standar (R. Tiendas)	SI	6
8906841-K	Hugo Lopez (Rancagua)	76263819-3	Revesderecho	28	Servicio Standar (Retail)	8906841-K/76263819-3/28	Hugo Lopez (Rancagua)RevesderechoServicio Standar (Retail)	SI	6
8906841-K	Hugo Lopez (Rancagua)	76263819-3	Revesderecho	29	Servicio Standar (Retorno)	8906841-K/76263819-3/29	Hugo Lopez (Rancagua)RevesderechoServicio Standar (Retorno)	NO	0
8906841-K	Hugo Lopez (Rancagua)	76263819-3	Revesderecho	30	Servicio Standar (SAC)	8906841-K/76263819-3/30	Hugo Lopez (Rancagua)RevesderechoServicio Standar (SAC)	SI	5
8906841-K	Hugo Lopez (Rancagua)	#N/D	Solventa	11	Servicio Standar	#N/D	Hugo Lopez (Rancagua)SolventaServicio Standar	SI	2
8906841-K	Hugo Lopez (Rancagua)	78347433-6	The Planners Group Spa	11	Servicio Standar	8906841-K/78347433-6/11	Hugo Lopez (Rancagua)The Planners Group SpaServicio Standar	SI	2
8906841-K	Hugo Lopez (Rancagua)	76058647-1	Verisure Spa	8	Retornos	8906841-K/76058647-1/8	Hugo Lopez (Rancagua)Verisure SpaRetornos	SI	7
8906841-K	Hugo Lopez (Rancagua)	76058647-1	Verisure Spa	11	Servicio Standar	8906841-K/76058647-1/11	Hugo Lopez (Rancagua)Verisure SpaServicio Standar	SI	2
8906841-K	Hugo Lopez (Rancagua)	76713273-5	(HN Metales) Inversiones Saldivia Spa	11	Servicio Standar	8906841-K/76713273-5/11	Hugo Lopez (Rancagua)(HN Metales) Inversiones Saldivia SpaServicio Standar	SI	2
8906841-K	Hugo Lopez (Rancagua)	#N/D	(Orquidea) Hilanderia Maisa	16	Servicio Standar (Ecommerce)	#N/D	Hugo Lopez (Rancagua)(Orquidea) Hilanderia MaisaServicio Standar (Ecommerce)	SI	2
8906841-K	Hugo Lopez (Rancagua)	79647180-8	Comercial Reginella Ltda	16	Servicio Standar (Ecommerce)	8906841-K/79647180-8/16	Hugo Lopez (Rancagua)Comercial Reginella LtdaServicio Standar (Ecommerce)	SI	6
8906841-K	Hugo Lopez (Rancagua)	78599750-6	InduAmbiente	20	Servicio Standar (Lanzado)	8906841-K/78599750-6/20	Hugo Lopez (Rancagua)InduAmbienteServicio Standar (Lanzado)	SI	2
8906841-K	Hugo Lopez (Rancagua)	60910000-1	Universidad de chile	11	Servicio Standar	8906841-K/60910000-1/11	Hugo Lopez (Rancagua)Universidad de chileServicio Standar	SI	2
8906841-K	Hugo Lopez (Rancagua)	77970068-2	Vinilo	11	Servicio Standar	8906841-K/77970068-2/11	Hugo Lopez (Rancagua)ViniloServicio Standar	SI	2
13590206-3	Johanna Oyarzo (Osorno)	76288430-5	(Postalchile) Sociedad De Distribucion Y Logistica Postalchile Ltda	15	Servicio Standar (Correspondencia)	13590206-3/76288430-5/15	Johanna Oyarzo (Osorno)(Postalchile) Sociedad De Distribucion Y Logistica Postalchile LtdaServicio Standar (Correspondencia)	SI	2
13590206-3	Johanna Oyarzo (Osorno)	76288430-5	(Postalchile) Sociedad De Distribucion Y Logistica Postalchile Ltda	16	Servicio Standar (Ecommerce)	13590206-3/76288430-5/16	Johanna Oyarzo (Osorno)(Postalchile) Sociedad De Distribucion Y Logistica Postalchile LtdaServicio Standar (Ecommerce)	SI	2
13590206-3	Johanna Oyarzo (Osorno)	76438001-0	(R. Ambiente) Ambiente diseño y Comunicacion Spa	11	Servicio Standar	13590206-3/76438001-0/11	Johanna Oyarzo (Osorno)(R. Ambiente) Ambiente diseño y Comunicacion SpaServicio Standar	SI	15
13590206-3	Johanna Oyarzo (Osorno)	77415130-3	(Ushop) Articulos Publicitarios LW	11	Servicio Standar	13590206-3/77415130-3/11	Johanna Oyarzo (Osorno)(Ushop) Articulos Publicitarios LWServicio Standar	SI	2
13590206-3	Johanna Oyarzo (Osorno)	77415130-3	(Ushop) Articulos Publicitarios LW	18	Servicio Standar (GMPI)	13590206-3/77415130-3/18	Johanna Oyarzo (Osorno)(Ushop) Articulos Publicitarios LWServicio Standar (GMPI)	SI	2
13590206-3	Johanna Oyarzo (Osorno)	77346078-7	4Nortes	1	Abastecimiento de insumos	13590206-3/77346078-7/1	Johanna Oyarzo (Osorno)4NortesAbastecimiento de insumos	NO	0
13590206-3	Johanna Oyarzo (Osorno)	77346078-7	4Nortes	11	Servicio Standar	13590206-3/77346078-7/11	Johanna Oyarzo (Osorno)4NortesServicio Standar	NO	0
13590206-3	Johanna Oyarzo (Osorno)	77346078-7	4Nortes	13	Servicio Standar (Compra Agil)	13590206-3/77346078-7/13	Johanna Oyarzo (Osorno)4NortesServicio Standar (Compra Agil)	SI	2
13590206-3	Johanna Oyarzo (Osorno)	77419350-2	Adhegraf	11	Servicio Standar	13590206-3/77419350-2/11	Johanna Oyarzo (Osorno)AdhegrafServicio Standar	SI	2
13590206-3	Johanna Oyarzo (Osorno)	96830710-k	Aimpresores	11	Servicio Standar	13590206-3/96830710-k/11	Johanna Oyarzo (Osorno)AimpresoresServicio Standar	SI	2
13590206-3	Johanna Oyarzo (Osorno)	96830710-k	Aimpresores	14	Servicio Standar (Condenast)	13590206-3/96830710-k/14	Johanna Oyarzo (Osorno)AimpresoresServicio Standar (Condenast)	SI	2
13590206-3	Johanna Oyarzo (Osorno)	96830710-k	Aimpresores	17	Servicio Standar (Fucoa)	13590206-3/96830710-k/17	Johanna Oyarzo (Osorno)AimpresoresServicio Standar (Fucoa)	SI	2
13590206-3	Johanna Oyarzo (Osorno)	77310592-8	BGB SPA	11	Servicio Standar	13590206-3/77310592-8/11	Johanna Oyarzo (Osorno)BGB SPAServicio Standar	SI	2
13590206-3	Johanna Oyarzo (Osorno)	81826800-9	Cajas Los Andes	8	Retornos	13590206-3/81826800-9/8	Johanna Oyarzo (Osorno)Cajas Los AndesRetornos	SI	7
13590206-3	Johanna Oyarzo (Osorno)	81826800-9	Cajas Los Andes	24	Servicio Standar (Providencia)	13590206-3/81826800-9/24	Johanna Oyarzo (Osorno)Cajas Los AndesServicio Standar (Providencia)	SI	2
13590206-3	Johanna Oyarzo (Osorno)	81826800-9	Cajas Los Andes	31	Servicio Standar (Stgo Alonso)	13590206-3/81826800-9/31	Johanna Oyarzo (Osorno)Cajas Los AndesServicio Standar (Stgo Alonso)	SI	2
13590206-3	Johanna Oyarzo (Osorno)	96950080-9	Chilepost	11	Servicio Standar	13590206-3/96950080-9/11	Johanna Oyarzo (Osorno)ChilepostServicio Standar	SI	2
13590206-3	Johanna Oyarzo (Osorno)	85037900-9	Comercial Peumo Ltda	33	Servicio Standar (V. Trabajadores)	13590206-3/85037900-9/33	Johanna Oyarzo (Osorno)Comercial Peumo LtdaServicio Standar (V. Trabajadores)	REVISAR	0
13590206-3	Johanna Oyarzo (Osorno)	79647180-8	Comercial Reginella Ltda	21	Servicio Standar (Mayorista)	13590206-3/79647180-8/21	Johanna Oyarzo (Osorno)Comercial Reginella LtdaServicio Standar (Mayorista)	SI	6
13590206-3	Johanna Oyarzo (Osorno)	76504464-2	Comercial VLB Ltda	11	Servicio Standar	13590206-3/76504464-2/11	Johanna Oyarzo (Osorno)Comercial VLB LtdaServicio Standar	SI	2
13590206-3	Johanna Oyarzo (Osorno)	96511460-2	Construmart	4	Correspondencia diaria	13590206-3/96511460-2/4	Johanna Oyarzo (Osorno)ConstrumartCorrespondencia diaria	NO	2
13590206-3	Johanna Oyarzo (Osorno)	96511460-2	Construmart	11	Servicio Standar	13590206-3/96511460-2/11	Johanna Oyarzo (Osorno)ConstrumartServicio Standar	NO	2
13590206-3	Johanna Oyarzo (Osorno)	89807200-2	Cruz Verde	3	Catalogo Publicitario	13590206-3/89807200-2/3	Johanna Oyarzo (Osorno)Cruz VerdeCatalogo Publicitario	NO	2
13590206-3	Johanna Oyarzo (Osorno)	89807200-2	Cruz Verde	5	Correspondencia diaria (Valijas)	13590206-3/89807200-2/5	Johanna Oyarzo (Osorno)Cruz VerdeCorrespondencia diaria (Valijas)	NO	2
13590206-3	Johanna Oyarzo (Osorno)	89807200-2	Cruz Verde	6	Material Publicitario	13590206-3/89807200-2/6	Johanna Oyarzo (Osorno)Cruz VerdeMaterial Publicitario	NO	2
13590206-3	Johanna Oyarzo (Osorno)	89807200-2	Cruz Verde	7	Retiro en ruta	13590206-3/89807200-2/7	Johanna Oyarzo (Osorno)Cruz VerdeRetiro en ruta	NO	0
13590206-3	Johanna Oyarzo (Osorno)	89807200-2	Cruz Verde	11	Servicio Standar	13590206-3/89807200-2/11	Johanna Oyarzo (Osorno)Cruz VerdeServicio Standar	NO	0
13590206-3	Johanna Oyarzo (Osorno)	89807200-2	Cruz Verde	19	Servicio Standar (Kit de ingreso)	13590206-3/89807200-2/19	Johanna Oyarzo (Osorno)Cruz VerdeServicio Standar (Kit de ingreso)	NO	0
13590206-3	Johanna Oyarzo (Osorno)	#N/D	Diario el Sur	11	Servicio Standar	#N/D	Johanna Oyarzo (Osorno)Diario el SurServicio Standar	SI	2
13590206-3	Johanna Oyarzo (Osorno)	#N/D	Disalcar	11	Servicio Standar	#N/D	Johanna Oyarzo (Osorno)DisalcarServicio Standar	SI	2
13590206-3	Johanna Oyarzo (Osorno)	78064534-2	Drop	11	Servicio Standar	13590206-3/78064534-2/11	Johanna Oyarzo (Osorno)DropServicio Standar	SI	2
13590206-3	Johanna Oyarzo (Osorno)	77907823-K	Ecopaños y Huaipes SPA	11	Servicio Standar	13590206-3/77907823-K/11	Johanna Oyarzo (Osorno)Ecopaños y Huaipes SPAServicio Standar	SI	2
13590206-3	Johanna Oyarzo (Osorno)	76377752-9	Ediciones Issue Spa	20	Servicio Standar (Lanzado)	13590206-3/76377752-9/20	Johanna Oyarzo (Osorno)Ediciones Issue SpaServicio Standar (Lanzado)	SI	2
13590206-3	Johanna Oyarzo (Osorno)	78445850-4	Envia Ltda	11	Servicio Standar	13590206-3/78445850-4/11	Johanna Oyarzo (Osorno)Envia LtdaServicio Standar	SI	2
13590206-3	Johanna Oyarzo (Osorno)	78293000-1	Global Courier SA	7	Retiro en ruta	13590206-3/78293000-1/7	Johanna Oyarzo (Osorno)Global Courier SARetiro en ruta	SI	7
13590206-3	Johanna Oyarzo (Osorno)	78293000-1	Global Courier SA	8	Retornos	13590206-3/78293000-1/8	Johanna Oyarzo (Osorno)Global Courier SARetornos	SI	7
13590206-3	Johanna Oyarzo (Osorno)	78293000-1	Global Courier SA	11	Servicio Standar	13590206-3/78293000-1/11	Johanna Oyarzo (Osorno)Global Courier SAServicio Standar	SI	2
13590206-3	Johanna Oyarzo (Osorno)	76631490-2	Global Med	11	Servicio Standar	13590206-3/76631490-2/11	Johanna Oyarzo (Osorno)Global MedServicio Standar	SI	2
13590206-3	Johanna Oyarzo (Osorno)	90106000-2	Grafica Quilicura	11	Servicio Standar	13590206-3/90106000-2/11	Johanna Oyarzo (Osorno)Grafica QuilicuraServicio Standar	SI	2
13590206-3	Johanna Oyarzo (Osorno)	90106000-2	Grafica Quilicura	25	Servicio Standar (R. Carabineros de chile)	13590206-3/90106000-2/25	Johanna Oyarzo (Osorno)Grafica QuilicuraServicio Standar (R. Carabineros de chile)	SI	2
13590206-3	Johanna Oyarzo (Osorno)	90106000-2	Grafica Quilicura	26	Servicio Standar (R. Los Heroes)	13590206-3/90106000-2/26	Johanna Oyarzo (Osorno)Grafica QuilicuraServicio Standar (R. Los Heroes)	SI	2
13590206-3	Johanna Oyarzo (Osorno)	77861584-3	Habasit	9	Servicio Sameday	13590206-3/77861584-3/9	Johanna Oyarzo (Osorno)HabasitServicio Sameday	SI	2
13590206-3	Johanna Oyarzo (Osorno)	77861584-3	Habasit	11	Servicio Standar	13590206-3/77861584-3/11	Johanna Oyarzo (Osorno)HabasitServicio Standar	SI	2
13590206-3	Johanna Oyarzo (Osorno)	76072176-K	Hemisferio Norte SA	11	Servicio Standar	13590206-3/76072176-K/11	Johanna Oyarzo (Osorno)Hemisferio Norte SAServicio Standar	SI	2
13590206-3	Johanna Oyarzo (Osorno)	76336423-2	Imprenta Babieca	11	Servicio Standar	13590206-3/76336423-2/11	Johanna Oyarzo (Osorno)Imprenta BabiecaServicio Standar	SI	2
13590206-3	Johanna Oyarzo (Osorno)	79840580-2	Imprenta Socias Ltda	11	Servicio Standar	13590206-3/79840580-2/11	Johanna Oyarzo (Osorno)Imprenta Socias LtdaServicio Standar	SI	2
13590206-3	Johanna Oyarzo (Osorno)	#N/D	La Hora	11	Servicio Standar	#N/D	Johanna Oyarzo (Osorno)La HoraServicio Standar	SI	2
13590206-3	Johanna Oyarzo (Osorno)	79500520-K	Maicao	2	Abastecimiento Uniformes	13590206-3/79500520-K/2	Johanna Oyarzo (Osorno)MaicaoAbastecimiento Uniformes	NO	0
13590206-3	Johanna Oyarzo (Osorno)	79500520-K	Maicao	3	Catalogo Publicitario	13590206-3/79500520-K/3	Johanna Oyarzo (Osorno)MaicaoCatalogo Publicitario	NO	0
13590206-3	Johanna Oyarzo (Osorno)	79500520-K	Maicao	4	Correspondencia diaria	13590206-3/79500520-K/4	Johanna Oyarzo (Osorno)MaicaoCorrespondencia diaria	NO	0
13590206-3	Johanna Oyarzo (Osorno)	79500520-K	Maicao	6	Material Publicitario	13590206-3/79500520-K/6	Johanna Oyarzo (Osorno)MaicaoMaterial Publicitario	NO	0
13590206-3	Johanna Oyarzo (Osorno)	79500520-K	Maicao	11	Servicio Standar	13590206-3/79500520-K/11	Johanna Oyarzo (Osorno)MaicaoServicio Standar	NO	0
13590206-3	Johanna Oyarzo (Osorno)	76057337-K	Nutrabody	16	Servicio Standar (Ecommerce)	13590206-3/76057337-K/16	Johanna Oyarzo (Osorno)NutrabodyServicio Standar (Ecommerce)	SI	2
13590206-3	Johanna Oyarzo (Osorno)	76710584-3	Opia Marcketing Spa	11	Servicio Standar	13590206-3/76710584-3/11	Johanna Oyarzo (Osorno)Opia Marcketing SpaServicio Standar	SI	2
13590206-3	Johanna Oyarzo (Osorno)	76012833-3	Rendic Hmnos	8	Retornos	13590206-3/76012833-3/8	Johanna Oyarzo (Osorno)Rendic HmnosRetornos	SI	7
13590206-3	Johanna Oyarzo (Osorno)	76012833-3	Rendic Hmnos	12	Servicio Standar (Alvi)	13590206-3/76012833-3/12	Johanna Oyarzo (Osorno)Rendic HmnosServicio Standar (Alvi)	SI	2
13590206-3	Johanna Oyarzo (Osorno)	76012833-3	Rendic Hmnos	22	Servicio Standar (Of. Central)	13590206-3/76012833-3/22	Johanna Oyarzo (Osorno)Rendic HmnosServicio Standar (Of. Central)	SI	2
13590206-3	Johanna Oyarzo (Osorno)	76012833-3	Rendic Hmnos	23	Servicio Standar (Proveedores)	13590206-3/76012833-3/23	Johanna Oyarzo (Osorno)Rendic HmnosServicio Standar (Proveedores)	SI	2
13590206-3	Johanna Oyarzo (Osorno)	76012833-3	Rendic Hmnos	32	Servicio Standar (Tecnologia)	13590206-3/76012833-3/32	Johanna Oyarzo (Osorno)Rendic HmnosServicio Standar (Tecnologia)	SI	2
13590206-3	Johanna Oyarzo (Osorno)	76012833-3	Rendic Hmnos	34	Servicio Standar (Valijas)	13590206-3/76012833-3/34	Johanna Oyarzo (Osorno)Rendic HmnosServicio Standar (Valijas)	NO	0
13590206-3	Johanna Oyarzo (Osorno)	76263819-3	Revesderecho	16	Servicio Standar (Ecommerce)	13590206-3/76263819-3/16	Johanna Oyarzo (Osorno)RevesderechoServicio Standar (Ecommerce)	SI	5
13590206-3	Johanna Oyarzo (Osorno)	76263819-3	Revesderecho	21	Servicio Standar (Mayorista)	13590206-3/76263819-3/21	Johanna Oyarzo (Osorno)RevesderechoServicio Standar (Mayorista)	NO	0
13590206-3	Johanna Oyarzo (Osorno)	76263819-3	Revesderecho	27	Servicio Standar (R. Tiendas)	13590206-3/76263819-3/27	Johanna Oyarzo (Osorno)RevesderechoServicio Standar (R. Tiendas)	SI	6
13590206-3	Johanna Oyarzo (Osorno)	76263819-3	Revesderecho	28	Servicio Standar (Retail)	13590206-3/76263819-3/28	Johanna Oyarzo (Osorno)RevesderechoServicio Standar (Retail)	SI	6
13590206-3	Johanna Oyarzo (Osorno)	76263819-3	Revesderecho	29	Servicio Standar (Retorno)	13590206-3/76263819-3/29	Johanna Oyarzo (Osorno)RevesderechoServicio Standar (Retorno)	NO	0
13590206-3	Johanna Oyarzo (Osorno)	76263819-3	Revesderecho	30	Servicio Standar (SAC)	13590206-3/76263819-3/30	Johanna Oyarzo (Osorno)RevesderechoServicio Standar (SAC)	SI	5
13590206-3	Johanna Oyarzo (Osorno)	#N/D	Solventa	11	Servicio Standar	#N/D	Johanna Oyarzo (Osorno)SolventaServicio Standar	NO	2
13590206-3	Johanna Oyarzo (Osorno)	78347433-6	The Planners Group Spa	11	Servicio Standar	13590206-3/78347433-6/11	Johanna Oyarzo (Osorno)The Planners Group SpaServicio Standar	SI	2
13590206-3	Johanna Oyarzo (Osorno)	76058647-1	Verisure Spa	8	Retornos	13590206-3/76058647-1/8	Johanna Oyarzo (Osorno)Verisure SpaRetornos	SI	7
13590206-3	Johanna Oyarzo (Osorno)	76058647-1	Verisure Spa	11	Servicio Standar	13590206-3/76058647-1/11	Johanna Oyarzo (Osorno)Verisure SpaServicio Standar	SI	2
13590206-3	Johanna Oyarzo (Osorno)	76713273-5	(HN Metales) Inversiones Saldivia Spa	11	Servicio Standar	13590206-3/76713273-5/11	Johanna Oyarzo (Osorno)(HN Metales) Inversiones Saldivia SpaServicio Standar	SI	2
13590206-3	Johanna Oyarzo (Osorno)	#N/D	(Orquidea) Hilanderia Maisa	16	Servicio Standar (Ecommerce)	#N/D	Johanna Oyarzo (Osorno)(Orquidea) Hilanderia MaisaServicio Standar (Ecommerce)	SI	2
13590206-3	Johanna Oyarzo (Osorno)	79647180-8	Comercial Reginella Ltda	16	Servicio Standar (Ecommerce)	13590206-3/79647180-8/16	Johanna Oyarzo (Osorno)Comercial Reginella LtdaServicio Standar (Ecommerce)	SI	6
13590206-3	Johanna Oyarzo (Osorno)	78599750-6	InduAmbiente	20	Servicio Standar (Lanzado)	13590206-3/78599750-6/20	Johanna Oyarzo (Osorno)InduAmbienteServicio Standar (Lanzado)	SI	2
13590206-3	Johanna Oyarzo (Osorno)	60910000-1	Universidad de chile	11	Servicio Standar	13590206-3/60910000-1/11	Johanna Oyarzo (Osorno)Universidad de chileServicio Standar	SI	2
13590206-3	Johanna Oyarzo (Osorno)	77970068-2	Vinilo	11	Servicio Standar	13590206-3/77970068-2/11	Johanna Oyarzo (Osorno)ViniloServicio Standar	SI	2
76115557-1	Jorge Gonzalez (ptas Arenas)	76288430-5	(Postalchile) Sociedad De Distribucion Y Logistica Postalchile Ltda	15	Servicio Standar (Correspondencia)	76115557-1/76288430-5/15	Jorge Gonzalez (ptas Arenas)(Postalchile) Sociedad De Distribucion Y Logistica Postalchile LtdaServicio Standar (Correspondencia)	SI	16
76115557-1	Jorge Gonzalez (ptas Arenas)	76288430-5	(Postalchile) Sociedad De Distribucion Y Logistica Postalchile Ltda	16	Servicio Standar (Ecommerce)	76115557-1/76288430-5/16	Jorge Gonzalez (ptas Arenas)(Postalchile) Sociedad De Distribucion Y Logistica Postalchile LtdaServicio Standar (Ecommerce)	SI	16
76115557-1	Jorge Gonzalez (ptas Arenas)	76438001-0	(R. Ambiente) Ambiente diseño y Comunicacion Spa	11	Servicio Standar	76115557-1/76438001-0/11	Jorge Gonzalez (ptas Arenas)(R. Ambiente) Ambiente diseño y Comunicacion SpaServicio Standar	SI	15
76115557-1	Jorge Gonzalez (ptas Arenas)	77415130-3	(Ushop) Articulos Publicitarios LW	11	Servicio Standar	76115557-1/77415130-3/11	Jorge Gonzalez (ptas Arenas)(Ushop) Articulos Publicitarios LWServicio Standar	SI	16
76115557-1	Jorge Gonzalez (ptas Arenas)	77415130-3	(Ushop) Articulos Publicitarios LW	18	Servicio Standar (GMPI)	76115557-1/77415130-3/18	Jorge Gonzalez (ptas Arenas)(Ushop) Articulos Publicitarios LWServicio Standar (GMPI)	SI	16
76115557-1	Jorge Gonzalez (ptas Arenas)	77346078-7	4Nortes	1	Abastecimiento de insumos	76115557-1/77346078-7/1	Jorge Gonzalez (ptas Arenas)4NortesAbastecimiento de insumos	NO	0
76115557-1	Jorge Gonzalez (ptas Arenas)	77346078-7	4Nortes	11	Servicio Standar	76115557-1/77346078-7/11	Jorge Gonzalez (ptas Arenas)4NortesServicio Standar	NO	0
76115557-1	Jorge Gonzalez (ptas Arenas)	77346078-7	4Nortes	13	Servicio Standar (Compra Agil)	76115557-1/77346078-7/13	Jorge Gonzalez (ptas Arenas)4NortesServicio Standar (Compra Agil)	SI	16
76115557-1	Jorge Gonzalez (ptas Arenas)	77419350-2	Adhegraf	11	Servicio Standar	76115557-1/77419350-2/11	Jorge Gonzalez (ptas Arenas)AdhegrafServicio Standar	SI	16
76115557-1	Jorge Gonzalez (ptas Arenas)	96830710-k	Aimpresores	11	Servicio Standar	76115557-1/96830710-k/11	Jorge Gonzalez (ptas Arenas)AimpresoresServicio Standar	SI	16
76115557-1	Jorge Gonzalez (ptas Arenas)	96830710-k	Aimpresores	14	Servicio Standar (Condenast)	76115557-1/96830710-k/14	Jorge Gonzalez (ptas Arenas)AimpresoresServicio Standar (Condenast)	SI	16
76115557-1	Jorge Gonzalez (ptas Arenas)	96830710-k	Aimpresores	17	Servicio Standar (Fucoa)	76115557-1/96830710-k/17	Jorge Gonzalez (ptas Arenas)AimpresoresServicio Standar (Fucoa)	SI	16
76115557-1	Jorge Gonzalez (ptas Arenas)	77310592-8	BGB SPA	11	Servicio Standar	76115557-1/77310592-8/11	Jorge Gonzalez (ptas Arenas)BGB SPAServicio Standar	SI	16
76115557-1	Jorge Gonzalez (ptas Arenas)	81826800-9	Cajas Los Andes	8	Retornos	76115557-1/81826800-9/8	Jorge Gonzalez (ptas Arenas)Cajas Los AndesRetornos	SI	7
76115557-1	Jorge Gonzalez (ptas Arenas)	81826800-9	Cajas Los Andes	24	Servicio Standar (Providencia)	76115557-1/81826800-9/24	Jorge Gonzalez (ptas Arenas)Cajas Los AndesServicio Standar (Providencia)	SI	16
76115557-1	Jorge Gonzalez (ptas Arenas)	81826800-9	Cajas Los Andes	31	Servicio Standar (Stgo Alonso)	76115557-1/81826800-9/31	Jorge Gonzalez (ptas Arenas)Cajas Los AndesServicio Standar (Stgo Alonso)	SI	16
76115557-1	Jorge Gonzalez (ptas Arenas)	96950080-9	Chilepost	11	Servicio Standar	76115557-1/96950080-9/11	Jorge Gonzalez (ptas Arenas)ChilepostServicio Standar	SI	16
76115557-1	Jorge Gonzalez (ptas Arenas)	85037900-9	Comercial Peumo Ltda	33	Servicio Standar (V. Trabajadores)	76115557-1/85037900-9/33	Jorge Gonzalez (ptas Arenas)Comercial Peumo LtdaServicio Standar (V. Trabajadores)	REVISAR	0
76115557-1	Jorge Gonzalez (ptas Arenas)	79647180-8	Comercial Reginella Ltda	21	Servicio Standar (Mayorista)	76115557-1/79647180-8/21	Jorge Gonzalez (ptas Arenas)Comercial Reginella LtdaServicio Standar (Mayorista)	SI	6
76115557-1	Jorge Gonzalez (ptas Arenas)	76504464-2	Comercial VLB Ltda	11	Servicio Standar	76115557-1/76504464-2/11	Jorge Gonzalez (ptas Arenas)Comercial VLB LtdaServicio Standar	SI	16
76115557-1	Jorge Gonzalez (ptas Arenas)	96511460-2	Construmart	4	Correspondencia diaria	76115557-1/96511460-2/4	Jorge Gonzalez (ptas Arenas)ConstrumartCorrespondencia diaria	NO	0
76115557-1	Jorge Gonzalez (ptas Arenas)	96511460-2	Construmart	11	Servicio Standar	76115557-1/96511460-2/11	Jorge Gonzalez (ptas Arenas)ConstrumartServicio Standar	SI	16
76115557-1	Jorge Gonzalez (ptas Arenas)	89807200-2	Cruz Verde	3	Catalogo Publicitario	76115557-1/89807200-2/3	Jorge Gonzalez (ptas Arenas)Cruz VerdeCatalogo Publicitario	NO	0
76115557-1	Jorge Gonzalez (ptas Arenas)	89807200-2	Cruz Verde	5	Correspondencia diaria (Valijas)	76115557-1/89807200-2/5	Jorge Gonzalez (ptas Arenas)Cruz VerdeCorrespondencia diaria (Valijas)	NO	0
76115557-1	Jorge Gonzalez (ptas Arenas)	89807200-2	Cruz Verde	6	Material Publicitario	76115557-1/89807200-2/6	Jorge Gonzalez (ptas Arenas)Cruz VerdeMaterial Publicitario	NO	0
76115557-1	Jorge Gonzalez (ptas Arenas)	89807200-2	Cruz Verde	7	Retiro en ruta	76115557-1/89807200-2/7	Jorge Gonzalez (ptas Arenas)Cruz VerdeRetiro en ruta	NO	0
76115557-1	Jorge Gonzalez (ptas Arenas)	89807200-2	Cruz Verde	11	Servicio Standar	76115557-1/89807200-2/11	Jorge Gonzalez (ptas Arenas)Cruz VerdeServicio Standar	NO	0
76115557-1	Jorge Gonzalez (ptas Arenas)	89807200-2	Cruz Verde	19	Servicio Standar (Kit de ingreso)	76115557-1/89807200-2/19	Jorge Gonzalez (ptas Arenas)Cruz VerdeServicio Standar (Kit de ingreso)	NO	0
76115557-1	Jorge Gonzalez (ptas Arenas)	#N/D	Diario el Sur	11	Servicio Standar	#N/D	Jorge Gonzalez (ptas Arenas)Diario el SurServicio Standar	SI	16
76115557-1	Jorge Gonzalez (ptas Arenas)	#N/D	Disalcar	11	Servicio Standar	#N/D	Jorge Gonzalez (ptas Arenas)DisalcarServicio Standar	SI	16
76115557-1	Jorge Gonzalez (ptas Arenas)	78064534-2	Drop	11	Servicio Standar	76115557-1/78064534-2/11	Jorge Gonzalez (ptas Arenas)DropServicio Standar	SI	16
76115557-1	Jorge Gonzalez (ptas Arenas)	77907823-K	Ecopaños y Huaipes SPA	11	Servicio Standar	76115557-1/77907823-K/11	Jorge Gonzalez (ptas Arenas)Ecopaños y Huaipes SPAServicio Standar	SI	16
76115557-1	Jorge Gonzalez (ptas Arenas)	76377752-9	Ediciones Issue Spa	20	Servicio Standar (Lanzado)	76115557-1/76377752-9/20	Jorge Gonzalez (ptas Arenas)Ediciones Issue SpaServicio Standar (Lanzado)	SI	16
76115557-1	Jorge Gonzalez (ptas Arenas)	78445850-4	Envia Ltda	11	Servicio Standar	76115557-1/78445850-4/11	Jorge Gonzalez (ptas Arenas)Envia LtdaServicio Standar	SI	16
76115557-1	Jorge Gonzalez (ptas Arenas)	78293000-1	Global Courier SA	7	Retiro en ruta	76115557-1/78293000-1/7	Jorge Gonzalez (ptas Arenas)Global Courier SARetiro en ruta	SI	7
76115557-1	Jorge Gonzalez (ptas Arenas)	78293000-1	Global Courier SA	8	Retornos	76115557-1/78293000-1/8	Jorge Gonzalez (ptas Arenas)Global Courier SARetornos	SI	7
76115557-1	Jorge Gonzalez (ptas Arenas)	78293000-1	Global Courier SA	11	Servicio Standar	76115557-1/78293000-1/11	Jorge Gonzalez (ptas Arenas)Global Courier SAServicio Standar	SI	16
76115557-1	Jorge Gonzalez (ptas Arenas)	76631490-2	Global Med	11	Servicio Standar	76115557-1/76631490-2/11	Jorge Gonzalez (ptas Arenas)Global MedServicio Standar	SI	16
76115557-1	Jorge Gonzalez (ptas Arenas)	90106000-2	Grafica Quilicura	11	Servicio Standar	76115557-1/90106000-2/11	Jorge Gonzalez (ptas Arenas)Grafica QuilicuraServicio Standar	SI	16
76115557-1	Jorge Gonzalez (ptas Arenas)	90106000-2	Grafica Quilicura	25	Servicio Standar (R. Carabineros de chile)	76115557-1/90106000-2/25	Jorge Gonzalez (ptas Arenas)Grafica QuilicuraServicio Standar (R. Carabineros de chile)	SI	16
76115557-1	Jorge Gonzalez (ptas Arenas)	90106000-2	Grafica Quilicura	26	Servicio Standar (R. Los Heroes)	76115557-1/90106000-2/26	Jorge Gonzalez (ptas Arenas)Grafica QuilicuraServicio Standar (R. Los Heroes)	SI	16
76115557-1	Jorge Gonzalez (ptas Arenas)	77861584-3	Habasit	9	Servicio Sameday	76115557-1/77861584-3/9	Jorge Gonzalez (ptas Arenas)HabasitServicio Sameday	SI	16
76115557-1	Jorge Gonzalez (ptas Arenas)	77861584-3	Habasit	11	Servicio Standar	76115557-1/77861584-3/11	Jorge Gonzalez (ptas Arenas)HabasitServicio Standar	SI	16
76115557-1	Jorge Gonzalez (ptas Arenas)	76072176-K	Hemisferio Norte SA	11	Servicio Standar	76115557-1/76072176-K/11	Jorge Gonzalez (ptas Arenas)Hemisferio Norte SAServicio Standar	SI	16
76115557-1	Jorge Gonzalez (ptas Arenas)	76336423-2	Imprenta Babieca	11	Servicio Standar	76115557-1/76336423-2/11	Jorge Gonzalez (ptas Arenas)Imprenta BabiecaServicio Standar	SI	16
76115557-1	Jorge Gonzalez (ptas Arenas)	79840580-2	Imprenta Socias Ltda	11	Servicio Standar	76115557-1/79840580-2/11	Jorge Gonzalez (ptas Arenas)Imprenta Socias LtdaServicio Standar	SI	16
76115557-1	Jorge Gonzalez (ptas Arenas)	#N/D	La Hora	11	Servicio Standar	#N/D	Jorge Gonzalez (ptas Arenas)La HoraServicio Standar	SI	16
76115557-1	Jorge Gonzalez (ptas Arenas)	79500520-K	Maicao	2	Abastecimiento Uniformes	76115557-1/79500520-K/2	Jorge Gonzalez (ptas Arenas)MaicaoAbastecimiento Uniformes	NO	0
76115557-1	Jorge Gonzalez (ptas Arenas)	79500520-K	Maicao	3	Catalogo Publicitario	76115557-1/79500520-K/3	Jorge Gonzalez (ptas Arenas)MaicaoCatalogo Publicitario	NO	0
76115557-1	Jorge Gonzalez (ptas Arenas)	79500520-K	Maicao	4	Correspondencia diaria	76115557-1/79500520-K/4	Jorge Gonzalez (ptas Arenas)MaicaoCorrespondencia diaria	NO	0
76115557-1	Jorge Gonzalez (ptas Arenas)	79500520-K	Maicao	6	Material Publicitario	76115557-1/79500520-K/6	Jorge Gonzalez (ptas Arenas)MaicaoMaterial Publicitario	NO	0
76115557-1	Jorge Gonzalez (ptas Arenas)	79500520-K	Maicao	11	Servicio Standar	76115557-1/79500520-K/11	Jorge Gonzalez (ptas Arenas)MaicaoServicio Standar	NO	0
76115557-1	Jorge Gonzalez (ptas Arenas)	76057337-K	Nutrabody	16	Servicio Standar (Ecommerce)	76115557-1/76057337-K/16	Jorge Gonzalez (ptas Arenas)NutrabodyServicio Standar (Ecommerce)	SI	16
76115557-1	Jorge Gonzalez (ptas Arenas)	76710584-3	Opia Marcketing Spa	11	Servicio Standar	76115557-1/76710584-3/11	Jorge Gonzalez (ptas Arenas)Opia Marcketing SpaServicio Standar	SI	16
76115557-1	Jorge Gonzalez (ptas Arenas)	76012833-3	Rendic Hmnos	8	Retornos	76115557-1/76012833-3/8	Jorge Gonzalez (ptas Arenas)Rendic HmnosRetornos	SI	7
76115557-1	Jorge Gonzalez (ptas Arenas)	76012833-3	Rendic Hmnos	12	Servicio Standar (Alvi)	76115557-1/76012833-3/12	Jorge Gonzalez (ptas Arenas)Rendic HmnosServicio Standar (Alvi)	SI	16
76115557-1	Jorge Gonzalez (ptas Arenas)	76012833-3	Rendic Hmnos	22	Servicio Standar (Of. Central)	76115557-1/76012833-3/22	Jorge Gonzalez (ptas Arenas)Rendic HmnosServicio Standar (Of. Central)	SI	16
76115557-1	Jorge Gonzalez (ptas Arenas)	76012833-3	Rendic Hmnos	23	Servicio Standar (Proveedores)	76115557-1/76012833-3/23	Jorge Gonzalez (ptas Arenas)Rendic HmnosServicio Standar (Proveedores)	SI	16
76115557-1	Jorge Gonzalez (ptas Arenas)	76012833-3	Rendic Hmnos	32	Servicio Standar (Tecnologia)	76115557-1/76012833-3/32	Jorge Gonzalez (ptas Arenas)Rendic HmnosServicio Standar (Tecnologia)	SI	16
76115557-1	Jorge Gonzalez (ptas Arenas)	76012833-3	Rendic Hmnos	34	Servicio Standar (Valijas)	76115557-1/76012833-3/34	Jorge Gonzalez (ptas Arenas)Rendic HmnosServicio Standar (Valijas)	NO	0
76115557-1	Jorge Gonzalez (ptas Arenas)	76263819-3	Revesderecho	16	Servicio Standar (Ecommerce)	76115557-1/76263819-3/16	Jorge Gonzalez (ptas Arenas)RevesderechoServicio Standar (Ecommerce)	SI	5
76115557-1	Jorge Gonzalez (ptas Arenas)	76263819-3	Revesderecho	21	Servicio Standar (Mayorista)	76115557-1/76263819-3/21	Jorge Gonzalez (ptas Arenas)RevesderechoServicio Standar (Mayorista)	NO	0
76115557-1	Jorge Gonzalez (ptas Arenas)	76263819-3	Revesderecho	27	Servicio Standar (R. Tiendas)	76115557-1/76263819-3/27	Jorge Gonzalez (ptas Arenas)RevesderechoServicio Standar (R. Tiendas)	SI	6
76115557-1	Jorge Gonzalez (ptas Arenas)	76263819-3	Revesderecho	28	Servicio Standar (Retail)	76115557-1/76263819-3/28	Jorge Gonzalez (ptas Arenas)RevesderechoServicio Standar (Retail)	SI	6
76115557-1	Jorge Gonzalez (ptas Arenas)	76263819-3	Revesderecho	29	Servicio Standar (Retorno)	76115557-1/76263819-3/29	Jorge Gonzalez (ptas Arenas)RevesderechoServicio Standar (Retorno)	NO	0
76115557-1	Jorge Gonzalez (ptas Arenas)	76263819-3	Revesderecho	30	Servicio Standar (SAC)	76115557-1/76263819-3/30	Jorge Gonzalez (ptas Arenas)RevesderechoServicio Standar (SAC)	SI	5
76115557-1	Jorge Gonzalez (ptas Arenas)	#N/D	Solventa	11	Servicio Standar	#N/D	Jorge Gonzalez (ptas Arenas)SolventaServicio Standar	NO	0
76115557-1	Jorge Gonzalez (ptas Arenas)	78347433-6	The Planners Group Spa	11	Servicio Standar	76115557-1/78347433-6/11	Jorge Gonzalez (ptas Arenas)The Planners Group SpaServicio Standar	SI	16
76115557-1	Jorge Gonzalez (ptas Arenas)	76058647-1	Verisure Spa	8	Retornos	76115557-1/76058647-1/8	Jorge Gonzalez (ptas Arenas)Verisure SpaRetornos	SI	7
76115557-1	Jorge Gonzalez (ptas Arenas)	76058647-1	Verisure Spa	11	Servicio Standar	76115557-1/76058647-1/11	Jorge Gonzalez (ptas Arenas)Verisure SpaServicio Standar	SI	16
76115557-1	Jorge Gonzalez (ptas Arenas)	76713273-5	(HN Metales) Inversiones Saldivia Spa	11	Servicio Standar	76115557-1/76713273-5/11	Jorge Gonzalez (ptas Arenas)(HN Metales) Inversiones Saldivia SpaServicio Standar	SI	16
76115557-1	Jorge Gonzalez (ptas Arenas)	#N/D	(Orquidea) Hilanderia Maisa	16	Servicio Standar (Ecommerce)	#N/D	Jorge Gonzalez (ptas Arenas)(Orquidea) Hilanderia MaisaServicio Standar (Ecommerce)	SI	16
76115557-1	Jorge Gonzalez (ptas Arenas)	79647180-8	Comercial Reginella Ltda	16	Servicio Standar (Ecommerce)	76115557-1/79647180-8/16	Jorge Gonzalez (ptas Arenas)Comercial Reginella LtdaServicio Standar (Ecommerce)	SI	6
76115557-1	Jorge Gonzalez (ptas Arenas)	78599750-6	InduAmbiente	20	Servicio Standar (Lanzado)	76115557-1/78599750-6/20	Jorge Gonzalez (ptas Arenas)InduAmbienteServicio Standar (Lanzado)	SI	16
76115557-1	Jorge Gonzalez (ptas Arenas)	60910000-1	Universidad de chile	11	Servicio Standar	76115557-1/60910000-1/11	Jorge Gonzalez (ptas Arenas)Universidad de chileServicio Standar	SI	16
76115557-1	Jorge Gonzalez (ptas Arenas)	77970068-2	Vinilo	11	Servicio Standar	76115557-1/77970068-2/11	Jorge Gonzalez (ptas Arenas)ViniloServicio Standar	SI	16
11942383-K	Jose Caneo (La Ligua)	76288430-5	(Postalchile) Sociedad De Distribucion Y Logistica Postalchile Ltda	15	Servicio Standar (Correspondencia)	11942383-K/76288430-5/15	Jose Caneo (La Ligua)(Postalchile) Sociedad De Distribucion Y Logistica Postalchile LtdaServicio Standar (Correspondencia)	SI	10
11942383-K	Jose Caneo (La Ligua)	76288430-5	(Postalchile) Sociedad De Distribucion Y Logistica Postalchile Ltda	16	Servicio Standar (Ecommerce)	11942383-K/76288430-5/16	Jose Caneo (La Ligua)(Postalchile) Sociedad De Distribucion Y Logistica Postalchile LtdaServicio Standar (Ecommerce)	SI	11
11942383-K	Jose Caneo (La Ligua)	76438001-0	(R. Ambiente) Ambiente diseño y Comunicacion Spa	11	Servicio Standar	11942383-K/76438001-0/11	Jose Caneo (La Ligua)(R. Ambiente) Ambiente diseño y Comunicacion SpaServicio Standar	SI	15
11942383-K	Jose Caneo (La Ligua)	77415130-3	(Ushop) Articulos Publicitarios LW	11	Servicio Standar	11942383-K/77415130-3/11	Jose Caneo (La Ligua)(Ushop) Articulos Publicitarios LWServicio Standar	SI	11
11942383-K	Jose Caneo (La Ligua)	77415130-3	(Ushop) Articulos Publicitarios LW	18	Servicio Standar (GMPI)	11942383-K/77415130-3/18	Jose Caneo (La Ligua)(Ushop) Articulos Publicitarios LWServicio Standar (GMPI)	SI	11
11942383-K	Jose Caneo (La Ligua)	77346078-7	4Nortes	1	Abastecimiento de insumos	11942383-K/77346078-7/1	Jose Caneo (La Ligua)4NortesAbastecimiento de insumos	SI	10
11942383-K	Jose Caneo (La Ligua)	77346078-7	4Nortes	11	Servicio Standar	11942383-K/77346078-7/11	Jose Caneo (La Ligua)4NortesServicio Standar	SI	10
11942383-K	Jose Caneo (La Ligua)	77346078-7	4Nortes	13	Servicio Standar (Compra Agil)	11942383-K/77346078-7/13	Jose Caneo (La Ligua)4NortesServicio Standar (Compra Agil)	SI	11
11942383-K	Jose Caneo (La Ligua)	77419350-2	Adhegraf	11	Servicio Standar	11942383-K/77419350-2/11	Jose Caneo (La Ligua)AdhegrafServicio Standar	SI	11
11942383-K	Jose Caneo (La Ligua)	96830710-k	Aimpresores	11	Servicio Standar	11942383-K/96830710-k/11	Jose Caneo (La Ligua)AimpresoresServicio Standar	SI	11
11942383-K	Jose Caneo (La Ligua)	96830710-k	Aimpresores	14	Servicio Standar (Condenast)	11942383-K/96830710-k/14	Jose Caneo (La Ligua)AimpresoresServicio Standar (Condenast)	SI	11
11942383-K	Jose Caneo (La Ligua)	96830710-k	Aimpresores	17	Servicio Standar (Fucoa)	11942383-K/96830710-k/17	Jose Caneo (La Ligua)AimpresoresServicio Standar (Fucoa)	SI	10
11942383-K	Jose Caneo (La Ligua)	77310592-8	BGB SPA	11	Servicio Standar	11942383-K/77310592-8/11	Jose Caneo (La Ligua)BGB SPAServicio Standar	SI	11
11942383-K	Jose Caneo (La Ligua)	81826800-9	Cajas Los Andes	8	Retornos	11942383-K/81826800-9/8	Jose Caneo (La Ligua)Cajas Los AndesRetornos	NO	0
11942383-K	Jose Caneo (La Ligua)	81826800-9	Cajas Los Andes	24	Servicio Standar (Providencia)	11942383-K/81826800-9/24	Jose Caneo (La Ligua)Cajas Los AndesServicio Standar (Providencia)	SI	10
11942383-K	Jose Caneo (La Ligua)	81826800-9	Cajas Los Andes	31	Servicio Standar (Stgo Alonso)	11942383-K/81826800-9/31	Jose Caneo (La Ligua)Cajas Los AndesServicio Standar (Stgo Alonso)	SI	10
11942383-K	Jose Caneo (La Ligua)	96950080-9	Chilepost	11	Servicio Standar	11942383-K/96950080-9/11	Jose Caneo (La Ligua)ChilepostServicio Standar	SI	10
11942383-K	Jose Caneo (La Ligua)	85037900-9	Comercial Peumo Ltda	33	Servicio Standar (V. Trabajadores)	11942383-K/85037900-9/33	Jose Caneo (La Ligua)Comercial Peumo LtdaServicio Standar (V. Trabajadores)	REVISAR	0
11942383-K	Jose Caneo (La Ligua)	79647180-8	Comercial Reginella Ltda	21	Servicio Standar (Mayorista)	11942383-K/79647180-8/21	Jose Caneo (La Ligua)Comercial Reginella LtdaServicio Standar (Mayorista)	SI	6
11942383-K	Jose Caneo (La Ligua)	76504464-2	Comercial VLB Ltda	11	Servicio Standar	11942383-K/76504464-2/11	Jose Caneo (La Ligua)Comercial VLB LtdaServicio Standar	SI	11
11942383-K	Jose Caneo (La Ligua)	96511460-2	Construmart	4	Correspondencia diaria	11942383-K/96511460-2/4	Jose Caneo (La Ligua)ConstrumartCorrespondencia diaria	NO	0
11942383-K	Jose Caneo (La Ligua)	96511460-2	Construmart	11	Servicio Standar	11942383-K/96511460-2/11	Jose Caneo (La Ligua)ConstrumartServicio Standar	NO	4
11942383-K	Jose Caneo (La Ligua)	89807200-2	Cruz Verde	3	Catalogo Publicitario	11942383-K/89807200-2/3	Jose Caneo (La Ligua)Cruz VerdeCatalogo Publicitario	SI	10
11942383-K	Jose Caneo (La Ligua)	89807200-2	Cruz Verde	5	Correspondencia diaria (Valijas)	11942383-K/89807200-2/5	Jose Caneo (La Ligua)Cruz VerdeCorrespondencia diaria (Valijas)	NO	0
11942383-K	Jose Caneo (La Ligua)	89807200-2	Cruz Verde	6	Material Publicitario	11942383-K/89807200-2/6	Jose Caneo (La Ligua)Cruz VerdeMaterial Publicitario	SI	10
11942383-K	Jose Caneo (La Ligua)	89807200-2	Cruz Verde	7	Retiro en ruta	11942383-K/89807200-2/7	Jose Caneo (La Ligua)Cruz VerdeRetiro en ruta	SI	10
11942383-K	Jose Caneo (La Ligua)	89807200-2	Cruz Verde	11	Servicio Standar	11942383-K/89807200-2/11	Jose Caneo (La Ligua)Cruz VerdeServicio Standar	SI	10
11942383-K	Jose Caneo (La Ligua)	89807200-2	Cruz Verde	19	Servicio Standar (Kit de ingreso)	11942383-K/89807200-2/19	Jose Caneo (La Ligua)Cruz VerdeServicio Standar (Kit de ingreso)	SI	10
11942383-K	Jose Caneo (La Ligua)	#N/D	Diario el Sur	11	Servicio Standar	#N/D	Jose Caneo (La Ligua)Diario el SurServicio Standar	SI	11
11942383-K	Jose Caneo (La Ligua)	#N/D	Disalcar	11	Servicio Standar	#N/D	Jose Caneo (La Ligua)DisalcarServicio Standar	SI	10
11942383-K	Jose Caneo (La Ligua)	78064534-2	Drop	11	Servicio Standar	11942383-K/78064534-2/11	Jose Caneo (La Ligua)DropServicio Standar	SI	11
11942383-K	Jose Caneo (La Ligua)	77907823-K	Ecopaños y Huaipes SPA	11	Servicio Standar	11942383-K/77907823-K/11	Jose Caneo (La Ligua)Ecopaños y Huaipes SPAServicio Standar	SI	11
11942383-K	Jose Caneo (La Ligua)	76377752-9	Ediciones Issue Spa	20	Servicio Standar (Lanzado)	11942383-K/76377752-9/20	Jose Caneo (La Ligua)Ediciones Issue SpaServicio Standar (Lanzado)	SI	11
11942383-K	Jose Caneo (La Ligua)	78445850-4	Envia Ltda	11	Servicio Standar	11942383-K/78445850-4/11	Jose Caneo (La Ligua)Envia LtdaServicio Standar	SI	10
11942383-K	Jose Caneo (La Ligua)	78293000-1	Global Courier SA	7	Retiro en ruta	11942383-K/78293000-1/7	Jose Caneo (La Ligua)Global Courier SARetiro en ruta	SI	10
11942383-K	Jose Caneo (La Ligua)	78293000-1	Global Courier SA	8	Retornos	11942383-K/78293000-1/8	Jose Caneo (La Ligua)Global Courier SARetornos	NO	0
11942383-K	Jose Caneo (La Ligua)	78293000-1	Global Courier SA	11	Servicio Standar	11942383-K/78293000-1/11	Jose Caneo (La Ligua)Global Courier SAServicio Standar	SI	10
11942383-K	Jose Caneo (La Ligua)	76631490-2	Global Med	11	Servicio Standar	11942383-K/76631490-2/11	Jose Caneo (La Ligua)Global MedServicio Standar	SI	11
11942383-K	Jose Caneo (La Ligua)	90106000-2	Grafica Quilicura	11	Servicio Standar	11942383-K/90106000-2/11	Jose Caneo (La Ligua)Grafica QuilicuraServicio Standar	SI	11
11942383-K	Jose Caneo (La Ligua)	90106000-2	Grafica Quilicura	25	Servicio Standar (R. Carabineros de chile)	11942383-K/90106000-2/25	Jose Caneo (La Ligua)Grafica QuilicuraServicio Standar (R. Carabineros de chile)	SI	10
11942383-K	Jose Caneo (La Ligua)	90106000-2	Grafica Quilicura	26	Servicio Standar (R. Los Heroes)	11942383-K/90106000-2/26	Jose Caneo (La Ligua)Grafica QuilicuraServicio Standar (R. Los Heroes)	SI	10
11942383-K	Jose Caneo (La Ligua)	77861584-3	Habasit	9	Servicio Sameday	11942383-K/77861584-3/9	Jose Caneo (La Ligua)HabasitServicio Sameday	SI	11
11942383-K	Jose Caneo (La Ligua)	77861584-3	Habasit	11	Servicio Standar	11942383-K/77861584-3/11	Jose Caneo (La Ligua)HabasitServicio Standar	SI	11
11942383-K	Jose Caneo (La Ligua)	76072176-K	Hemisferio Norte SA	11	Servicio Standar	11942383-K/76072176-K/11	Jose Caneo (La Ligua)Hemisferio Norte SAServicio Standar	SI	11
11942383-K	Jose Caneo (La Ligua)	76336423-2	Imprenta Babieca	11	Servicio Standar	11942383-K/76336423-2/11	Jose Caneo (La Ligua)Imprenta BabiecaServicio Standar	SI	11
11942383-K	Jose Caneo (La Ligua)	79840580-2	Imprenta Socias Ltda	11	Servicio Standar	11942383-K/79840580-2/11	Jose Caneo (La Ligua)Imprenta Socias LtdaServicio Standar	SI	10
11942383-K	Jose Caneo (La Ligua)	#N/D	La Hora	11	Servicio Standar	#N/D	Jose Caneo (La Ligua)La HoraServicio Standar	SI	11
11942383-K	Jose Caneo (La Ligua)	79500520-K	Maicao	2	Abastecimiento Uniformes	11942383-K/79500520-K/2	Jose Caneo (La Ligua)MaicaoAbastecimiento Uniformes	SI	10
11942383-K	Jose Caneo (La Ligua)	79500520-K	Maicao	3	Catalogo Publicitario	11942383-K/79500520-K/3	Jose Caneo (La Ligua)MaicaoCatalogo Publicitario	SI	10
11942383-K	Jose Caneo (La Ligua)	79500520-K	Maicao	4	Correspondencia diaria	11942383-K/79500520-K/4	Jose Caneo (La Ligua)MaicaoCorrespondencia diaria	NO	0
11942383-K	Jose Caneo (La Ligua)	79500520-K	Maicao	6	Material Publicitario	11942383-K/79500520-K/6	Jose Caneo (La Ligua)MaicaoMaterial Publicitario	SI	10
11942383-K	Jose Caneo (La Ligua)	79500520-K	Maicao	11	Servicio Standar	11942383-K/79500520-K/11	Jose Caneo (La Ligua)MaicaoServicio Standar	SI	10
11942383-K	Jose Caneo (La Ligua)	76057337-K	Nutrabody	16	Servicio Standar (Ecommerce)	11942383-K/76057337-K/16	Jose Caneo (La Ligua)NutrabodyServicio Standar (Ecommerce)	SI	11
11942383-K	Jose Caneo (La Ligua)	76710584-3	Opia Marcketing Spa	11	Servicio Standar	11942383-K/76710584-3/11	Jose Caneo (La Ligua)Opia Marcketing SpaServicio Standar	SI	11
11942383-K	Jose Caneo (La Ligua)	76012833-3	Rendic Hmnos	8	Retornos	11942383-K/76012833-3/8	Jose Caneo (La Ligua)Rendic HmnosRetornos	NO	0
11942383-K	Jose Caneo (La Ligua)	76012833-3	Rendic Hmnos	12	Servicio Standar (Alvi)	11942383-K/76012833-3/12	Jose Caneo (La Ligua)Rendic HmnosServicio Standar (Alvi)	SI	10
11942383-K	Jose Caneo (La Ligua)	76012833-3	Rendic Hmnos	22	Servicio Standar (Of. Central)	11942383-K/76012833-3/22	Jose Caneo (La Ligua)Rendic HmnosServicio Standar (Of. Central)	SI	10
11942383-K	Jose Caneo (La Ligua)	76012833-3	Rendic Hmnos	23	Servicio Standar (Proveedores)	11942383-K/76012833-3/23	Jose Caneo (La Ligua)Rendic HmnosServicio Standar (Proveedores)	SI	10
11942383-K	Jose Caneo (La Ligua)	76012833-3	Rendic Hmnos	32	Servicio Standar (Tecnologia)	11942383-K/76012833-3/32	Jose Caneo (La Ligua)Rendic HmnosServicio Standar (Tecnologia)	SI	10
11942383-K	Jose Caneo (La Ligua)	76012833-3	Rendic Hmnos	34	Servicio Standar (Valijas)	11942383-K/76012833-3/34	Jose Caneo (La Ligua)Rendic HmnosServicio Standar (Valijas)	NO	4
11942383-K	Jose Caneo (La Ligua)	76263819-3	Revesderecho	16	Servicio Standar (Ecommerce)	11942383-K/76263819-3/16	Jose Caneo (La Ligua)RevesderechoServicio Standar (Ecommerce)	SI	5
11942383-K	Jose Caneo (La Ligua)	76263819-3	Revesderecho	21	Servicio Standar (Mayorista)	11942383-K/76263819-3/21	Jose Caneo (La Ligua)RevesderechoServicio Standar (Mayorista)	NO	0
11942383-K	Jose Caneo (La Ligua)	76263819-3	Revesderecho	27	Servicio Standar (R. Tiendas)	11942383-K/76263819-3/27	Jose Caneo (La Ligua)RevesderechoServicio Standar (R. Tiendas)	SI	6
11942383-K	Jose Caneo (La Ligua)	76263819-3	Revesderecho	28	Servicio Standar (Retail)	11942383-K/76263819-3/28	Jose Caneo (La Ligua)RevesderechoServicio Standar (Retail)	SI	6
11942383-K	Jose Caneo (La Ligua)	76263819-3	Revesderecho	29	Servicio Standar (Retorno)	11942383-K/76263819-3/29	Jose Caneo (La Ligua)RevesderechoServicio Standar (Retorno)	NO	0
11942383-K	Jose Caneo (La Ligua)	76263819-3	Revesderecho	30	Servicio Standar (SAC)	11942383-K/76263819-3/30	Jose Caneo (La Ligua)RevesderechoServicio Standar (SAC)	SI	5
11942383-K	Jose Caneo (La Ligua)	#N/D	Solventa	11	Servicio Standar	#N/D	Jose Caneo (La Ligua)SolventaServicio Standar	SI	10
11942383-K	Jose Caneo (La Ligua)	78347433-6	The Planners Group Spa	11	Servicio Standar	11942383-K/78347433-6/11	Jose Caneo (La Ligua)The Planners Group SpaServicio Standar	SI	11
11942383-K	Jose Caneo (La Ligua)	76058647-1	Verisure Spa	8	Retornos	11942383-K/76058647-1/8	Jose Caneo (La Ligua)Verisure SpaRetornos	NO	0
11942383-K	Jose Caneo (La Ligua)	76058647-1	Verisure Spa	11	Servicio Standar	11942383-K/76058647-1/11	Jose Caneo (La Ligua)Verisure SpaServicio Standar	SI	10
11942383-K	Jose Caneo (La Ligua)	76713273-5	(HN Metales) Inversiones Saldivia Spa	11	Servicio Standar	11942383-K/76713273-5/11	Jose Caneo (La Ligua)(HN Metales) Inversiones Saldivia SpaServicio Standar	SI	11
11942383-K	Jose Caneo (La Ligua)	#N/D	(Orquidea) Hilanderia Maisa	16	Servicio Standar (Ecommerce)	#N/D	Jose Caneo (La Ligua)(Orquidea) Hilanderia MaisaServicio Standar (Ecommerce)	SI	11
11942383-K	Jose Caneo (La Ligua)	79647180-8	Comercial Reginella Ltda	16	Servicio Standar (Ecommerce)	11942383-K/79647180-8/16	Jose Caneo (La Ligua)Comercial Reginella LtdaServicio Standar (Ecommerce)	SI	5
11942383-K	Jose Caneo (La Ligua)	78599750-6	InduAmbiente	20	Servicio Standar (Lanzado)	11942383-K/78599750-6/20	Jose Caneo (La Ligua)InduAmbienteServicio Standar (Lanzado)	SI	11
11942383-K	Jose Caneo (La Ligua)	60910000-1	Universidad de chile	11	Servicio Standar	11942383-K/60910000-1/11	Jose Caneo (La Ligua)Universidad de chileServicio Standar	SI	11
11942383-K	Jose Caneo (La Ligua)	77970068-2	Vinilo	11	Servicio Standar	11942383-K/77970068-2/11	Jose Caneo (La Ligua)ViniloServicio Standar	SI	11
77346078-7	Latam	76288430-5	(Postalchile) Sociedad De Distribucion Y Logistica Postalchile Ltda	15	Servicio Standar (Correspondencia)	77346078-7/76288430-5/15	Latam(Postalchile) Sociedad De Distribucion Y Logistica Postalchile LtdaServicio Standar (Correspondencia)	NO	0
77346078-7	Latam	76288430-5	(Postalchile) Sociedad De Distribucion Y Logistica Postalchile Ltda	16	Servicio Standar (Ecommerce)	77346078-7/76288430-5/16	Latam(Postalchile) Sociedad De Distribucion Y Logistica Postalchile LtdaServicio Standar (Ecommerce)	NO	0
77346078-7	Latam	76438001-0	(R. Ambiente) Ambiente diseño y Comunicacion Spa	11	Servicio Standar	77346078-7/76438001-0/11	Latam(R. Ambiente) Ambiente diseño y Comunicacion SpaServicio Standar	NO	0
77346078-7	Latam	77415130-3	(Ushop) Articulos Publicitarios LW	11	Servicio Standar	77346078-7/77415130-3/11	Latam(Ushop) Articulos Publicitarios LWServicio Standar	NO	0
77346078-7	Latam	77415130-3	(Ushop) Articulos Publicitarios LW	18	Servicio Standar (GMPI)	77346078-7/77415130-3/18	Latam(Ushop) Articulos Publicitarios LWServicio Standar (GMPI)	NO	0
77346078-7	Latam	77346078-7	4Nortes	1	Abastecimiento de insumos	77346078-7/77346078-7/1	Latam4NortesAbastecimiento de insumos	NO	0
77346078-7	Latam	77346078-7	4Nortes	11	Servicio Standar	77346078-7/77346078-7/11	Latam4NortesServicio Standar	NO	0
77346078-7	Latam	77346078-7	4Nortes	13	Servicio Standar (Compra Agil)	77346078-7/77346078-7/13	Latam4NortesServicio Standar (Compra Agil)	NO	0
77346078-7	Latam	77419350-2	Adhegraf	11	Servicio Standar	77346078-7/77419350-2/11	LatamAdhegrafServicio Standar	NO	0
77346078-7	Latam	96830710-k	Aimpresores	11	Servicio Standar	77346078-7/96830710-k/11	LatamAimpresoresServicio Standar	NO	0
77346078-7	Latam	96830710-k	Aimpresores	14	Servicio Standar (Condenast)	77346078-7/96830710-k/14	LatamAimpresoresServicio Standar (Condenast)	NO	0
77346078-7	Latam	96830710-k	Aimpresores	17	Servicio Standar (Fucoa)	77346078-7/96830710-k/17	LatamAimpresoresServicio Standar (Fucoa)	NO	0
77346078-7	Latam	77310592-8	BGB SPA	11	Servicio Standar	77346078-7/77310592-8/11	LatamBGB SPAServicio Standar	NO	0
77346078-7	Latam	81826800-9	Cajas Los Andes	8	Retornos	77346078-7/81826800-9/8	LatamCajas Los AndesRetornos	NO	0
77346078-7	Latam	81826800-9	Cajas Los Andes	24	Servicio Standar (Providencia)	77346078-7/81826800-9/24	LatamCajas Los AndesServicio Standar (Providencia)	NO	0
77346078-7	Latam	81826800-9	Cajas Los Andes	31	Servicio Standar (Stgo Alonso)	77346078-7/81826800-9/31	LatamCajas Los AndesServicio Standar (Stgo Alonso)	NO	0
77346078-7	Latam	96950080-9	Chilepost	11	Servicio Standar	77346078-7/96950080-9/11	LatamChilepostServicio Standar	NO	0
77346078-7	Latam	85037900-9	Comercial Peumo Ltda	33	Servicio Standar (V. Trabajadores)	77346078-7/85037900-9/33	LatamComercial Peumo LtdaServicio Standar (V. Trabajadores)	NO	0
77346078-7	Latam	79647180-8	Comercial Reginella Ltda	21	Servicio Standar (Mayorista)	77346078-7/79647180-8/21	LatamComercial Reginella LtdaServicio Standar (Mayorista)	NO	0
77346078-7	Latam	76504464-2	Comercial VLB Ltda	11	Servicio Standar	77346078-7/76504464-2/11	LatamComercial VLB LtdaServicio Standar	NO	0
77346078-7	Latam	96511460-2	Construmart	4	Correspondencia diaria	77346078-7/96511460-2/4	LatamConstrumartCorrespondencia diaria	NO	0
77346078-7	Latam	96511460-2	Construmart	11	Servicio Standar	77346078-7/96511460-2/11	LatamConstrumartServicio Standar	NO	0
77346078-7	Latam	89807200-2	Cruz Verde	3	Catalogo Publicitario	77346078-7/89807200-2/3	LatamCruz VerdeCatalogo Publicitario	NO	0
77346078-7	Latam	89807200-2	Cruz Verde	5	Correspondencia diaria (Valijas)	77346078-7/89807200-2/5	LatamCruz VerdeCorrespondencia diaria (Valijas)	NO	0
77346078-7	Latam	89807200-2	Cruz Verde	6	Material Publicitario	77346078-7/89807200-2/6	LatamCruz VerdeMaterial Publicitario	NO	0
77346078-7	Latam	89807200-2	Cruz Verde	7	Retiro en ruta	77346078-7/89807200-2/7	LatamCruz VerdeRetiro en ruta	NO	0
77346078-7	Latam	89807200-2	Cruz Verde	11	Servicio Standar	77346078-7/89807200-2/11	LatamCruz VerdeServicio Standar	NO	0
77346078-7	Latam	89807200-2	Cruz Verde	19	Servicio Standar (Kit de ingreso)	77346078-7/89807200-2/19	LatamCruz VerdeServicio Standar (Kit de ingreso)	NO	0
77346078-7	Latam	#N/D	Diario el Sur	11	Servicio Standar	#N/D	LatamDiario el SurServicio Standar	NO	0
77346078-7	Latam	#N/D	Disalcar	11	Servicio Standar	#N/D	LatamDisalcarServicio Standar	NO	0
77346078-7	Latam	78064534-2	Drop	11	Servicio Standar	77346078-7/78064534-2/11	LatamDropServicio Standar	NO	0
77346078-7	Latam	77907823-K	Ecopaños y Huaipes SPA	11	Servicio Standar	77346078-7/77907823-K/11	LatamEcopaños y Huaipes SPAServicio Standar	NO	0
77346078-7	Latam	76377752-9	Ediciones Issue Spa	20	Servicio Standar (Lanzado)	77346078-7/76377752-9/20	LatamEdiciones Issue SpaServicio Standar (Lanzado)	NO	0
77346078-7	Latam	78445850-4	Envia Ltda	11	Servicio Standar	77346078-7/78445850-4/11	LatamEnvia LtdaServicio Standar	NO	0
77346078-7	Latam	78293000-1	Global Courier SA	7	Retiro en ruta	77346078-7/78293000-1/7	LatamGlobal Courier SARetiro en ruta	NO	0
77346078-7	Latam	78293000-1	Global Courier SA	8	Retornos	77346078-7/78293000-1/8	LatamGlobal Courier SARetornos	NO	0
77346078-7	Latam	78293000-1	Global Courier SA	11	Servicio Standar	77346078-7/78293000-1/11	LatamGlobal Courier SAServicio Standar	NO	0
77346078-7	Latam	76631490-2	Global Med	11	Servicio Standar	77346078-7/76631490-2/11	LatamGlobal MedServicio Standar	NO	0
77346078-7	Latam	90106000-2	Grafica Quilicura	11	Servicio Standar	77346078-7/90106000-2/11	LatamGrafica QuilicuraServicio Standar	NO	0
77346078-7	Latam	90106000-2	Grafica Quilicura	25	Servicio Standar (R. Carabineros de chile)	77346078-7/90106000-2/25	LatamGrafica QuilicuraServicio Standar (R. Carabineros de chile)	NO	0
77346078-7	Latam	90106000-2	Grafica Quilicura	26	Servicio Standar (R. Los Heroes)	77346078-7/90106000-2/26	LatamGrafica QuilicuraServicio Standar (R. Los Heroes)	NO	0
77346078-7	Latam	77861584-3	Habasit	9	Servicio Sameday	77346078-7/77861584-3/9	LatamHabasitServicio Sameday	NO	0
77346078-7	Latam	77861584-3	Habasit	11	Servicio Standar	77346078-7/77861584-3/11	LatamHabasitServicio Standar	NO	0
77346078-7	Latam	76072176-K	Hemisferio Norte SA	11	Servicio Standar	77346078-7/76072176-K/11	LatamHemisferio Norte SAServicio Standar	NO	0
77346078-7	Latam	76336423-2	Imprenta Babieca	11	Servicio Standar	77346078-7/76336423-2/11	LatamImprenta BabiecaServicio Standar	NO	0
77346078-7	Latam	79840580-2	Imprenta Socias Ltda	11	Servicio Standar	77346078-7/79840580-2/11	LatamImprenta Socias LtdaServicio Standar	NO	0
77346078-7	Latam	#N/D	La Hora	11	Servicio Standar	#N/D	LatamLa HoraServicio Standar	NO	0
77346078-7	Latam	79500520-K	Maicao	2	Abastecimiento Uniformes	77346078-7/79500520-K/2	LatamMaicaoAbastecimiento Uniformes	NO	0
77346078-7	Latam	79500520-K	Maicao	3	Catalogo Publicitario	77346078-7/79500520-K/3	LatamMaicaoCatalogo Publicitario	NO	0
77346078-7	Latam	79500520-K	Maicao	4	Correspondencia diaria	77346078-7/79500520-K/4	LatamMaicaoCorrespondencia diaria	NO	0
77346078-7	Latam	79500520-K	Maicao	6	Material Publicitario	77346078-7/79500520-K/6	LatamMaicaoMaterial Publicitario	NO	0
77346078-7	Latam	79500520-K	Maicao	11	Servicio Standar	77346078-7/79500520-K/11	LatamMaicaoServicio Standar	NO	0
77346078-7	Latam	76057337-K	Nutrabody	16	Servicio Standar (Ecommerce)	77346078-7/76057337-K/16	LatamNutrabodyServicio Standar (Ecommerce)	NO	0
77346078-7	Latam	76710584-3	Opia Marcketing Spa	11	Servicio Standar	77346078-7/76710584-3/11	LatamOpia Marcketing SpaServicio Standar	NO	0
77346078-7	Latam	76012833-3	Rendic Hmnos	8	Retornos	77346078-7/76012833-3/8	LatamRendic HmnosRetornos	NO	0
77346078-7	Latam	76012833-3	Rendic Hmnos	12	Servicio Standar (Alvi)	77346078-7/76012833-3/12	LatamRendic HmnosServicio Standar (Alvi)	NO	0
77346078-7	Latam	76012833-3	Rendic Hmnos	22	Servicio Standar (Of. Central)	77346078-7/76012833-3/22	LatamRendic HmnosServicio Standar (Of. Central)	NO	0
77346078-7	Latam	76012833-3	Rendic Hmnos	23	Servicio Standar (Proveedores)	77346078-7/76012833-3/23	LatamRendic HmnosServicio Standar (Proveedores)	NO	0
77346078-7	Latam	76012833-3	Rendic Hmnos	32	Servicio Standar (Tecnologia)	77346078-7/76012833-3/32	LatamRendic HmnosServicio Standar (Tecnologia)	NO	0
77346078-7	Latam	76012833-3	Rendic Hmnos	34	Servicio Standar (Valijas)	77346078-7/76012833-3/34	LatamRendic HmnosServicio Standar (Valijas)	NO	0
77346078-7	Latam	76263819-3	Revesderecho	16	Servicio Standar (Ecommerce)	77346078-7/76263819-3/16	LatamRevesderechoServicio Standar (Ecommerce)	NO	0
77346078-7	Latam	76263819-3	Revesderecho	21	Servicio Standar (Mayorista)	77346078-7/76263819-3/21	LatamRevesderechoServicio Standar (Mayorista)	NO	0
77346078-7	Latam	76263819-3	Revesderecho	27	Servicio Standar (R. Tiendas)	77346078-7/76263819-3/27	LatamRevesderechoServicio Standar (R. Tiendas)	NO	0
77346078-7	Latam	76263819-3	Revesderecho	28	Servicio Standar (Retail)	77346078-7/76263819-3/28	LatamRevesderechoServicio Standar (Retail)	NO	0
77346078-7	Latam	76263819-3	Revesderecho	29	Servicio Standar (Retorno)	77346078-7/76263819-3/29	LatamRevesderechoServicio Standar (Retorno)	NO	0
77346078-7	Latam	76263819-3	Revesderecho	30	Servicio Standar (SAC)	77346078-7/76263819-3/30	LatamRevesderechoServicio Standar (SAC)	NO	0
77346078-7	Latam	#N/D	Solventa	11	Servicio Standar	#N/D	LatamSolventaServicio Standar	NO	0
77346078-7	Latam	78347433-6	The Planners Group Spa	11	Servicio Standar	77346078-7/78347433-6/11	LatamThe Planners Group SpaServicio Standar	NO	0
77346078-7	Latam	76058647-1	Verisure Spa	8	Retornos	77346078-7/76058647-1/8	LatamVerisure SpaRetornos	NO	0
77346078-7	Latam	76058647-1	Verisure Spa	11	Servicio Standar	77346078-7/76058647-1/11	LatamVerisure SpaServicio Standar	NO	0
77346078-7	Latam	76713273-5	(HN Metales) Inversiones Saldivia Spa	11	Servicio Standar	77346078-7/76713273-5/11	Latam(HN Metales) Inversiones Saldivia SpaServicio Standar	NO	0
77346078-7	Latam	#N/D	(Orquidea) Hilanderia Maisa	16	Servicio Standar (Ecommerce)	#N/D	Latam(Orquidea) Hilanderia MaisaServicio Standar (Ecommerce)	NO	0
77346078-7	Latam	79647180-8	Comercial Reginella Ltda	16	Servicio Standar (Ecommerce)	77346078-7/79647180-8/16	LatamComercial Reginella LtdaServicio Standar (Ecommerce)	NO	0
77346078-7	Latam	78599750-6	InduAmbiente	20	Servicio Standar (Lanzado)	77346078-7/78599750-6/20	LatamInduAmbienteServicio Standar (Lanzado)	NO	0
77346078-7	Latam	60910000-1	Universidad de chile	11	Servicio Standar	77346078-7/60910000-1/11	LatamUniversidad de chileServicio Standar	NO	0
77346078-7	Latam	77970068-2	Vinilo	11	Servicio Standar	77346078-7/77970068-2/11	LatamViniloServicio Standar	NO	0
76052551-0	Mercasur	76288430-5	(Postalchile) Sociedad De Distribucion Y Logistica Postalchile Ltda	15	Servicio Standar (Correspondencia)	76052551-0/76288430-5/15	Mercasur(Postalchile) Sociedad De Distribucion Y Logistica Postalchile LtdaServicio Standar (Correspondencia)	SI	2
76052551-0	Mercasur	76288430-5	(Postalchile) Sociedad De Distribucion Y Logistica Postalchile Ltda	16	Servicio Standar (Ecommerce)	76052551-0/76288430-5/16	Mercasur(Postalchile) Sociedad De Distribucion Y Logistica Postalchile LtdaServicio Standar (Ecommerce)	SI	2
76052551-0	Mercasur	76438001-0	(R. Ambiente) Ambiente diseño y Comunicacion Spa	11	Servicio Standar	76052551-0/76438001-0/11	Mercasur(R. Ambiente) Ambiente diseño y Comunicacion SpaServicio Standar	SI	15
76052551-0	Mercasur	77415130-3	(Ushop) Articulos Publicitarios LW	11	Servicio Standar	76052551-0/77415130-3/11	Mercasur(Ushop) Articulos Publicitarios LWServicio Standar	SI	2
76052551-0	Mercasur	77415130-3	(Ushop) Articulos Publicitarios LW	18	Servicio Standar (GMPI)	76052551-0/77415130-3/18	Mercasur(Ushop) Articulos Publicitarios LWServicio Standar (GMPI)	SI	2
76052551-0	Mercasur	77346078-7	4Nortes	1	Abastecimiento de insumos	76052551-0/77346078-7/1	Mercasur4NortesAbastecimiento de insumos	NO	0
76052551-0	Mercasur	77346078-7	4Nortes	11	Servicio Standar	76052551-0/77346078-7/11	Mercasur4NortesServicio Standar	NO	0
76052551-0	Mercasur	77346078-7	4Nortes	13	Servicio Standar (Compra Agil)	76052551-0/77346078-7/13	Mercasur4NortesServicio Standar (Compra Agil)	SI	2
76052551-0	Mercasur	77419350-2	Adhegraf	11	Servicio Standar	76052551-0/77419350-2/11	MercasurAdhegrafServicio Standar	SI	2
76052551-0	Mercasur	96830710-k	Aimpresores	11	Servicio Standar	76052551-0/96830710-k/11	MercasurAimpresoresServicio Standar	SI	2
76052551-0	Mercasur	96830710-k	Aimpresores	14	Servicio Standar (Condenast)	76052551-0/96830710-k/14	MercasurAimpresoresServicio Standar (Condenast)	SI	2
76052551-0	Mercasur	96830710-k	Aimpresores	17	Servicio Standar (Fucoa)	76052551-0/96830710-k/17	MercasurAimpresoresServicio Standar (Fucoa)	SI	2
76052551-0	Mercasur	77310592-8	BGB SPA	11	Servicio Standar	76052551-0/77310592-8/11	MercasurBGB SPAServicio Standar	SI	2
76052551-0	Mercasur	81826800-9	Cajas Los Andes	8	Retornos	76052551-0/81826800-9/8	MercasurCajas Los AndesRetornos	SI	7
76052551-0	Mercasur	81826800-9	Cajas Los Andes	24	Servicio Standar (Providencia)	76052551-0/81826800-9/24	MercasurCajas Los AndesServicio Standar (Providencia)	SI	2
76052551-0	Mercasur	81826800-9	Cajas Los Andes	31	Servicio Standar (Stgo Alonso)	76052551-0/81826800-9/31	MercasurCajas Los AndesServicio Standar (Stgo Alonso)	SI	2
76052551-0	Mercasur	96950080-9	Chilepost	11	Servicio Standar	76052551-0/96950080-9/11	MercasurChilepostServicio Standar	SI	2
76052551-0	Mercasur	85037900-9	Comercial Peumo Ltda	33	Servicio Standar (V. Trabajadores)	76052551-0/85037900-9/33	MercasurComercial Peumo LtdaServicio Standar (V. Trabajadores)	REVISAR	0
76052551-0	Mercasur	79647180-8	Comercial Reginella Ltda	21	Servicio Standar (Mayorista)	76052551-0/79647180-8/21	MercasurComercial Reginella LtdaServicio Standar (Mayorista)	SI	6
76052551-0	Mercasur	76504464-2	Comercial VLB Ltda	11	Servicio Standar	76052551-0/76504464-2/11	MercasurComercial VLB LtdaServicio Standar	SI	2
76052551-0	Mercasur	96511460-2	Construmart	4	Correspondencia diaria	76052551-0/96511460-2/4	MercasurConstrumartCorrespondencia diaria	NO	0
76052551-0	Mercasur	96511460-2	Construmart	11	Servicio Standar	76052551-0/96511460-2/11	MercasurConstrumartServicio Standar	NO	0
76052551-0	Mercasur	89807200-2	Cruz Verde	3	Catalogo Publicitario	76052551-0/89807200-2/3	MercasurCruz VerdeCatalogo Publicitario	NO	0
76052551-0	Mercasur	89807200-2	Cruz Verde	5	Correspondencia diaria (Valijas)	76052551-0/89807200-2/5	MercasurCruz VerdeCorrespondencia diaria (Valijas)	NO	0
76052551-0	Mercasur	89807200-2	Cruz Verde	6	Material Publicitario	76052551-0/89807200-2/6	MercasurCruz VerdeMaterial Publicitario	NO	0
76052551-0	Mercasur	89807200-2	Cruz Verde	7	Retiro en ruta	76052551-0/89807200-2/7	MercasurCruz VerdeRetiro en ruta	NO	0
76052551-0	Mercasur	89807200-2	Cruz Verde	11	Servicio Standar	76052551-0/89807200-2/11	MercasurCruz VerdeServicio Standar	NO	0
76052551-0	Mercasur	89807200-2	Cruz Verde	19	Servicio Standar (Kit de ingreso)	76052551-0/89807200-2/19	MercasurCruz VerdeServicio Standar (Kit de ingreso)	NO	0
76052551-0	Mercasur	#N/D	Diario el Sur	11	Servicio Standar	#N/D	MercasurDiario el SurServicio Standar	NO	0
76052551-0	Mercasur	#N/D	Disalcar	11	Servicio Standar	#N/D	MercasurDisalcarServicio Standar	SI	2
76052551-0	Mercasur	78064534-2	Drop	11	Servicio Standar	76052551-0/78064534-2/11	MercasurDropServicio Standar	SI	2
76052551-0	Mercasur	77907823-K	Ecopaños y Huaipes SPA	11	Servicio Standar	76052551-0/77907823-K/11	MercasurEcopaños y Huaipes SPAServicio Standar	SI	2
76052551-0	Mercasur	76377752-9	Ediciones Issue Spa	20	Servicio Standar (Lanzado)	76052551-0/76377752-9/20	MercasurEdiciones Issue SpaServicio Standar (Lanzado)	NO	0
76052551-0	Mercasur	78445850-4	Envia Ltda	11	Servicio Standar	76052551-0/78445850-4/11	MercasurEnvia LtdaServicio Standar	SI	2
76052551-0	Mercasur	78293000-1	Global Courier SA	7	Retiro en ruta	76052551-0/78293000-1/7	MercasurGlobal Courier SARetiro en ruta	NO	0
76052551-0	Mercasur	78293000-1	Global Courier SA	8	Retornos	76052551-0/78293000-1/8	MercasurGlobal Courier SARetornos	SI	7
76052551-0	Mercasur	78293000-1	Global Courier SA	11	Servicio Standar	76052551-0/78293000-1/11	MercasurGlobal Courier SAServicio Standar	SI	2
76052551-0	Mercasur	76631490-2	Global Med	11	Servicio Standar	76052551-0/76631490-2/11	MercasurGlobal MedServicio Standar	SI	2
76052551-0	Mercasur	90106000-2	Grafica Quilicura	11	Servicio Standar	76052551-0/90106000-2/11	MercasurGrafica QuilicuraServicio Standar	SI	2
76052551-0	Mercasur	90106000-2	Grafica Quilicura	25	Servicio Standar (R. Carabineros de chile)	76052551-0/90106000-2/25	MercasurGrafica QuilicuraServicio Standar (R. Carabineros de chile)	SI	2
76052551-0	Mercasur	90106000-2	Grafica Quilicura	26	Servicio Standar (R. Los Heroes)	76052551-0/90106000-2/26	MercasurGrafica QuilicuraServicio Standar (R. Los Heroes)	SI	2
76052551-0	Mercasur	77861584-3	Habasit	9	Servicio Sameday	76052551-0/77861584-3/9	MercasurHabasitServicio Sameday	SI	2
76052551-0	Mercasur	77861584-3	Habasit	11	Servicio Standar	76052551-0/77861584-3/11	MercasurHabasitServicio Standar	SI	2
76052551-0	Mercasur	76072176-K	Hemisferio Norte SA	11	Servicio Standar	76052551-0/76072176-K/11	MercasurHemisferio Norte SAServicio Standar	SI	2
76052551-0	Mercasur	76336423-2	Imprenta Babieca	11	Servicio Standar	76052551-0/76336423-2/11	MercasurImprenta BabiecaServicio Standar	SI	2
76052551-0	Mercasur	79840580-2	Imprenta Socias Ltda	11	Servicio Standar	76052551-0/79840580-2/11	MercasurImprenta Socias LtdaServicio Standar	SI	2
76052551-0	Mercasur	#N/D	La Hora	11	Servicio Standar	#N/D	MercasurLa HoraServicio Standar	SI	2
76052551-0	Mercasur	79500520-K	Maicao	2	Abastecimiento Uniformes	76052551-0/79500520-K/2	MercasurMaicaoAbastecimiento Uniformes	NO	0
76052551-0	Mercasur	79500520-K	Maicao	3	Catalogo Publicitario	76052551-0/79500520-K/3	MercasurMaicaoCatalogo Publicitario	NO	0
76052551-0	Mercasur	79500520-K	Maicao	4	Correspondencia diaria	76052551-0/79500520-K/4	MercasurMaicaoCorrespondencia diaria	NO	0
76052551-0	Mercasur	79500520-K	Maicao	6	Material Publicitario	76052551-0/79500520-K/6	MercasurMaicaoMaterial Publicitario	NO	0
76052551-0	Mercasur	79500520-K	Maicao	11	Servicio Standar	76052551-0/79500520-K/11	MercasurMaicaoServicio Standar	NO	0
76052551-0	Mercasur	76057337-K	Nutrabody	16	Servicio Standar (Ecommerce)	76052551-0/76057337-K/16	MercasurNutrabodyServicio Standar (Ecommerce)	SI	2
76052551-0	Mercasur	76710584-3	Opia Marcketing Spa	11	Servicio Standar	76052551-0/76710584-3/11	MercasurOpia Marcketing SpaServicio Standar	SI	2
76052551-0	Mercasur	76012833-3	Rendic Hmnos	8	Retornos	76052551-0/76012833-3/8	MercasurRendic HmnosRetornos	SI	7
76052551-0	Mercasur	76012833-3	Rendic Hmnos	12	Servicio Standar (Alvi)	76052551-0/76012833-3/12	MercasurRendic HmnosServicio Standar (Alvi)	SI	2
76052551-0	Mercasur	76012833-3	Rendic Hmnos	22	Servicio Standar (Of. Central)	76052551-0/76012833-3/22	MercasurRendic HmnosServicio Standar (Of. Central)	SI	2
76052551-0	Mercasur	76012833-3	Rendic Hmnos	23	Servicio Standar (Proveedores)	76052551-0/76012833-3/23	MercasurRendic HmnosServicio Standar (Proveedores)	SI	2
76052551-0	Mercasur	76012833-3	Rendic Hmnos	32	Servicio Standar (Tecnologia)	76052551-0/76012833-3/32	MercasurRendic HmnosServicio Standar (Tecnologia)	SI	2
76052551-0	Mercasur	76012833-3	Rendic Hmnos	34	Servicio Standar (Valijas)	76052551-0/76012833-3/34	MercasurRendic HmnosServicio Standar (Valijas)	NO	0
76052551-0	Mercasur	76263819-3	Revesderecho	16	Servicio Standar (Ecommerce)	76052551-0/76263819-3/16	MercasurRevesderechoServicio Standar (Ecommerce)	SI	5
76052551-0	Mercasur	76263819-3	Revesderecho	21	Servicio Standar (Mayorista)	76052551-0/76263819-3/21	MercasurRevesderechoServicio Standar (Mayorista)	NO	0
76052551-0	Mercasur	76263819-3	Revesderecho	27	Servicio Standar (R. Tiendas)	76052551-0/76263819-3/27	MercasurRevesderechoServicio Standar (R. Tiendas)	SI	6
76052551-0	Mercasur	76263819-3	Revesderecho	28	Servicio Standar (Retail)	76052551-0/76263819-3/28	MercasurRevesderechoServicio Standar (Retail)	SI	6
76052551-0	Mercasur	76263819-3	Revesderecho	29	Servicio Standar (Retorno)	76052551-0/76263819-3/29	MercasurRevesderechoServicio Standar (Retorno)	NO	0
76052551-0	Mercasur	76263819-3	Revesderecho	30	Servicio Standar (SAC)	76052551-0/76263819-3/30	MercasurRevesderechoServicio Standar (SAC)	SI	5
76052551-0	Mercasur	#N/D	Solventa	11	Servicio Standar	#N/D	MercasurSolventaServicio Standar	NO	0
76052551-0	Mercasur	78347433-6	The Planners Group Spa	11	Servicio Standar	76052551-0/78347433-6/11	MercasurThe Planners Group SpaServicio Standar	SI	2
76052551-0	Mercasur	76058647-1	Verisure Spa	8	Retornos	76052551-0/76058647-1/8	MercasurVerisure SpaRetornos	SI	7
76052551-0	Mercasur	76058647-1	Verisure Spa	11	Servicio Standar	76052551-0/76058647-1/11	MercasurVerisure SpaServicio Standar	SI	2
76052551-0	Mercasur	76713273-5	(HN Metales) Inversiones Saldivia Spa	11	Servicio Standar	76052551-0/76713273-5/11	Mercasur(HN Metales) Inversiones Saldivia SpaServicio Standar	SI	2
76052551-0	Mercasur	#N/D	(Orquidea) Hilanderia Maisa	16	Servicio Standar (Ecommerce)	#N/D	Mercasur(Orquidea) Hilanderia MaisaServicio Standar (Ecommerce)	SI	2
76052551-0	Mercasur	79647180-8	Comercial Reginella Ltda	16	Servicio Standar (Ecommerce)	76052551-0/79647180-8/16	MercasurComercial Reginella LtdaServicio Standar (Ecommerce)	SI	6
76052551-0	Mercasur	78599750-6	InduAmbiente	20	Servicio Standar (Lanzado)	76052551-0/78599750-6/20	MercasurInduAmbienteServicio Standar (Lanzado)	SI	2
76052551-0	Mercasur	60910000-1	Universidad de chile	11	Servicio Standar	76052551-0/60910000-1/11	MercasurUniversidad de chileServicio Standar	SI	2
76052551-0	Mercasur	77970068-2	Vinilo	11	Servicio Standar	76052551-0/77970068-2/11	MercasurViniloServicio Standar	SI	2
17657150-0	Micael Figueroa (Los Andes)	76288430-5	(Postalchile) Sociedad De Distribucion Y Logistica Postalchile Ltda	15	Servicio Standar (Correspondencia)	17657150-0/76288430-5/15	Micael Figueroa (Los Andes)(Postalchile) Sociedad De Distribucion Y Logistica Postalchile LtdaServicio Standar (Correspondencia)	SI	10
17657150-0	Micael Figueroa (Los Andes)	76288430-5	(Postalchile) Sociedad De Distribucion Y Logistica Postalchile Ltda	16	Servicio Standar (Ecommerce)	17657150-0/76288430-5/16	Micael Figueroa (Los Andes)(Postalchile) Sociedad De Distribucion Y Logistica Postalchile LtdaServicio Standar (Ecommerce)	SI	11
17657150-0	Micael Figueroa (Los Andes)	76438001-0	(R. Ambiente) Ambiente diseño y Comunicacion Spa	11	Servicio Standar	17657150-0/76438001-0/11	Micael Figueroa (Los Andes)(R. Ambiente) Ambiente diseño y Comunicacion SpaServicio Standar	SI	15
17657150-0	Micael Figueroa (Los Andes)	77415130-3	(Ushop) Articulos Publicitarios LW	11	Servicio Standar	17657150-0/77415130-3/11	Micael Figueroa (Los Andes)(Ushop) Articulos Publicitarios LWServicio Standar	SI	11
17657150-0	Micael Figueroa (Los Andes)	77415130-3	(Ushop) Articulos Publicitarios LW	18	Servicio Standar (GMPI)	17657150-0/77415130-3/18	Micael Figueroa (Los Andes)(Ushop) Articulos Publicitarios LWServicio Standar (GMPI)	SI	11
17657150-0	Micael Figueroa (Los Andes)	77346078-7	4Nortes	1	Abastecimiento de insumos	17657150-0/77346078-7/1	Micael Figueroa (Los Andes)4NortesAbastecimiento de insumos	SI	10
17657150-0	Micael Figueroa (Los Andes)	77346078-7	4Nortes	11	Servicio Standar	17657150-0/77346078-7/11	Micael Figueroa (Los Andes)4NortesServicio Standar	SI	10
17657150-0	Micael Figueroa (Los Andes)	77346078-7	4Nortes	13	Servicio Standar (Compra Agil)	17657150-0/77346078-7/13	Micael Figueroa (Los Andes)4NortesServicio Standar (Compra Agil)	SI	11
17657150-0	Micael Figueroa (Los Andes)	77419350-2	Adhegraf	11	Servicio Standar	17657150-0/77419350-2/11	Micael Figueroa (Los Andes)AdhegrafServicio Standar	SI	11
17657150-0	Micael Figueroa (Los Andes)	96830710-k	Aimpresores	11	Servicio Standar	17657150-0/96830710-k/11	Micael Figueroa (Los Andes)AimpresoresServicio Standar	SI	11
17657150-0	Micael Figueroa (Los Andes)	96830710-k	Aimpresores	14	Servicio Standar (Condenast)	17657150-0/96830710-k/14	Micael Figueroa (Los Andes)AimpresoresServicio Standar (Condenast)	SI	11
17657150-0	Micael Figueroa (Los Andes)	96830710-k	Aimpresores	17	Servicio Standar (Fucoa)	17657150-0/96830710-k/17	Micael Figueroa (Los Andes)AimpresoresServicio Standar (Fucoa)	SI	10
17657150-0	Micael Figueroa (Los Andes)	77310592-8	BGB SPA	11	Servicio Standar	17657150-0/77310592-8/11	Micael Figueroa (Los Andes)BGB SPAServicio Standar	SI	11
17657150-0	Micael Figueroa (Los Andes)	81826800-9	Cajas Los Andes	8	Retornos	17657150-0/81826800-9/8	Micael Figueroa (Los Andes)Cajas Los AndesRetornos	NO	0
17657150-0	Micael Figueroa (Los Andes)	81826800-9	Cajas Los Andes	24	Servicio Standar (Providencia)	17657150-0/81826800-9/24	Micael Figueroa (Los Andes)Cajas Los AndesServicio Standar (Providencia)	SI	10
17657150-0	Micael Figueroa (Los Andes)	81826800-9	Cajas Los Andes	31	Servicio Standar (Stgo Alonso)	17657150-0/81826800-9/31	Micael Figueroa (Los Andes)Cajas Los AndesServicio Standar (Stgo Alonso)	SI	10
17657150-0	Micael Figueroa (Los Andes)	96950080-9	Chilepost	11	Servicio Standar	17657150-0/96950080-9/11	Micael Figueroa (Los Andes)ChilepostServicio Standar	SI	10
17657150-0	Micael Figueroa (Los Andes)	85037900-9	Comercial Peumo Ltda	33	Servicio Standar (V. Trabajadores)	17657150-0/85037900-9/33	Micael Figueroa (Los Andes)Comercial Peumo LtdaServicio Standar (V. Trabajadores)	REVISAR	0
17657150-0	Micael Figueroa (Los Andes)	79647180-8	Comercial Reginella Ltda	21	Servicio Standar (Mayorista)	17657150-0/79647180-8/21	Micael Figueroa (Los Andes)Comercial Reginella LtdaServicio Standar (Mayorista)	SI	6
17657150-0	Micael Figueroa (Los Andes)	76504464-2	Comercial VLB Ltda	11	Servicio Standar	17657150-0/76504464-2/11	Micael Figueroa (Los Andes)Comercial VLB LtdaServicio Standar	SI	11
17657150-0	Micael Figueroa (Los Andes)	96511460-2	Construmart	4	Correspondencia diaria	17657150-0/96511460-2/4	Micael Figueroa (Los Andes)ConstrumartCorrespondencia diaria	NO	0
17657150-0	Micael Figueroa (Los Andes)	96511460-2	Construmart	11	Servicio Standar	17657150-0/96511460-2/11	Micael Figueroa (Los Andes)ConstrumartServicio Standar	NO	4
17657150-0	Micael Figueroa (Los Andes)	89807200-2	Cruz Verde	3	Catalogo Publicitario	17657150-0/89807200-2/3	Micael Figueroa (Los Andes)Cruz VerdeCatalogo Publicitario	SI	10
17657150-0	Micael Figueroa (Los Andes)	89807200-2	Cruz Verde	5	Correspondencia diaria (Valijas)	17657150-0/89807200-2/5	Micael Figueroa (Los Andes)Cruz VerdeCorrespondencia diaria (Valijas)	NO	0
17657150-0	Micael Figueroa (Los Andes)	89807200-2	Cruz Verde	6	Material Publicitario	17657150-0/89807200-2/6	Micael Figueroa (Los Andes)Cruz VerdeMaterial Publicitario	SI	10
17657150-0	Micael Figueroa (Los Andes)	89807200-2	Cruz Verde	7	Retiro en ruta	17657150-0/89807200-2/7	Micael Figueroa (Los Andes)Cruz VerdeRetiro en ruta	SI	10
17657150-0	Micael Figueroa (Los Andes)	89807200-2	Cruz Verde	11	Servicio Standar	17657150-0/89807200-2/11	Micael Figueroa (Los Andes)Cruz VerdeServicio Standar	SI	10
17657150-0	Micael Figueroa (Los Andes)	89807200-2	Cruz Verde	19	Servicio Standar (Kit de ingreso)	17657150-0/89807200-2/19	Micael Figueroa (Los Andes)Cruz VerdeServicio Standar (Kit de ingreso)	SI	10
17657150-0	Micael Figueroa (Los Andes)	#N/D	Diario el Sur	11	Servicio Standar	#N/D	Micael Figueroa (Los Andes)Diario el SurServicio Standar	SI	11
17657150-0	Micael Figueroa (Los Andes)	#N/D	Disalcar	11	Servicio Standar	#N/D	Micael Figueroa (Los Andes)DisalcarServicio Standar	SI	10
17657150-0	Micael Figueroa (Los Andes)	78064534-2	Drop	11	Servicio Standar	17657150-0/78064534-2/11	Micael Figueroa (Los Andes)DropServicio Standar	SI	11
17657150-0	Micael Figueroa (Los Andes)	77907823-K	Ecopaños y Huaipes SPA	11	Servicio Standar	17657150-0/77907823-K/11	Micael Figueroa (Los Andes)Ecopaños y Huaipes SPAServicio Standar	SI	11
17657150-0	Micael Figueroa (Los Andes)	76377752-9	Ediciones Issue Spa	20	Servicio Standar (Lanzado)	17657150-0/76377752-9/20	Micael Figueroa (Los Andes)Ediciones Issue SpaServicio Standar (Lanzado)	SI	11
17657150-0	Micael Figueroa (Los Andes)	78445850-4	Envia Ltda	11	Servicio Standar	17657150-0/78445850-4/11	Micael Figueroa (Los Andes)Envia LtdaServicio Standar	SI	10
17657150-0	Micael Figueroa (Los Andes)	78293000-1	Global Courier SA	7	Retiro en ruta	17657150-0/78293000-1/7	Micael Figueroa (Los Andes)Global Courier SARetiro en ruta	SI	10
17657150-0	Micael Figueroa (Los Andes)	78293000-1	Global Courier SA	8	Retornos	17657150-0/78293000-1/8	Micael Figueroa (Los Andes)Global Courier SARetornos	NO	0
17657150-0	Micael Figueroa (Los Andes)	78293000-1	Global Courier SA	11	Servicio Standar	17657150-0/78293000-1/11	Micael Figueroa (Los Andes)Global Courier SAServicio Standar	SI	10
17657150-0	Micael Figueroa (Los Andes)	76631490-2	Global Med	11	Servicio Standar	17657150-0/76631490-2/11	Micael Figueroa (Los Andes)Global MedServicio Standar	SI	11
17657150-0	Micael Figueroa (Los Andes)	90106000-2	Grafica Quilicura	11	Servicio Standar	17657150-0/90106000-2/11	Micael Figueroa (Los Andes)Grafica QuilicuraServicio Standar	SI	11
17657150-0	Micael Figueroa (Los Andes)	90106000-2	Grafica Quilicura	25	Servicio Standar (R. Carabineros de chile)	17657150-0/90106000-2/25	Micael Figueroa (Los Andes)Grafica QuilicuraServicio Standar (R. Carabineros de chile)	SI	10
17657150-0	Micael Figueroa (Los Andes)	90106000-2	Grafica Quilicura	26	Servicio Standar (R. Los Heroes)	17657150-0/90106000-2/26	Micael Figueroa (Los Andes)Grafica QuilicuraServicio Standar (R. Los Heroes)	SI	10
17657150-0	Micael Figueroa (Los Andes)	77861584-3	Habasit	9	Servicio Sameday	17657150-0/77861584-3/9	Micael Figueroa (Los Andes)HabasitServicio Sameday	SI	11
17657150-0	Micael Figueroa (Los Andes)	77861584-3	Habasit	11	Servicio Standar	17657150-0/77861584-3/11	Micael Figueroa (Los Andes)HabasitServicio Standar	SI	11
17657150-0	Micael Figueroa (Los Andes)	76072176-K	Hemisferio Norte SA	11	Servicio Standar	17657150-0/76072176-K/11	Micael Figueroa (Los Andes)Hemisferio Norte SAServicio Standar	SI	11
17657150-0	Micael Figueroa (Los Andes)	76336423-2	Imprenta Babieca	11	Servicio Standar	17657150-0/76336423-2/11	Micael Figueroa (Los Andes)Imprenta BabiecaServicio Standar	SI	11
17657150-0	Micael Figueroa (Los Andes)	79840580-2	Imprenta Socias Ltda	11	Servicio Standar	17657150-0/79840580-2/11	Micael Figueroa (Los Andes)Imprenta Socias LtdaServicio Standar	SI	10
17657150-0	Micael Figueroa (Los Andes)	#N/D	La Hora	11	Servicio Standar	#N/D	Micael Figueroa (Los Andes)La HoraServicio Standar	SI	11
17657150-0	Micael Figueroa (Los Andes)	79500520-K	Maicao	2	Abastecimiento Uniformes	17657150-0/79500520-K/2	Micael Figueroa (Los Andes)MaicaoAbastecimiento Uniformes	SI	10
17657150-0	Micael Figueroa (Los Andes)	79500520-K	Maicao	3	Catalogo Publicitario	17657150-0/79500520-K/3	Micael Figueroa (Los Andes)MaicaoCatalogo Publicitario	SI	10
17657150-0	Micael Figueroa (Los Andes)	79500520-K	Maicao	4	Correspondencia diaria	17657150-0/79500520-K/4	Micael Figueroa (Los Andes)MaicaoCorrespondencia diaria	NO	0
17657150-0	Micael Figueroa (Los Andes)	79500520-K	Maicao	6	Material Publicitario	17657150-0/79500520-K/6	Micael Figueroa (Los Andes)MaicaoMaterial Publicitario	SI	10
17657150-0	Micael Figueroa (Los Andes)	79500520-K	Maicao	11	Servicio Standar	17657150-0/79500520-K/11	Micael Figueroa (Los Andes)MaicaoServicio Standar	SI	10
17657150-0	Micael Figueroa (Los Andes)	76057337-K	Nutrabody	16	Servicio Standar (Ecommerce)	17657150-0/76057337-K/16	Micael Figueroa (Los Andes)NutrabodyServicio Standar (Ecommerce)	SI	11
17657150-0	Micael Figueroa (Los Andes)	76710584-3	Opia Marcketing Spa	11	Servicio Standar	17657150-0/76710584-3/11	Micael Figueroa (Los Andes)Opia Marcketing SpaServicio Standar	SI	11
17657150-0	Micael Figueroa (Los Andes)	76012833-3	Rendic Hmnos	8	Retornos	17657150-0/76012833-3/8	Micael Figueroa (Los Andes)Rendic HmnosRetornos	NO	0
17657150-0	Micael Figueroa (Los Andes)	76012833-3	Rendic Hmnos	12	Servicio Standar (Alvi)	17657150-0/76012833-3/12	Micael Figueroa (Los Andes)Rendic HmnosServicio Standar (Alvi)	SI	10
17657150-0	Micael Figueroa (Los Andes)	76012833-3	Rendic Hmnos	22	Servicio Standar (Of. Central)	17657150-0/76012833-3/22	Micael Figueroa (Los Andes)Rendic HmnosServicio Standar (Of. Central)	SI	10
17657150-0	Micael Figueroa (Los Andes)	76012833-3	Rendic Hmnos	23	Servicio Standar (Proveedores)	17657150-0/76012833-3/23	Micael Figueroa (Los Andes)Rendic HmnosServicio Standar (Proveedores)	SI	10
17657150-0	Micael Figueroa (Los Andes)	76012833-3	Rendic Hmnos	32	Servicio Standar (Tecnologia)	17657150-0/76012833-3/32	Micael Figueroa (Los Andes)Rendic HmnosServicio Standar (Tecnologia)	SI	10
17657150-0	Micael Figueroa (Los Andes)	76012833-3	Rendic Hmnos	34	Servicio Standar (Valijas)	17657150-0/76012833-3/34	Micael Figueroa (Los Andes)Rendic HmnosServicio Standar (Valijas)	NO	4
17657150-0	Micael Figueroa (Los Andes)	76263819-3	Revesderecho	16	Servicio Standar (Ecommerce)	17657150-0/76263819-3/16	Micael Figueroa (Los Andes)RevesderechoServicio Standar (Ecommerce)	SI	5
17657150-0	Micael Figueroa (Los Andes)	76263819-3	Revesderecho	21	Servicio Standar (Mayorista)	17657150-0/76263819-3/21	Micael Figueroa (Los Andes)RevesderechoServicio Standar (Mayorista)	NO	0
17657150-0	Micael Figueroa (Los Andes)	76263819-3	Revesderecho	27	Servicio Standar (R. Tiendas)	17657150-0/76263819-3/27	Micael Figueroa (Los Andes)RevesderechoServicio Standar (R. Tiendas)	SI	6
17657150-0	Micael Figueroa (Los Andes)	76263819-3	Revesderecho	28	Servicio Standar (Retail)	17657150-0/76263819-3/28	Micael Figueroa (Los Andes)RevesderechoServicio Standar (Retail)	SI	6
17657150-0	Micael Figueroa (Los Andes)	76263819-3	Revesderecho	29	Servicio Standar (Retorno)	17657150-0/76263819-3/29	Micael Figueroa (Los Andes)RevesderechoServicio Standar (Retorno)	NO	0
17657150-0	Micael Figueroa (Los Andes)	76263819-3	Revesderecho	30	Servicio Standar (SAC)	17657150-0/76263819-3/30	Micael Figueroa (Los Andes)RevesderechoServicio Standar (SAC)	SI	5
17657150-0	Micael Figueroa (Los Andes)	#N/D	Solventa	11	Servicio Standar	#N/D	Micael Figueroa (Los Andes)SolventaServicio Standar	SI	10
17657150-0	Micael Figueroa (Los Andes)	78347433-6	The Planners Group Spa	11	Servicio Standar	17657150-0/78347433-6/11	Micael Figueroa (Los Andes)The Planners Group SpaServicio Standar	SI	11
17657150-0	Micael Figueroa (Los Andes)	76058647-1	Verisure Spa	8	Retornos	17657150-0/76058647-1/8	Micael Figueroa (Los Andes)Verisure SpaRetornos	NO	0
17657150-0	Micael Figueroa (Los Andes)	76058647-1	Verisure Spa	11	Servicio Standar	17657150-0/76058647-1/11	Micael Figueroa (Los Andes)Verisure SpaServicio Standar	SI	10
17657150-0	Micael Figueroa (Los Andes)	76713273-5	(HN Metales) Inversiones Saldivia Spa	11	Servicio Standar	17657150-0/76713273-5/11	Micael Figueroa (Los Andes)(HN Metales) Inversiones Saldivia SpaServicio Standar	SI	11
17657150-0	Micael Figueroa (Los Andes)	#N/D	(Orquidea) Hilanderia Maisa	16	Servicio Standar (Ecommerce)	#N/D	Micael Figueroa (Los Andes)(Orquidea) Hilanderia MaisaServicio Standar (Ecommerce)	SI	11
17657150-0	Micael Figueroa (Los Andes)	79647180-8	Comercial Reginella Ltda	16	Servicio Standar (Ecommerce)	17657150-0/79647180-8/16	Micael Figueroa (Los Andes)Comercial Reginella LtdaServicio Standar (Ecommerce)	SI	5
17657150-0	Micael Figueroa (Los Andes)	78599750-6	InduAmbiente	20	Servicio Standar (Lanzado)	17657150-0/78599750-6/20	Micael Figueroa (Los Andes)InduAmbienteServicio Standar (Lanzado)	SI	11
17657150-0	Micael Figueroa (Los Andes)	60910000-1	Universidad de chile	11	Servicio Standar	17657150-0/60910000-1/11	Micael Figueroa (Los Andes)Universidad de chileServicio Standar	SI	11
17657150-0	Micael Figueroa (Los Andes)	77970068-2	Vinilo	11	Servicio Standar	17657150-0/77970068-2/11	Micael Figueroa (Los Andes)ViniloServicio Standar	SI	11
76528088-5	Miguel Celis (Curico)	76288430-5	(Postalchile) Sociedad De Distribucion Y Logistica Postalchile Ltda	15	Servicio Standar (Correspondencia)	76528088-5/76288430-5/15	Miguel Celis (Curico)(Postalchile) Sociedad De Distribucion Y Logistica Postalchile LtdaServicio Standar (Correspondencia)	SI	2
76528088-5	Miguel Celis (Curico)	76288430-5	(Postalchile) Sociedad De Distribucion Y Logistica Postalchile Ltda	16	Servicio Standar (Ecommerce)	76528088-5/76288430-5/16	Miguel Celis (Curico)(Postalchile) Sociedad De Distribucion Y Logistica Postalchile LtdaServicio Standar (Ecommerce)	SI	2
76528088-5	Miguel Celis (Curico)	76438001-0	(R. Ambiente) Ambiente diseño y Comunicacion Spa	11	Servicio Standar	76528088-5/76438001-0/11	Miguel Celis (Curico)(R. Ambiente) Ambiente diseño y Comunicacion SpaServicio Standar	SI	15
76528088-5	Miguel Celis (Curico)	77415130-3	(Ushop) Articulos Publicitarios LW	11	Servicio Standar	76528088-5/77415130-3/11	Miguel Celis (Curico)(Ushop) Articulos Publicitarios LWServicio Standar	SI	2
76528088-5	Miguel Celis (Curico)	77415130-3	(Ushop) Articulos Publicitarios LW	18	Servicio Standar (GMPI)	76528088-5/77415130-3/18	Miguel Celis (Curico)(Ushop) Articulos Publicitarios LWServicio Standar (GMPI)	SI	2
76528088-5	Miguel Celis (Curico)	77346078-7	4Nortes	1	Abastecimiento de insumos	76528088-5/77346078-7/1	Miguel Celis (Curico)4NortesAbastecimiento de insumos	NO	0
76528088-5	Miguel Celis (Curico)	77346078-7	4Nortes	11	Servicio Standar	76528088-5/77346078-7/11	Miguel Celis (Curico)4NortesServicio Standar	NO	0
76528088-5	Miguel Celis (Curico)	77346078-7	4Nortes	13	Servicio Standar (Compra Agil)	76528088-5/77346078-7/13	Miguel Celis (Curico)4NortesServicio Standar (Compra Agil)	SI	2
76528088-5	Miguel Celis (Curico)	77419350-2	Adhegraf	11	Servicio Standar	76528088-5/77419350-2/11	Miguel Celis (Curico)AdhegrafServicio Standar	SI	2
76528088-5	Miguel Celis (Curico)	96830710-k	Aimpresores	11	Servicio Standar	76528088-5/96830710-k/11	Miguel Celis (Curico)AimpresoresServicio Standar	SI	2
76528088-5	Miguel Celis (Curico)	96830710-k	Aimpresores	14	Servicio Standar (Condenast)	76528088-5/96830710-k/14	Miguel Celis (Curico)AimpresoresServicio Standar (Condenast)	SI	2
76528088-5	Miguel Celis (Curico)	96830710-k	Aimpresores	17	Servicio Standar (Fucoa)	76528088-5/96830710-k/17	Miguel Celis (Curico)AimpresoresServicio Standar (Fucoa)	SI	2
76528088-5	Miguel Celis (Curico)	77310592-8	BGB SPA	11	Servicio Standar	76528088-5/77310592-8/11	Miguel Celis (Curico)BGB SPAServicio Standar	SI	2
76528088-5	Miguel Celis (Curico)	81826800-9	Cajas Los Andes	8	Retornos	76528088-5/81826800-9/8	Miguel Celis (Curico)Cajas Los AndesRetornos	SI	7
76528088-5	Miguel Celis (Curico)	81826800-9	Cajas Los Andes	24	Servicio Standar (Providencia)	76528088-5/81826800-9/24	Miguel Celis (Curico)Cajas Los AndesServicio Standar (Providencia)	SI	2
76528088-5	Miguel Celis (Curico)	81826800-9	Cajas Los Andes	31	Servicio Standar (Stgo Alonso)	76528088-5/81826800-9/31	Miguel Celis (Curico)Cajas Los AndesServicio Standar (Stgo Alonso)	SI	2
76528088-5	Miguel Celis (Curico)	96950080-9	Chilepost	11	Servicio Standar	76528088-5/96950080-9/11	Miguel Celis (Curico)ChilepostServicio Standar	SI	2
76528088-5	Miguel Celis (Curico)	85037900-9	Comercial Peumo Ltda	33	Servicio Standar (V. Trabajadores)	76528088-5/85037900-9/33	Miguel Celis (Curico)Comercial Peumo LtdaServicio Standar (V. Trabajadores)	REVISAR	0
76528088-5	Miguel Celis (Curico)	79647180-8	Comercial Reginella Ltda	21	Servicio Standar (Mayorista)	76528088-5/79647180-8/21	Miguel Celis (Curico)Comercial Reginella LtdaServicio Standar (Mayorista)	SI	6
76528088-5	Miguel Celis (Curico)	76504464-2	Comercial VLB Ltda	11	Servicio Standar	76528088-5/76504464-2/11	Miguel Celis (Curico)Comercial VLB LtdaServicio Standar	SI	2
76528088-5	Miguel Celis (Curico)	96511460-2	Construmart	4	Correspondencia diaria	76528088-5/96511460-2/4	Miguel Celis (Curico)ConstrumartCorrespondencia diaria	NO	0
76528088-5	Miguel Celis (Curico)	96511460-2	Construmart	11	Servicio Standar	76528088-5/96511460-2/11	Miguel Celis (Curico)ConstrumartServicio Standar	NO	0
76528088-5	Miguel Celis (Curico)	89807200-2	Cruz Verde	3	Catalogo Publicitario	76528088-5/89807200-2/3	Miguel Celis (Curico)Cruz VerdeCatalogo Publicitario	NO	0
76528088-5	Miguel Celis (Curico)	89807200-2	Cruz Verde	5	Correspondencia diaria (Valijas)	76528088-5/89807200-2/5	Miguel Celis (Curico)Cruz VerdeCorrespondencia diaria (Valijas)	NO	0
76528088-5	Miguel Celis (Curico)	89807200-2	Cruz Verde	6	Material Publicitario	76528088-5/89807200-2/6	Miguel Celis (Curico)Cruz VerdeMaterial Publicitario	NO	0
76528088-5	Miguel Celis (Curico)	89807200-2	Cruz Verde	7	Retiro en ruta	76528088-5/89807200-2/7	Miguel Celis (Curico)Cruz VerdeRetiro en ruta	NO	0
76528088-5	Miguel Celis (Curico)	89807200-2	Cruz Verde	11	Servicio Standar	76528088-5/89807200-2/11	Miguel Celis (Curico)Cruz VerdeServicio Standar	NO	0
76528088-5	Miguel Celis (Curico)	89807200-2	Cruz Verde	19	Servicio Standar (Kit de ingreso)	76528088-5/89807200-2/19	Miguel Celis (Curico)Cruz VerdeServicio Standar (Kit de ingreso)	NO	0
76528088-5	Miguel Celis (Curico)	#N/D	Diario el Sur	11	Servicio Standar	#N/D	Miguel Celis (Curico)Diario el SurServicio Standar	SI	2
76528088-5	Miguel Celis (Curico)	#N/D	Disalcar	11	Servicio Standar	#N/D	Miguel Celis (Curico)DisalcarServicio Standar	SI	2
76528088-5	Miguel Celis (Curico)	78064534-2	Drop	11	Servicio Standar	76528088-5/78064534-2/11	Miguel Celis (Curico)DropServicio Standar	SI	2
76528088-5	Miguel Celis (Curico)	77907823-K	Ecopaños y Huaipes SPA	11	Servicio Standar	76528088-5/77907823-K/11	Miguel Celis (Curico)Ecopaños y Huaipes SPAServicio Standar	SI	2
76528088-5	Miguel Celis (Curico)	76377752-9	Ediciones Issue Spa	20	Servicio Standar (Lanzado)	76528088-5/76377752-9/20	Miguel Celis (Curico)Ediciones Issue SpaServicio Standar (Lanzado)	SI	2
76528088-5	Miguel Celis (Curico)	78445850-4	Envia Ltda	11	Servicio Standar	76528088-5/78445850-4/11	Miguel Celis (Curico)Envia LtdaServicio Standar	SI	2
76528088-5	Miguel Celis (Curico)	78293000-1	Global Courier SA	7	Retiro en ruta	76528088-5/78293000-1/7	Miguel Celis (Curico)Global Courier SARetiro en ruta	NO	0
76528088-5	Miguel Celis (Curico)	78293000-1	Global Courier SA	8	Retornos	76528088-5/78293000-1/8	Miguel Celis (Curico)Global Courier SARetornos	NO	0
76528088-5	Miguel Celis (Curico)	78293000-1	Global Courier SA	11	Servicio Standar	76528088-5/78293000-1/11	Miguel Celis (Curico)Global Courier SAServicio Standar	SI	2
76528088-5	Miguel Celis (Curico)	76631490-2	Global Med	11	Servicio Standar	76528088-5/76631490-2/11	Miguel Celis (Curico)Global MedServicio Standar	SI	2
76528088-5	Miguel Celis (Curico)	90106000-2	Grafica Quilicura	11	Servicio Standar	76528088-5/90106000-2/11	Miguel Celis (Curico)Grafica QuilicuraServicio Standar	SI	2
76528088-5	Miguel Celis (Curico)	90106000-2	Grafica Quilicura	25	Servicio Standar (R. Carabineros de chile)	76528088-5/90106000-2/25	Miguel Celis (Curico)Grafica QuilicuraServicio Standar (R. Carabineros de chile)	SI	2
76528088-5	Miguel Celis (Curico)	90106000-2	Grafica Quilicura	26	Servicio Standar (R. Los Heroes)	76528088-5/90106000-2/26	Miguel Celis (Curico)Grafica QuilicuraServicio Standar (R. Los Heroes)	SI	2
76528088-5	Miguel Celis (Curico)	77861584-3	Habasit	9	Servicio Sameday	76528088-5/77861584-3/9	Miguel Celis (Curico)HabasitServicio Sameday	SI	2
76528088-5	Miguel Celis (Curico)	77861584-3	Habasit	11	Servicio Standar	76528088-5/77861584-3/11	Miguel Celis (Curico)HabasitServicio Standar	SI	2
76528088-5	Miguel Celis (Curico)	76072176-K	Hemisferio Norte SA	11	Servicio Standar	76528088-5/76072176-K/11	Miguel Celis (Curico)Hemisferio Norte SAServicio Standar	SI	2
76528088-5	Miguel Celis (Curico)	76336423-2	Imprenta Babieca	11	Servicio Standar	76528088-5/76336423-2/11	Miguel Celis (Curico)Imprenta BabiecaServicio Standar	SI	2
76528088-5	Miguel Celis (Curico)	79840580-2	Imprenta Socias Ltda	11	Servicio Standar	76528088-5/79840580-2/11	Miguel Celis (Curico)Imprenta Socias LtdaServicio Standar	SI	2
76528088-5	Miguel Celis (Curico)	#N/D	La Hora	11	Servicio Standar	#N/D	Miguel Celis (Curico)La HoraServicio Standar	SI	2
76528088-5	Miguel Celis (Curico)	79500520-K	Maicao	2	Abastecimiento Uniformes	76528088-5/79500520-K/2	Miguel Celis (Curico)MaicaoAbastecimiento Uniformes	NO	0
76528088-5	Miguel Celis (Curico)	79500520-K	Maicao	3	Catalogo Publicitario	76528088-5/79500520-K/3	Miguel Celis (Curico)MaicaoCatalogo Publicitario	NO	0
76528088-5	Miguel Celis (Curico)	79500520-K	Maicao	4	Correspondencia diaria	76528088-5/79500520-K/4	Miguel Celis (Curico)MaicaoCorrespondencia diaria	NO	0
76528088-5	Miguel Celis (Curico)	79500520-K	Maicao	6	Material Publicitario	76528088-5/79500520-K/6	Miguel Celis (Curico)MaicaoMaterial Publicitario	NO	0
76528088-5	Miguel Celis (Curico)	79500520-K	Maicao	11	Servicio Standar	76528088-5/79500520-K/11	Miguel Celis (Curico)MaicaoServicio Standar	NO	0
76528088-5	Miguel Celis (Curico)	76057337-K	Nutrabody	16	Servicio Standar (Ecommerce)	76528088-5/76057337-K/16	Miguel Celis (Curico)NutrabodyServicio Standar (Ecommerce)	SI	2
76528088-5	Miguel Celis (Curico)	76710584-3	Opia Marcketing Spa	11	Servicio Standar	76528088-5/76710584-3/11	Miguel Celis (Curico)Opia Marcketing SpaServicio Standar	SI	2
76528088-5	Miguel Celis (Curico)	76012833-3	Rendic Hmnos	8	Retornos	76528088-5/76012833-3/8	Miguel Celis (Curico)Rendic HmnosRetornos	NO	0
76528088-5	Miguel Celis (Curico)	76012833-3	Rendic Hmnos	12	Servicio Standar (Alvi)	76528088-5/76012833-3/12	Miguel Celis (Curico)Rendic HmnosServicio Standar (Alvi)	SI	2
76528088-5	Miguel Celis (Curico)	76012833-3	Rendic Hmnos	22	Servicio Standar (Of. Central)	76528088-5/76012833-3/22	Miguel Celis (Curico)Rendic HmnosServicio Standar (Of. Central)	SI	2
76528088-5	Miguel Celis (Curico)	76012833-3	Rendic Hmnos	23	Servicio Standar (Proveedores)	76528088-5/76012833-3/23	Miguel Celis (Curico)Rendic HmnosServicio Standar (Proveedores)	SI	2
76528088-5	Miguel Celis (Curico)	76012833-3	Rendic Hmnos	32	Servicio Standar (Tecnologia)	76528088-5/76012833-3/32	Miguel Celis (Curico)Rendic HmnosServicio Standar (Tecnologia)	SI	2
76528088-5	Miguel Celis (Curico)	76012833-3	Rendic Hmnos	34	Servicio Standar (Valijas)	76528088-5/76012833-3/34	Miguel Celis (Curico)Rendic HmnosServicio Standar (Valijas)	NO	0
76528088-5	Miguel Celis (Curico)	76263819-3	Revesderecho	16	Servicio Standar (Ecommerce)	76528088-5/76263819-3/16	Miguel Celis (Curico)RevesderechoServicio Standar (Ecommerce)	SI	5
76528088-5	Miguel Celis (Curico)	76263819-3	Revesderecho	21	Servicio Standar (Mayorista)	76528088-5/76263819-3/21	Miguel Celis (Curico)RevesderechoServicio Standar (Mayorista)	NO	0
76528088-5	Miguel Celis (Curico)	76263819-3	Revesderecho	27	Servicio Standar (R. Tiendas)	76528088-5/76263819-3/27	Miguel Celis (Curico)RevesderechoServicio Standar (R. Tiendas)	SI	6
76528088-5	Miguel Celis (Curico)	76263819-3	Revesderecho	28	Servicio Standar (Retail)	76528088-5/76263819-3/28	Miguel Celis (Curico)RevesderechoServicio Standar (Retail)	SI	6
76528088-5	Miguel Celis (Curico)	76263819-3	Revesderecho	29	Servicio Standar (Retorno)	76528088-5/76263819-3/29	Miguel Celis (Curico)RevesderechoServicio Standar (Retorno)	NO	0
76528088-5	Miguel Celis (Curico)	76263819-3	Revesderecho	30	Servicio Standar (SAC)	76528088-5/76263819-3/30	Miguel Celis (Curico)RevesderechoServicio Standar (SAC)	SI	5
76528088-5	Miguel Celis (Curico)	#N/D	Solventa	11	Servicio Standar	#N/D	Miguel Celis (Curico)SolventaServicio Standar	NO	0
76528088-5	Miguel Celis (Curico)	78347433-6	The Planners Group Spa	11	Servicio Standar	76528088-5/78347433-6/11	Miguel Celis (Curico)The Planners Group SpaServicio Standar	SI	2
76528088-5	Miguel Celis (Curico)	76058647-1	Verisure Spa	8	Retornos	76528088-5/76058647-1/8	Miguel Celis (Curico)Verisure SpaRetornos	SI	7
76528088-5	Miguel Celis (Curico)	76058647-1	Verisure Spa	11	Servicio Standar	76528088-5/76058647-1/11	Miguel Celis (Curico)Verisure SpaServicio Standar	SI	2
76528088-5	Miguel Celis (Curico)	76713273-5	(HN Metales) Inversiones Saldivia Spa	11	Servicio Standar	76528088-5/76713273-5/11	Miguel Celis (Curico)(HN Metales) Inversiones Saldivia SpaServicio Standar	SI	2
76528088-5	Miguel Celis (Curico)	#N/D	(Orquidea) Hilanderia Maisa	16	Servicio Standar (Ecommerce)	#N/D	Miguel Celis (Curico)(Orquidea) Hilanderia MaisaServicio Standar (Ecommerce)	SI	2
76528088-5	Miguel Celis (Curico)	79647180-8	Comercial Reginella Ltda	16	Servicio Standar (Ecommerce)	76528088-5/79647180-8/16	Miguel Celis (Curico)Comercial Reginella LtdaServicio Standar (Ecommerce)	SI	5
76528088-5	Miguel Celis (Curico)	78599750-6	InduAmbiente	20	Servicio Standar (Lanzado)	76528088-5/78599750-6/20	Miguel Celis (Curico)InduAmbienteServicio Standar (Lanzado)	SI	2
76528088-5	Miguel Celis (Curico)	60910000-1	Universidad de chile	11	Servicio Standar	76528088-5/60910000-1/11	Miguel Celis (Curico)Universidad de chileServicio Standar	SI	2
76528088-5	Miguel Celis (Curico)	77970068-2	Vinilo	11	Servicio Standar	76528088-5/77970068-2/11	Miguel Celis (Curico)ViniloServicio Standar	SI	2
10124367-2	Nelson Cisterna (Arica)	76288430-5	(Postalchile) Sociedad De Distribucion Y Logistica Postalchile Ltda	15	Servicio Standar (Correspondencia)	10124367-2/76288430-5/15	Nelson Cisterna (Arica)(Postalchile) Sociedad De Distribucion Y Logistica Postalchile LtdaServicio Standar (Correspondencia)	SI	2
10124367-2	Nelson Cisterna (Arica)	76288430-5	(Postalchile) Sociedad De Distribucion Y Logistica Postalchile Ltda	16	Servicio Standar (Ecommerce)	10124367-2/76288430-5/16	Nelson Cisterna (Arica)(Postalchile) Sociedad De Distribucion Y Logistica Postalchile LtdaServicio Standar (Ecommerce)	SI	2
10124367-2	Nelson Cisterna (Arica)	76438001-0	(R. Ambiente) Ambiente diseño y Comunicacion Spa	11	Servicio Standar	10124367-2/76438001-0/11	Nelson Cisterna (Arica)(R. Ambiente) Ambiente diseño y Comunicacion SpaServicio Standar	SI	15
10124367-2	Nelson Cisterna (Arica)	77415130-3	(Ushop) Articulos Publicitarios LW	11	Servicio Standar	10124367-2/77415130-3/11	Nelson Cisterna (Arica)(Ushop) Articulos Publicitarios LWServicio Standar	SI	2
10124367-2	Nelson Cisterna (Arica)	77415130-3	(Ushop) Articulos Publicitarios LW	18	Servicio Standar (GMPI)	10124367-2/77415130-3/18	Nelson Cisterna (Arica)(Ushop) Articulos Publicitarios LWServicio Standar (GMPI)	SI	2
10124367-2	Nelson Cisterna (Arica)	77346078-7	4Nortes	1	Abastecimiento de insumos	10124367-2/77346078-7/1	Nelson Cisterna (Arica)4NortesAbastecimiento de insumos	NO	0
10124367-2	Nelson Cisterna (Arica)	77346078-7	4Nortes	11	Servicio Standar	10124367-2/77346078-7/11	Nelson Cisterna (Arica)4NortesServicio Standar	NO	0
10124367-2	Nelson Cisterna (Arica)	77346078-7	4Nortes	13	Servicio Standar (Compra Agil)	10124367-2/77346078-7/13	Nelson Cisterna (Arica)4NortesServicio Standar (Compra Agil)	SI	2
10124367-2	Nelson Cisterna (Arica)	77419350-2	Adhegraf	11	Servicio Standar	10124367-2/77419350-2/11	Nelson Cisterna (Arica)AdhegrafServicio Standar	SI	2
10124367-2	Nelson Cisterna (Arica)	96830710-k	Aimpresores	11	Servicio Standar	10124367-2/96830710-k/11	Nelson Cisterna (Arica)AimpresoresServicio Standar	SI	2
10124367-2	Nelson Cisterna (Arica)	96830710-k	Aimpresores	14	Servicio Standar (Condenast)	10124367-2/96830710-k/14	Nelson Cisterna (Arica)AimpresoresServicio Standar (Condenast)	SI	2
10124367-2	Nelson Cisterna (Arica)	96830710-k	Aimpresores	17	Servicio Standar (Fucoa)	10124367-2/96830710-k/17	Nelson Cisterna (Arica)AimpresoresServicio Standar (Fucoa)	SI	2
10124367-2	Nelson Cisterna (Arica)	77310592-8	BGB SPA	11	Servicio Standar	10124367-2/77310592-8/11	Nelson Cisterna (Arica)BGB SPAServicio Standar	SI	2
10124367-2	Nelson Cisterna (Arica)	81826800-9	Cajas Los Andes	8	Retornos	10124367-2/81826800-9/8	Nelson Cisterna (Arica)Cajas Los AndesRetornos	SI	2
10124367-2	Nelson Cisterna (Arica)	81826800-9	Cajas Los Andes	24	Servicio Standar (Providencia)	10124367-2/81826800-9/24	Nelson Cisterna (Arica)Cajas Los AndesServicio Standar (Providencia)	SI	2
10124367-2	Nelson Cisterna (Arica)	81826800-9	Cajas Los Andes	31	Servicio Standar (Stgo Alonso)	10124367-2/81826800-9/31	Nelson Cisterna (Arica)Cajas Los AndesServicio Standar (Stgo Alonso)	SI	2
10124367-2	Nelson Cisterna (Arica)	96950080-9	Chilepost	11	Servicio Standar	10124367-2/96950080-9/11	Nelson Cisterna (Arica)ChilepostServicio Standar	SI	2
10124367-2	Nelson Cisterna (Arica)	85037900-9	Comercial Peumo Ltda	33	Servicio Standar (V. Trabajadores)	10124367-2/85037900-9/33	Nelson Cisterna (Arica)Comercial Peumo LtdaServicio Standar (V. Trabajadores)	REVISAR	0
10124367-2	Nelson Cisterna (Arica)	79647180-8	Comercial Reginella Ltda	21	Servicio Standar (Mayorista)	10124367-2/79647180-8/21	Nelson Cisterna (Arica)Comercial Reginella LtdaServicio Standar (Mayorista)	SI	6
10124367-2	Nelson Cisterna (Arica)	76504464-2	Comercial VLB Ltda	11	Servicio Standar	10124367-2/76504464-2/11	Nelson Cisterna (Arica)Comercial VLB LtdaServicio Standar	SI	2
10124367-2	Nelson Cisterna (Arica)	96511460-2	Construmart	4	Correspondencia diaria	10124367-2/96511460-2/4	Nelson Cisterna (Arica)ConstrumartCorrespondencia diaria	NO	0
10124367-2	Nelson Cisterna (Arica)	96511460-2	Construmart	11	Servicio Standar	10124367-2/96511460-2/11	Nelson Cisterna (Arica)ConstrumartServicio Standar	NO	0
10124367-2	Nelson Cisterna (Arica)	89807200-2	Cruz Verde	3	Catalogo Publicitario	10124367-2/89807200-2/3	Nelson Cisterna (Arica)Cruz VerdeCatalogo Publicitario	NO	0
10124367-2	Nelson Cisterna (Arica)	89807200-2	Cruz Verde	5	Correspondencia diaria (Valijas)	10124367-2/89807200-2/5	Nelson Cisterna (Arica)Cruz VerdeCorrespondencia diaria (Valijas)	NO	0
10124367-2	Nelson Cisterna (Arica)	89807200-2	Cruz Verde	6	Material Publicitario	10124367-2/89807200-2/6	Nelson Cisterna (Arica)Cruz VerdeMaterial Publicitario	NO	0
10124367-2	Nelson Cisterna (Arica)	89807200-2	Cruz Verde	7	Retiro en ruta	10124367-2/89807200-2/7	Nelson Cisterna (Arica)Cruz VerdeRetiro en ruta	NO	0
10124367-2	Nelson Cisterna (Arica)	89807200-2	Cruz Verde	11	Servicio Standar	10124367-2/89807200-2/11	Nelson Cisterna (Arica)Cruz VerdeServicio Standar	NO	0
10124367-2	Nelson Cisterna (Arica)	89807200-2	Cruz Verde	19	Servicio Standar (Kit de ingreso)	10124367-2/89807200-2/19	Nelson Cisterna (Arica)Cruz VerdeServicio Standar (Kit de ingreso)	NO	0
10124367-2	Nelson Cisterna (Arica)	#N/D	Diario el Sur	11	Servicio Standar	#N/D	Nelson Cisterna (Arica)Diario el SurServicio Standar	SI	2
10124367-2	Nelson Cisterna (Arica)	#N/D	Disalcar	11	Servicio Standar	#N/D	Nelson Cisterna (Arica)DisalcarServicio Standar	SI	2
10124367-2	Nelson Cisterna (Arica)	78064534-2	Drop	11	Servicio Standar	10124367-2/78064534-2/11	Nelson Cisterna (Arica)DropServicio Standar	SI	2
10124367-2	Nelson Cisterna (Arica)	77907823-K	Ecopaños y Huaipes SPA	11	Servicio Standar	10124367-2/77907823-K/11	Nelson Cisterna (Arica)Ecopaños y Huaipes SPAServicio Standar	SI	2
10124367-2	Nelson Cisterna (Arica)	76377752-9	Ediciones Issue Spa	20	Servicio Standar (Lanzado)	10124367-2/76377752-9/20	Nelson Cisterna (Arica)Ediciones Issue SpaServicio Standar (Lanzado)	SI	2
10124367-2	Nelson Cisterna (Arica)	78445850-4	Envia Ltda	11	Servicio Standar	10124367-2/78445850-4/11	Nelson Cisterna (Arica)Envia LtdaServicio Standar	SI	2
10124367-2	Nelson Cisterna (Arica)	78293000-1	Global Courier SA	7	Retiro en ruta	10124367-2/78293000-1/7	Nelson Cisterna (Arica)Global Courier SARetiro en ruta	NO	0
10124367-2	Nelson Cisterna (Arica)	78293000-1	Global Courier SA	8	Retornos	10124367-2/78293000-1/8	Nelson Cisterna (Arica)Global Courier SARetornos	NO	0
10124367-2	Nelson Cisterna (Arica)	78293000-1	Global Courier SA	11	Servicio Standar	10124367-2/78293000-1/11	Nelson Cisterna (Arica)Global Courier SAServicio Standar	SI	2
10124367-2	Nelson Cisterna (Arica)	76631490-2	Global Med	11	Servicio Standar	10124367-2/76631490-2/11	Nelson Cisterna (Arica)Global MedServicio Standar	SI	2
10124367-2	Nelson Cisterna (Arica)	90106000-2	Grafica Quilicura	11	Servicio Standar	10124367-2/90106000-2/11	Nelson Cisterna (Arica)Grafica QuilicuraServicio Standar	SI	2
10124367-2	Nelson Cisterna (Arica)	90106000-2	Grafica Quilicura	25	Servicio Standar (R. Carabineros de chile)	10124367-2/90106000-2/25	Nelson Cisterna (Arica)Grafica QuilicuraServicio Standar (R. Carabineros de chile)	SI	2
10124367-2	Nelson Cisterna (Arica)	90106000-2	Grafica Quilicura	26	Servicio Standar (R. Los Heroes)	10124367-2/90106000-2/26	Nelson Cisterna (Arica)Grafica QuilicuraServicio Standar (R. Los Heroes)	SI	2
10124367-2	Nelson Cisterna (Arica)	77861584-3	Habasit	9	Servicio Sameday	10124367-2/77861584-3/9	Nelson Cisterna (Arica)HabasitServicio Sameday	SI	2
10124367-2	Nelson Cisterna (Arica)	77861584-3	Habasit	11	Servicio Standar	10124367-2/77861584-3/11	Nelson Cisterna (Arica)HabasitServicio Standar	SI	2
10124367-2	Nelson Cisterna (Arica)	76072176-K	Hemisferio Norte SA	11	Servicio Standar	10124367-2/76072176-K/11	Nelson Cisterna (Arica)Hemisferio Norte SAServicio Standar	SI	2
10124367-2	Nelson Cisterna (Arica)	76336423-2	Imprenta Babieca	11	Servicio Standar	10124367-2/76336423-2/11	Nelson Cisterna (Arica)Imprenta BabiecaServicio Standar	SI	2
10124367-2	Nelson Cisterna (Arica)	79840580-2	Imprenta Socias Ltda	11	Servicio Standar	10124367-2/79840580-2/11	Nelson Cisterna (Arica)Imprenta Socias LtdaServicio Standar	SI	2
10124367-2	Nelson Cisterna (Arica)	#N/D	La Hora	11	Servicio Standar	#N/D	Nelson Cisterna (Arica)La HoraServicio Standar	SI	2
10124367-2	Nelson Cisterna (Arica)	79500520-K	Maicao	2	Abastecimiento Uniformes	10124367-2/79500520-K/2	Nelson Cisterna (Arica)MaicaoAbastecimiento Uniformes	NO	0
10124367-2	Nelson Cisterna (Arica)	79500520-K	Maicao	3	Catalogo Publicitario	10124367-2/79500520-K/3	Nelson Cisterna (Arica)MaicaoCatalogo Publicitario	NO	0
10124367-2	Nelson Cisterna (Arica)	79500520-K	Maicao	4	Correspondencia diaria	10124367-2/79500520-K/4	Nelson Cisterna (Arica)MaicaoCorrespondencia diaria	NO	0
10124367-2	Nelson Cisterna (Arica)	79500520-K	Maicao	6	Material Publicitario	10124367-2/79500520-K/6	Nelson Cisterna (Arica)MaicaoMaterial Publicitario	NO	0
10124367-2	Nelson Cisterna (Arica)	79500520-K	Maicao	11	Servicio Standar	10124367-2/79500520-K/11	Nelson Cisterna (Arica)MaicaoServicio Standar	NO	0
10124367-2	Nelson Cisterna (Arica)	76057337-K	Nutrabody	16	Servicio Standar (Ecommerce)	10124367-2/76057337-K/16	Nelson Cisterna (Arica)NutrabodyServicio Standar (Ecommerce)	SI	2
10124367-2	Nelson Cisterna (Arica)	76710584-3	Opia Marcketing Spa	11	Servicio Standar	10124367-2/76710584-3/11	Nelson Cisterna (Arica)Opia Marcketing SpaServicio Standar	SI	2
10124367-2	Nelson Cisterna (Arica)	76012833-3	Rendic Hmnos	8	Retornos	10124367-2/76012833-3/8	Nelson Cisterna (Arica)Rendic HmnosRetornos	NO	0
10124367-2	Nelson Cisterna (Arica)	76012833-3	Rendic Hmnos	12	Servicio Standar (Alvi)	10124367-2/76012833-3/12	Nelson Cisterna (Arica)Rendic HmnosServicio Standar (Alvi)	SI	2
10124367-2	Nelson Cisterna (Arica)	76012833-3	Rendic Hmnos	22	Servicio Standar (Of. Central)	10124367-2/76012833-3/22	Nelson Cisterna (Arica)Rendic HmnosServicio Standar (Of. Central)	SI	2
10124367-2	Nelson Cisterna (Arica)	76012833-3	Rendic Hmnos	23	Servicio Standar (Proveedores)	10124367-2/76012833-3/23	Nelson Cisterna (Arica)Rendic HmnosServicio Standar (Proveedores)	SI	2
10124367-2	Nelson Cisterna (Arica)	76012833-3	Rendic Hmnos	32	Servicio Standar (Tecnologia)	10124367-2/76012833-3/32	Nelson Cisterna (Arica)Rendic HmnosServicio Standar (Tecnologia)	SI	2
10124367-2	Nelson Cisterna (Arica)	76012833-3	Rendic Hmnos	34	Servicio Standar (Valijas)	10124367-2/76012833-3/34	Nelson Cisterna (Arica)Rendic HmnosServicio Standar (Valijas)	NO	0
10124367-2	Nelson Cisterna (Arica)	76263819-3	Revesderecho	16	Servicio Standar (Ecommerce)	10124367-2/76263819-3/16	Nelson Cisterna (Arica)RevesderechoServicio Standar (Ecommerce)	SI	5
10124367-2	Nelson Cisterna (Arica)	76263819-3	Revesderecho	21	Servicio Standar (Mayorista)	10124367-2/76263819-3/21	Nelson Cisterna (Arica)RevesderechoServicio Standar (Mayorista)	NO	0
10124367-2	Nelson Cisterna (Arica)	76263819-3	Revesderecho	27	Servicio Standar (R. Tiendas)	10124367-2/76263819-3/27	Nelson Cisterna (Arica)RevesderechoServicio Standar (R. Tiendas)	SI	6
10124367-2	Nelson Cisterna (Arica)	76263819-3	Revesderecho	28	Servicio Standar (Retail)	10124367-2/76263819-3/28	Nelson Cisterna (Arica)RevesderechoServicio Standar (Retail)	SI	6
10124367-2	Nelson Cisterna (Arica)	76263819-3	Revesderecho	29	Servicio Standar (Retorno)	10124367-2/76263819-3/29	Nelson Cisterna (Arica)RevesderechoServicio Standar (Retorno)	NO	0
10124367-2	Nelson Cisterna (Arica)	76263819-3	Revesderecho	30	Servicio Standar (SAC)	10124367-2/76263819-3/30	Nelson Cisterna (Arica)RevesderechoServicio Standar (SAC)	SI	5
10124367-2	Nelson Cisterna (Arica)	#N/D	Solventa	11	Servicio Standar	#N/D	Nelson Cisterna (Arica)SolventaServicio Standar	NO	0
10124367-2	Nelson Cisterna (Arica)	78347433-6	The Planners Group Spa	11	Servicio Standar	10124367-2/78347433-6/11	Nelson Cisterna (Arica)The Planners Group SpaServicio Standar	SI	2
10124367-2	Nelson Cisterna (Arica)	76058647-1	Verisure Spa	8	Retornos	10124367-2/76058647-1/8	Nelson Cisterna (Arica)Verisure SpaRetornos	SI	2
10124367-2	Nelson Cisterna (Arica)	76058647-1	Verisure Spa	11	Servicio Standar	10124367-2/76058647-1/11	Nelson Cisterna (Arica)Verisure SpaServicio Standar	SI	2
10124367-2	Nelson Cisterna (Arica)	76713273-5	(HN Metales) Inversiones Saldivia Spa	11	Servicio Standar	10124367-2/76713273-5/11	Nelson Cisterna (Arica)(HN Metales) Inversiones Saldivia SpaServicio Standar	SI	2
10124367-2	Nelson Cisterna (Arica)	#N/D	(Orquidea) Hilanderia Maisa	16	Servicio Standar (Ecommerce)	#N/D	Nelson Cisterna (Arica)(Orquidea) Hilanderia MaisaServicio Standar (Ecommerce)	SI	2
10124367-2	Nelson Cisterna (Arica)	79647180-8	Comercial Reginella Ltda	16	Servicio Standar (Ecommerce)	10124367-2/79647180-8/16	Nelson Cisterna (Arica)Comercial Reginella LtdaServicio Standar (Ecommerce)	SI	6
10124367-2	Nelson Cisterna (Arica)	78599750-6	InduAmbiente	20	Servicio Standar (Lanzado)	10124367-2/78599750-6/20	Nelson Cisterna (Arica)InduAmbienteServicio Standar (Lanzado)	SI	2
10124367-2	Nelson Cisterna (Arica)	60910000-1	Universidad de chile	11	Servicio Standar	10124367-2/60910000-1/11	Nelson Cisterna (Arica)Universidad de chileServicio Standar	SI	2
10124367-2	Nelson Cisterna (Arica)	77970068-2	Vinilo	11	Servicio Standar	10124367-2/77970068-2/11	Nelson Cisterna (Arica)ViniloServicio Standar	SI	2
77201525-9	Operador Curacavi	76288430-5	(Postalchile) Sociedad De Distribucion Y Logistica Postalchile Ltda	15	Servicio Standar (Correspondencia)	77201525-9/76288430-5/15	Operador Curacavi(Postalchile) Sociedad De Distribucion Y Logistica Postalchile LtdaServicio Standar (Correspondencia)	SI	2
77201525-9	Operador Curacavi	76288430-5	(Postalchile) Sociedad De Distribucion Y Logistica Postalchile Ltda	16	Servicio Standar (Ecommerce)	77201525-9/76288430-5/16	Operador Curacavi(Postalchile) Sociedad De Distribucion Y Logistica Postalchile LtdaServicio Standar (Ecommerce)	SI	2
77201525-9	Operador Curacavi	76438001-0	(R. Ambiente) Ambiente diseño y Comunicacion Spa	11	Servicio Standar	77201525-9/76438001-0/11	Operador Curacavi(R. Ambiente) Ambiente diseño y Comunicacion SpaServicio Standar	SI	15
77201525-9	Operador Curacavi	77415130-3	(Ushop) Articulos Publicitarios LW	11	Servicio Standar	77201525-9/77415130-3/11	Operador Curacavi(Ushop) Articulos Publicitarios LWServicio Standar	SI	2
77201525-9	Operador Curacavi	77415130-3	(Ushop) Articulos Publicitarios LW	18	Servicio Standar (GMPI)	77201525-9/77415130-3/18	Operador Curacavi(Ushop) Articulos Publicitarios LWServicio Standar (GMPI)	SI	2
77201525-9	Operador Curacavi	77346078-7	4Nortes	1	Abastecimiento de insumos	77201525-9/77346078-7/1	Operador Curacavi4NortesAbastecimiento de insumos	SI	2
77201525-9	Operador Curacavi	77346078-7	4Nortes	11	Servicio Standar	77201525-9/77346078-7/11	Operador Curacavi4NortesServicio Standar	SI	2
77201525-9	Operador Curacavi	77346078-7	4Nortes	13	Servicio Standar (Compra Agil)	77201525-9/77346078-7/13	Operador Curacavi4NortesServicio Standar (Compra Agil)	SI	2
77201525-9	Operador Curacavi	77419350-2	Adhegraf	11	Servicio Standar	77201525-9/77419350-2/11	Operador CuracaviAdhegrafServicio Standar	SI	2
77201525-9	Operador Curacavi	96830710-k	Aimpresores	11	Servicio Standar	77201525-9/96830710-k/11	Operador CuracaviAimpresoresServicio Standar	SI	2
77201525-9	Operador Curacavi	96830710-k	Aimpresores	14	Servicio Standar (Condenast)	77201525-9/96830710-k/14	Operador CuracaviAimpresoresServicio Standar (Condenast)	SI	2
77201525-9	Operador Curacavi	96830710-k	Aimpresores	17	Servicio Standar (Fucoa)	77201525-9/96830710-k/17	Operador CuracaviAimpresoresServicio Standar (Fucoa)	SI	2
77201525-9	Operador Curacavi	77310592-8	BGB SPA	11	Servicio Standar	77201525-9/77310592-8/11	Operador CuracaviBGB SPAServicio Standar	SI	2
77201525-9	Operador Curacavi	81826800-9	Cajas Los Andes	8	Retornos	77201525-9/81826800-9/8	Operador CuracaviCajas Los AndesRetornos	SI	2
77201525-9	Operador Curacavi	81826800-9	Cajas Los Andes	24	Servicio Standar (Providencia)	77201525-9/81826800-9/24	Operador CuracaviCajas Los AndesServicio Standar (Providencia)	SI	2
77201525-9	Operador Curacavi	81826800-9	Cajas Los Andes	31	Servicio Standar (Stgo Alonso)	77201525-9/81826800-9/31	Operador CuracaviCajas Los AndesServicio Standar (Stgo Alonso)	SI	2
77201525-9	Operador Curacavi	96950080-9	Chilepost	11	Servicio Standar	77201525-9/96950080-9/11	Operador CuracaviChilepostServicio Standar	SI	2
77201525-9	Operador Curacavi	85037900-9	Comercial Peumo Ltda	33	Servicio Standar (V. Trabajadores)	77201525-9/85037900-9/33	Operador CuracaviComercial Peumo LtdaServicio Standar (V. Trabajadores)	REVISAR	0
77201525-9	Operador Curacavi	79647180-8	Comercial Reginella Ltda	21	Servicio Standar (Mayorista)	77201525-9/79647180-8/21	Operador CuracaviComercial Reginella LtdaServicio Standar (Mayorista)	SI	6
77201525-9	Operador Curacavi	76504464-2	Comercial VLB Ltda	11	Servicio Standar	77201525-9/76504464-2/11	Operador CuracaviComercial VLB LtdaServicio Standar	SI	2
77201525-9	Operador Curacavi	96511460-2	Construmart	4	Correspondencia diaria	77201525-9/96511460-2/4	Operador CuracaviConstrumartCorrespondencia diaria	NO	0
77201525-9	Operador Curacavi	96511460-2	Construmart	11	Servicio Standar	77201525-9/96511460-2/11	Operador CuracaviConstrumartServicio Standar	NO	0
77201525-9	Operador Curacavi	89807200-2	Cruz Verde	3	Catalogo Publicitario	77201525-9/89807200-2/3	Operador CuracaviCruz VerdeCatalogo Publicitario	NO	0
77201525-9	Operador Curacavi	89807200-2	Cruz Verde	5	Correspondencia diaria (Valijas)	77201525-9/89807200-2/5	Operador CuracaviCruz VerdeCorrespondencia diaria (Valijas)	NO	0
77201525-9	Operador Curacavi	89807200-2	Cruz Verde	6	Material Publicitario	77201525-9/89807200-2/6	Operador CuracaviCruz VerdeMaterial Publicitario	NO	0
77201525-9	Operador Curacavi	89807200-2	Cruz Verde	7	Retiro en ruta	77201525-9/89807200-2/7	Operador CuracaviCruz VerdeRetiro en ruta	NO	0
77201525-9	Operador Curacavi	89807200-2	Cruz Verde	11	Servicio Standar	77201525-9/89807200-2/11	Operador CuracaviCruz VerdeServicio Standar	NO	0
77201525-9	Operador Curacavi	89807200-2	Cruz Verde	19	Servicio Standar (Kit de ingreso)	77201525-9/89807200-2/19	Operador CuracaviCruz VerdeServicio Standar (Kit de ingreso)	NO	0
77201525-9	Operador Curacavi	#N/D	Diario el Sur	11	Servicio Standar	#N/D	Operador CuracaviDiario el SurServicio Standar	SI	2
77201525-9	Operador Curacavi	#N/D	Disalcar	11	Servicio Standar	#N/D	Operador CuracaviDisalcarServicio Standar	SI	2
77201525-9	Operador Curacavi	78064534-2	Drop	11	Servicio Standar	77201525-9/78064534-2/11	Operador CuracaviDropServicio Standar	SI	2
77201525-9	Operador Curacavi	77907823-K	Ecopaños y Huaipes SPA	11	Servicio Standar	77201525-9/77907823-K/11	Operador CuracaviEcopaños y Huaipes SPAServicio Standar	SI	2
77201525-9	Operador Curacavi	76377752-9	Ediciones Issue Spa	20	Servicio Standar (Lanzado)	77201525-9/76377752-9/20	Operador CuracaviEdiciones Issue SpaServicio Standar (Lanzado)	SI	2
77201525-9	Operador Curacavi	78445850-4	Envia Ltda	11	Servicio Standar	77201525-9/78445850-4/11	Operador CuracaviEnvia LtdaServicio Standar	SI	2
77201525-9	Operador Curacavi	78293000-1	Global Courier SA	7	Retiro en ruta	77201525-9/78293000-1/7	Operador CuracaviGlobal Courier SARetiro en ruta	NO	0
77201525-9	Operador Curacavi	78293000-1	Global Courier SA	8	Retornos	77201525-9/78293000-1/8	Operador CuracaviGlobal Courier SARetornos	NO	0
77201525-9	Operador Curacavi	78293000-1	Global Courier SA	11	Servicio Standar	77201525-9/78293000-1/11	Operador CuracaviGlobal Courier SAServicio Standar	NO	0
77201525-9	Operador Curacavi	76631490-2	Global Med	11	Servicio Standar	77201525-9/76631490-2/11	Operador CuracaviGlobal MedServicio Standar	SI	2
77201525-9	Operador Curacavi	90106000-2	Grafica Quilicura	11	Servicio Standar	77201525-9/90106000-2/11	Operador CuracaviGrafica QuilicuraServicio Standar	SI	2
77201525-9	Operador Curacavi	90106000-2	Grafica Quilicura	25	Servicio Standar (R. Carabineros de chile)	77201525-9/90106000-2/25	Operador CuracaviGrafica QuilicuraServicio Standar (R. Carabineros de chile)	SI	2
77201525-9	Operador Curacavi	90106000-2	Grafica Quilicura	26	Servicio Standar (R. Los Heroes)	77201525-9/90106000-2/26	Operador CuracaviGrafica QuilicuraServicio Standar (R. Los Heroes)	SI	2
77201525-9	Operador Curacavi	77861584-3	Habasit	9	Servicio Sameday	77201525-9/77861584-3/9	Operador CuracaviHabasitServicio Sameday	SI	2
77201525-9	Operador Curacavi	77861584-3	Habasit	11	Servicio Standar	77201525-9/77861584-3/11	Operador CuracaviHabasitServicio Standar	SI	2
77201525-9	Operador Curacavi	76072176-K	Hemisferio Norte SA	11	Servicio Standar	77201525-9/76072176-K/11	Operador CuracaviHemisferio Norte SAServicio Standar	SI	2
77201525-9	Operador Curacavi	76336423-2	Imprenta Babieca	11	Servicio Standar	77201525-9/76336423-2/11	Operador CuracaviImprenta BabiecaServicio Standar	SI	2
77201525-9	Operador Curacavi	79840580-2	Imprenta Socias Ltda	11	Servicio Standar	77201525-9/79840580-2/11	Operador CuracaviImprenta Socias LtdaServicio Standar	SI	2
77201525-9	Operador Curacavi	#N/D	La Hora	11	Servicio Standar	#N/D	Operador CuracaviLa HoraServicio Standar	SI	2
77201525-9	Operador Curacavi	79500520-K	Maicao	2	Abastecimiento Uniformes	77201525-9/79500520-K/2	Operador CuracaviMaicaoAbastecimiento Uniformes	SI	2
77201525-9	Operador Curacavi	79500520-K	Maicao	3	Catalogo Publicitario	77201525-9/79500520-K/3	Operador CuracaviMaicaoCatalogo Publicitario	SI	2
77201525-9	Operador Curacavi	79500520-K	Maicao	4	Correspondencia diaria	77201525-9/79500520-K/4	Operador CuracaviMaicaoCorrespondencia diaria	SI	2
77201525-9	Operador Curacavi	79500520-K	Maicao	6	Material Publicitario	77201525-9/79500520-K/6	Operador CuracaviMaicaoMaterial Publicitario	SI	2
77201525-9	Operador Curacavi	79500520-K	Maicao	11	Servicio Standar	77201525-9/79500520-K/11	Operador CuracaviMaicaoServicio Standar	SI	2
77201525-9	Operador Curacavi	76057337-K	Nutrabody	16	Servicio Standar (Ecommerce)	77201525-9/76057337-K/16	Operador CuracaviNutrabodyServicio Standar (Ecommerce)	SI	2
77201525-9	Operador Curacavi	76710584-3	Opia Marcketing Spa	11	Servicio Standar	77201525-9/76710584-3/11	Operador CuracaviOpia Marcketing SpaServicio Standar	SI	2
77201525-9	Operador Curacavi	76012833-3	Rendic Hmnos	8	Retornos	77201525-9/76012833-3/8	Operador CuracaviRendic HmnosRetornos	SI	7
77201525-9	Operador Curacavi	76012833-3	Rendic Hmnos	12	Servicio Standar (Alvi)	77201525-9/76012833-3/12	Operador CuracaviRendic HmnosServicio Standar (Alvi)	SI	0
77201525-9	Operador Curacavi	76012833-3	Rendic Hmnos	22	Servicio Standar (Of. Central)	77201525-9/76012833-3/22	Operador CuracaviRendic HmnosServicio Standar (Of. Central)	SI	2
77201525-9	Operador Curacavi	76012833-3	Rendic Hmnos	23	Servicio Standar (Proveedores)	77201525-9/76012833-3/23	Operador CuracaviRendic HmnosServicio Standar (Proveedores)	SI	2
77201525-9	Operador Curacavi	76012833-3	Rendic Hmnos	32	Servicio Standar (Tecnologia)	77201525-9/76012833-3/32	Operador CuracaviRendic HmnosServicio Standar (Tecnologia)	SI	2
77201525-9	Operador Curacavi	76012833-3	Rendic Hmnos	34	Servicio Standar (Valijas)	77201525-9/76012833-3/34	Operador CuracaviRendic HmnosServicio Standar (Valijas)	NO	0
77201525-9	Operador Curacavi	76263819-3	Revesderecho	16	Servicio Standar (Ecommerce)	77201525-9/76263819-3/16	Operador CuracaviRevesderechoServicio Standar (Ecommerce)	SI	5
77201525-9	Operador Curacavi	76263819-3	Revesderecho	21	Servicio Standar (Mayorista)	77201525-9/76263819-3/21	Operador CuracaviRevesderechoServicio Standar (Mayorista)	SI	6
77201525-9	Operador Curacavi	76263819-3	Revesderecho	27	Servicio Standar (R. Tiendas)	77201525-9/76263819-3/27	Operador CuracaviRevesderechoServicio Standar (R. Tiendas)	SI	6
77201525-9	Operador Curacavi	76263819-3	Revesderecho	28	Servicio Standar (Retail)	77201525-9/76263819-3/28	Operador CuracaviRevesderechoServicio Standar (Retail)	SI	6
77201525-9	Operador Curacavi	76263819-3	Revesderecho	29	Servicio Standar (Retorno)	77201525-9/76263819-3/29	Operador CuracaviRevesderechoServicio Standar (Retorno)	NO	0
77201525-9	Operador Curacavi	76263819-3	Revesderecho	30	Servicio Standar (SAC)	77201525-9/76263819-3/30	Operador CuracaviRevesderechoServicio Standar (SAC)	SI	5
77201525-9	Operador Curacavi	#N/D	Solventa	11	Servicio Standar	#N/D	Operador CuracaviSolventaServicio Standar	NO	0
77201525-9	Operador Curacavi	78347433-6	The Planners Group Spa	11	Servicio Standar	77201525-9/78347433-6/11	Operador CuracaviThe Planners Group SpaServicio Standar	SI	2
77201525-9	Operador Curacavi	76058647-1	Verisure Spa	8	Retornos	77201525-9/76058647-1/8	Operador CuracaviVerisure SpaRetornos	SI	2
77201525-9	Operador Curacavi	76058647-1	Verisure Spa	11	Servicio Standar	77201525-9/76058647-1/11	Operador CuracaviVerisure SpaServicio Standar	SI	2
77201525-9	Operador Curacavi	76713273-5	(HN Metales) Inversiones Saldivia Spa	11	Servicio Standar	77201525-9/76713273-5/11	Operador Curacavi(HN Metales) Inversiones Saldivia SpaServicio Standar	SI	2
77201525-9	Operador Curacavi	#N/D	(Orquidea) Hilanderia Maisa	16	Servicio Standar (Ecommerce)	#N/D	Operador Curacavi(Orquidea) Hilanderia MaisaServicio Standar (Ecommerce)	SI	2
77201525-9	Operador Curacavi	79647180-8	Comercial Reginella Ltda	16	Servicio Standar (Ecommerce)	77201525-9/79647180-8/16	Operador CuracaviComercial Reginella LtdaServicio Standar (Ecommerce)	SI	6
77201525-9	Operador Curacavi	78599750-6	InduAmbiente	20	Servicio Standar (Lanzado)	77201525-9/78599750-6/20	Operador CuracaviInduAmbienteServicio Standar (Lanzado)	SI	2
77201525-9	Operador Curacavi	60910000-1	Universidad de chile	11	Servicio Standar	77201525-9/60910000-1/11	Operador CuracaviUniversidad de chileServicio Standar	SI	2
77201525-9	Operador Curacavi	77970068-2	Vinilo	11	Servicio Standar	77201525-9/77970068-2/11	Operador CuracaviViniloServicio Standar	SI	2
7481733-5	Sergio Pino (Pto Montt)	76288430-5	(Postalchile) Sociedad De Distribucion Y Logistica Postalchile Ltda	15	Servicio Standar (Correspondencia)	7481733-5/76288430-5/15	Sergio Pino (Pto Montt)(Postalchile) Sociedad De Distribucion Y Logistica Postalchile LtdaServicio Standar (Correspondencia)	SI	2
7481733-5	Sergio Pino (Pto Montt)	76288430-5	(Postalchile) Sociedad De Distribucion Y Logistica Postalchile Ltda	16	Servicio Standar (Ecommerce)	7481733-5/76288430-5/16	Sergio Pino (Pto Montt)(Postalchile) Sociedad De Distribucion Y Logistica Postalchile LtdaServicio Standar (Ecommerce)	SI	2
7481733-5	Sergio Pino (Pto Montt)	76438001-0	(R. Ambiente) Ambiente diseño y Comunicacion Spa	11	Servicio Standar	7481733-5/76438001-0/11	Sergio Pino (Pto Montt)(R. Ambiente) Ambiente diseño y Comunicacion SpaServicio Standar	SI	15
7481733-5	Sergio Pino (Pto Montt)	77415130-3	(Ushop) Articulos Publicitarios LW	11	Servicio Standar	7481733-5/77415130-3/11	Sergio Pino (Pto Montt)(Ushop) Articulos Publicitarios LWServicio Standar	SI	2
7481733-5	Sergio Pino (Pto Montt)	77415130-3	(Ushop) Articulos Publicitarios LW	18	Servicio Standar (GMPI)	7481733-5/77415130-3/18	Sergio Pino (Pto Montt)(Ushop) Articulos Publicitarios LWServicio Standar (GMPI)	SI	2
7481733-5	Sergio Pino (Pto Montt)	77346078-7	4Nortes	1	Abastecimiento de insumos	7481733-5/77346078-7/1	Sergio Pino (Pto Montt)4NortesAbastecimiento de insumos	NO	0
7481733-5	Sergio Pino (Pto Montt)	77346078-7	4Nortes	11	Servicio Standar	7481733-5/77346078-7/11	Sergio Pino (Pto Montt)4NortesServicio Standar	NO	0
7481733-5	Sergio Pino (Pto Montt)	77346078-7	4Nortes	13	Servicio Standar (Compra Agil)	7481733-5/77346078-7/13	Sergio Pino (Pto Montt)4NortesServicio Standar (Compra Agil)	SI	2
7481733-5	Sergio Pino (Pto Montt)	77419350-2	Adhegraf	11	Servicio Standar	7481733-5/77419350-2/11	Sergio Pino (Pto Montt)AdhegrafServicio Standar	SI	2
7481733-5	Sergio Pino (Pto Montt)	96830710-k	Aimpresores	11	Servicio Standar	7481733-5/96830710-k/11	Sergio Pino (Pto Montt)AimpresoresServicio Standar	SI	2
7481733-5	Sergio Pino (Pto Montt)	96830710-k	Aimpresores	14	Servicio Standar (Condenast)	7481733-5/96830710-k/14	Sergio Pino (Pto Montt)AimpresoresServicio Standar (Condenast)	SI	2
7481733-5	Sergio Pino (Pto Montt)	96830710-k	Aimpresores	17	Servicio Standar (Fucoa)	7481733-5/96830710-k/17	Sergio Pino (Pto Montt)AimpresoresServicio Standar (Fucoa)	SI	2
7481733-5	Sergio Pino (Pto Montt)	77310592-8	BGB SPA	11	Servicio Standar	7481733-5/77310592-8/11	Sergio Pino (Pto Montt)BGB SPAServicio Standar	SI	2
7481733-5	Sergio Pino (Pto Montt)	81826800-9	Cajas Los Andes	8	Retornos	7481733-5/81826800-9/8	Sergio Pino (Pto Montt)Cajas Los AndesRetornos	SI	7
7481733-5	Sergio Pino (Pto Montt)	81826800-9	Cajas Los Andes	24	Servicio Standar (Providencia)	7481733-5/81826800-9/24	Sergio Pino (Pto Montt)Cajas Los AndesServicio Standar (Providencia)	SI	2
7481733-5	Sergio Pino (Pto Montt)	81826800-9	Cajas Los Andes	31	Servicio Standar (Stgo Alonso)	7481733-5/81826800-9/31	Sergio Pino (Pto Montt)Cajas Los AndesServicio Standar (Stgo Alonso)	SI	2
7481733-5	Sergio Pino (Pto Montt)	96950080-9	Chilepost	11	Servicio Standar	7481733-5/96950080-9/11	Sergio Pino (Pto Montt)ChilepostServicio Standar	SI	2
7481733-5	Sergio Pino (Pto Montt)	85037900-9	Comercial Peumo Ltda	33	Servicio Standar (V. Trabajadores)	7481733-5/85037900-9/33	Sergio Pino (Pto Montt)Comercial Peumo LtdaServicio Standar (V. Trabajadores)	REVISAR	0
7481733-5	Sergio Pino (Pto Montt)	79647180-8	Comercial Reginella Ltda	21	Servicio Standar (Mayorista)	7481733-5/79647180-8/21	Sergio Pino (Pto Montt)Comercial Reginella LtdaServicio Standar (Mayorista)	SI	6
7481733-5	Sergio Pino (Pto Montt)	76504464-2	Comercial VLB Ltda	11	Servicio Standar	7481733-5/76504464-2/11	Sergio Pino (Pto Montt)Comercial VLB LtdaServicio Standar	SI	2
7481733-5	Sergio Pino (Pto Montt)	96511460-2	Construmart	4	Correspondencia diaria	7481733-5/96511460-2/4	Sergio Pino (Pto Montt)ConstrumartCorrespondencia diaria	NO	0
7481733-5	Sergio Pino (Pto Montt)	96511460-2	Construmart	11	Servicio Standar	7481733-5/96511460-2/11	Sergio Pino (Pto Montt)ConstrumartServicio Standar	NO	0
7481733-5	Sergio Pino (Pto Montt)	89807200-2	Cruz Verde	3	Catalogo Publicitario	7481733-5/89807200-2/3	Sergio Pino (Pto Montt)Cruz VerdeCatalogo Publicitario	NO	0
7481733-5	Sergio Pino (Pto Montt)	89807200-2	Cruz Verde	5	Correspondencia diaria (Valijas)	7481733-5/89807200-2/5	Sergio Pino (Pto Montt)Cruz VerdeCorrespondencia diaria (Valijas)	NO	0
7481733-5	Sergio Pino (Pto Montt)	89807200-2	Cruz Verde	6	Material Publicitario	7481733-5/89807200-2/6	Sergio Pino (Pto Montt)Cruz VerdeMaterial Publicitario	NO	0
7481733-5	Sergio Pino (Pto Montt)	89807200-2	Cruz Verde	7	Retiro en ruta	7481733-5/89807200-2/7	Sergio Pino (Pto Montt)Cruz VerdeRetiro en ruta	NO	0
7481733-5	Sergio Pino (Pto Montt)	89807200-2	Cruz Verde	11	Servicio Standar	7481733-5/89807200-2/11	Sergio Pino (Pto Montt)Cruz VerdeServicio Standar	NO	0
7481733-5	Sergio Pino (Pto Montt)	89807200-2	Cruz Verde	19	Servicio Standar (Kit de ingreso)	7481733-5/89807200-2/19	Sergio Pino (Pto Montt)Cruz VerdeServicio Standar (Kit de ingreso)	NO	0
7481733-5	Sergio Pino (Pto Montt)	#N/D	Diario el Sur	11	Servicio Standar	#N/D	Sergio Pino (Pto Montt)Diario el SurServicio Standar	SI	2
7481733-5	Sergio Pino (Pto Montt)	#N/D	Disalcar	11	Servicio Standar	#N/D	Sergio Pino (Pto Montt)DisalcarServicio Standar	SI	2
7481733-5	Sergio Pino (Pto Montt)	78064534-2	Drop	11	Servicio Standar	7481733-5/78064534-2/11	Sergio Pino (Pto Montt)DropServicio Standar	SI	2
7481733-5	Sergio Pino (Pto Montt)	77907823-K	Ecopaños y Huaipes SPA	11	Servicio Standar	7481733-5/77907823-K/11	Sergio Pino (Pto Montt)Ecopaños y Huaipes SPAServicio Standar	SI	2
7481733-5	Sergio Pino (Pto Montt)	76377752-9	Ediciones Issue Spa	20	Servicio Standar (Lanzado)	7481733-5/76377752-9/20	Sergio Pino (Pto Montt)Ediciones Issue SpaServicio Standar (Lanzado)	SI	2
7481733-5	Sergio Pino (Pto Montt)	78445850-4	Envia Ltda	11	Servicio Standar	7481733-5/78445850-4/11	Sergio Pino (Pto Montt)Envia LtdaServicio Standar	SI	2
7481733-5	Sergio Pino (Pto Montt)	78293000-1	Global Courier SA	7	Retiro en ruta	7481733-5/78293000-1/7	Sergio Pino (Pto Montt)Global Courier SARetiro en ruta	NO	0
7481733-5	Sergio Pino (Pto Montt)	78293000-1	Global Courier SA	8	Retornos	7481733-5/78293000-1/8	Sergio Pino (Pto Montt)Global Courier SARetornos	SI	7
7481733-5	Sergio Pino (Pto Montt)	78293000-1	Global Courier SA	11	Servicio Standar	7481733-5/78293000-1/11	Sergio Pino (Pto Montt)Global Courier SAServicio Standar	SI	2
7481733-5	Sergio Pino (Pto Montt)	76631490-2	Global Med	11	Servicio Standar	7481733-5/76631490-2/11	Sergio Pino (Pto Montt)Global MedServicio Standar	SI	2
7481733-5	Sergio Pino (Pto Montt)	90106000-2	Grafica Quilicura	11	Servicio Standar	7481733-5/90106000-2/11	Sergio Pino (Pto Montt)Grafica QuilicuraServicio Standar	SI	2
7481733-5	Sergio Pino (Pto Montt)	90106000-2	Grafica Quilicura	25	Servicio Standar (R. Carabineros de chile)	7481733-5/90106000-2/25	Sergio Pino (Pto Montt)Grafica QuilicuraServicio Standar (R. Carabineros de chile)	SI	2
7481733-5	Sergio Pino (Pto Montt)	90106000-2	Grafica Quilicura	26	Servicio Standar (R. Los Heroes)	7481733-5/90106000-2/26	Sergio Pino (Pto Montt)Grafica QuilicuraServicio Standar (R. Los Heroes)	SI	2
7481733-5	Sergio Pino (Pto Montt)	77861584-3	Habasit	9	Servicio Sameday	7481733-5/77861584-3/9	Sergio Pino (Pto Montt)HabasitServicio Sameday	SI	2
7481733-5	Sergio Pino (Pto Montt)	77861584-3	Habasit	11	Servicio Standar	7481733-5/77861584-3/11	Sergio Pino (Pto Montt)HabasitServicio Standar	SI	2
7481733-5	Sergio Pino (Pto Montt)	76072176-K	Hemisferio Norte SA	11	Servicio Standar	7481733-5/76072176-K/11	Sergio Pino (Pto Montt)Hemisferio Norte SAServicio Standar	SI	2
7481733-5	Sergio Pino (Pto Montt)	76336423-2	Imprenta Babieca	11	Servicio Standar	7481733-5/76336423-2/11	Sergio Pino (Pto Montt)Imprenta BabiecaServicio Standar	SI	2
7481733-5	Sergio Pino (Pto Montt)	79840580-2	Imprenta Socias Ltda	11	Servicio Standar	7481733-5/79840580-2/11	Sergio Pino (Pto Montt)Imprenta Socias LtdaServicio Standar	SI	2
7481733-5	Sergio Pino (Pto Montt)	#N/D	La Hora	11	Servicio Standar	#N/D	Sergio Pino (Pto Montt)La HoraServicio Standar	SI	2
7481733-5	Sergio Pino (Pto Montt)	79500520-K	Maicao	2	Abastecimiento Uniformes	7481733-5/79500520-K/2	Sergio Pino (Pto Montt)MaicaoAbastecimiento Uniformes	NO	0
7481733-5	Sergio Pino (Pto Montt)	79500520-K	Maicao	3	Catalogo Publicitario	7481733-5/79500520-K/3	Sergio Pino (Pto Montt)MaicaoCatalogo Publicitario	NO	0
7481733-5	Sergio Pino (Pto Montt)	79500520-K	Maicao	4	Correspondencia diaria	7481733-5/79500520-K/4	Sergio Pino (Pto Montt)MaicaoCorrespondencia diaria	NO	0
7481733-5	Sergio Pino (Pto Montt)	79500520-K	Maicao	6	Material Publicitario	7481733-5/79500520-K/6	Sergio Pino (Pto Montt)MaicaoMaterial Publicitario	NO	0
7481733-5	Sergio Pino (Pto Montt)	79500520-K	Maicao	11	Servicio Standar	7481733-5/79500520-K/11	Sergio Pino (Pto Montt)MaicaoServicio Standar	NO	0
7481733-5	Sergio Pino (Pto Montt)	76057337-K	Nutrabody	16	Servicio Standar (Ecommerce)	7481733-5/76057337-K/16	Sergio Pino (Pto Montt)NutrabodyServicio Standar (Ecommerce)	SI	2
7481733-5	Sergio Pino (Pto Montt)	76710584-3	Opia Marcketing Spa	11	Servicio Standar	7481733-5/76710584-3/11	Sergio Pino (Pto Montt)Opia Marcketing SpaServicio Standar	SI	2
7481733-5	Sergio Pino (Pto Montt)	76012833-3	Rendic Hmnos	8	Retornos	7481733-5/76012833-3/8	Sergio Pino (Pto Montt)Rendic HmnosRetornos	SI	7
7481733-5	Sergio Pino (Pto Montt)	76012833-3	Rendic Hmnos	12	Servicio Standar (Alvi)	7481733-5/76012833-3/12	Sergio Pino (Pto Montt)Rendic HmnosServicio Standar (Alvi)	SI	2
7481733-5	Sergio Pino (Pto Montt)	76012833-3	Rendic Hmnos	22	Servicio Standar (Of. Central)	7481733-5/76012833-3/22	Sergio Pino (Pto Montt)Rendic HmnosServicio Standar (Of. Central)	SI	2
7481733-5	Sergio Pino (Pto Montt)	76012833-3	Rendic Hmnos	23	Servicio Standar (Proveedores)	7481733-5/76012833-3/23	Sergio Pino (Pto Montt)Rendic HmnosServicio Standar (Proveedores)	SI	2
7481733-5	Sergio Pino (Pto Montt)	76012833-3	Rendic Hmnos	32	Servicio Standar (Tecnologia)	7481733-5/76012833-3/32	Sergio Pino (Pto Montt)Rendic HmnosServicio Standar (Tecnologia)	SI	2
7481733-5	Sergio Pino (Pto Montt)	76012833-3	Rendic Hmnos	34	Servicio Standar (Valijas)	7481733-5/76012833-3/34	Sergio Pino (Pto Montt)Rendic HmnosServicio Standar (Valijas)	NO	0
7481733-5	Sergio Pino (Pto Montt)	76263819-3	Revesderecho	16	Servicio Standar (Ecommerce)	7481733-5/76263819-3/16	Sergio Pino (Pto Montt)RevesderechoServicio Standar (Ecommerce)	SI	5
7481733-5	Sergio Pino (Pto Montt)	76263819-3	Revesderecho	21	Servicio Standar (Mayorista)	7481733-5/76263819-3/21	Sergio Pino (Pto Montt)RevesderechoServicio Standar (Mayorista)	NO	0
7481733-5	Sergio Pino (Pto Montt)	76263819-3	Revesderecho	27	Servicio Standar (R. Tiendas)	7481733-5/76263819-3/27	Sergio Pino (Pto Montt)RevesderechoServicio Standar (R. Tiendas)	SI	6
7481733-5	Sergio Pino (Pto Montt)	76263819-3	Revesderecho	28	Servicio Standar (Retail)	7481733-5/76263819-3/28	Sergio Pino (Pto Montt)RevesderechoServicio Standar (Retail)	SI	6
7481733-5	Sergio Pino (Pto Montt)	76263819-3	Revesderecho	29	Servicio Standar (Retorno)	7481733-5/76263819-3/29	Sergio Pino (Pto Montt)RevesderechoServicio Standar (Retorno)	NO	0
7481733-5	Sergio Pino (Pto Montt)	76263819-3	Revesderecho	30	Servicio Standar (SAC)	7481733-5/76263819-3/30	Sergio Pino (Pto Montt)RevesderechoServicio Standar (SAC)	SI	5
7481733-5	Sergio Pino (Pto Montt)	#N/D	Solventa	11	Servicio Standar	#N/D	Sergio Pino (Pto Montt)SolventaServicio Standar	NO	0
7481733-5	Sergio Pino (Pto Montt)	78347433-6	The Planners Group Spa	11	Servicio Standar	7481733-5/78347433-6/11	Sergio Pino (Pto Montt)The Planners Group SpaServicio Standar	SI	2
7481733-5	Sergio Pino (Pto Montt)	76058647-1	Verisure Spa	8	Retornos	7481733-5/76058647-1/8	Sergio Pino (Pto Montt)Verisure SpaRetornos	SI	7
7481733-5	Sergio Pino (Pto Montt)	76058647-1	Verisure Spa	11	Servicio Standar	7481733-5/76058647-1/11	Sergio Pino (Pto Montt)Verisure SpaServicio Standar	SI	2
7481733-5	Sergio Pino (Pto Montt)	76713273-5	(HN Metales) Inversiones Saldivia Spa	11	Servicio Standar	7481733-5/76713273-5/11	Sergio Pino (Pto Montt)(HN Metales) Inversiones Saldivia SpaServicio Standar	SI	2
7481733-5	Sergio Pino (Pto Montt)	#N/D	(Orquidea) Hilanderia Maisa	16	Servicio Standar (Ecommerce)	#N/D	Sergio Pino (Pto Montt)(Orquidea) Hilanderia MaisaServicio Standar (Ecommerce)	SI	2
7481733-5	Sergio Pino (Pto Montt)	79647180-8	Comercial Reginella Ltda	16	Servicio Standar (Ecommerce)	7481733-5/79647180-8/16	Sergio Pino (Pto Montt)Comercial Reginella LtdaServicio Standar (Ecommerce)	SI	6
7481733-5	Sergio Pino (Pto Montt)	78599750-6	InduAmbiente	20	Servicio Standar (Lanzado)	7481733-5/78599750-6/20	Sergio Pino (Pto Montt)InduAmbienteServicio Standar (Lanzado)	SI	2
7481733-5	Sergio Pino (Pto Montt)	60910000-1	Universidad de chile	11	Servicio Standar	7481733-5/60910000-1/11	Sergio Pino (Pto Montt)Universidad de chileServicio Standar	SI	2
7481733-5	Sergio Pino (Pto Montt)	77970068-2	Vinilo	11	Servicio Standar	7481733-5/77970068-2/11	Sergio Pino (Pto Montt)ViniloServicio Standar	SI	2
77417055-3	Tamara Maldonado (Balmaceda)	76288430-5	(Postalchile) Sociedad De Distribucion Y Logistica Postalchile Ltda	15	Servicio Standar (Correspondencia)	77417055-3/76288430-5/15	Tamara Maldonado (Balmaceda)(Postalchile) Sociedad De Distribucion Y Logistica Postalchile LtdaServicio Standar (Correspondencia)	SI	16
77417055-3	Tamara Maldonado (Balmaceda)	76288430-5	(Postalchile) Sociedad De Distribucion Y Logistica Postalchile Ltda	16	Servicio Standar (Ecommerce)	77417055-3/76288430-5/16	Tamara Maldonado (Balmaceda)(Postalchile) Sociedad De Distribucion Y Logistica Postalchile LtdaServicio Standar (Ecommerce)	SI	16
77417055-3	Tamara Maldonado (Balmaceda)	76438001-0	(R. Ambiente) Ambiente diseño y Comunicacion Spa	11	Servicio Standar	77417055-3/76438001-0/11	Tamara Maldonado (Balmaceda)(R. Ambiente) Ambiente diseño y Comunicacion SpaServicio Standar	SI	15
77417055-3	Tamara Maldonado (Balmaceda)	77415130-3	(Ushop) Articulos Publicitarios LW	11	Servicio Standar	77417055-3/77415130-3/11	Tamara Maldonado (Balmaceda)(Ushop) Articulos Publicitarios LWServicio Standar	SI	16
77417055-3	Tamara Maldonado (Balmaceda)	77415130-3	(Ushop) Articulos Publicitarios LW	18	Servicio Standar (GMPI)	77417055-3/77415130-3/18	Tamara Maldonado (Balmaceda)(Ushop) Articulos Publicitarios LWServicio Standar (GMPI)	SI	16
77417055-3	Tamara Maldonado (Balmaceda)	77346078-7	4Nortes	1	Abastecimiento de insumos	77417055-3/77346078-7/1	Tamara Maldonado (Balmaceda)4NortesAbastecimiento de insumos	NO	0
77417055-3	Tamara Maldonado (Balmaceda)	77346078-7	4Nortes	11	Servicio Standar	77417055-3/77346078-7/11	Tamara Maldonado (Balmaceda)4NortesServicio Standar	NO	0
77417055-3	Tamara Maldonado (Balmaceda)	77346078-7	4Nortes	13	Servicio Standar (Compra Agil)	77417055-3/77346078-7/13	Tamara Maldonado (Balmaceda)4NortesServicio Standar (Compra Agil)	SI	16
77417055-3	Tamara Maldonado (Balmaceda)	77419350-2	Adhegraf	11	Servicio Standar	77417055-3/77419350-2/11	Tamara Maldonado (Balmaceda)AdhegrafServicio Standar	SI	16
77417055-3	Tamara Maldonado (Balmaceda)	96830710-k	Aimpresores	11	Servicio Standar	77417055-3/96830710-k/11	Tamara Maldonado (Balmaceda)AimpresoresServicio Standar	SI	16
77417055-3	Tamara Maldonado (Balmaceda)	96830710-k	Aimpresores	14	Servicio Standar (Condenast)	77417055-3/96830710-k/14	Tamara Maldonado (Balmaceda)AimpresoresServicio Standar (Condenast)	SI	16
77417055-3	Tamara Maldonado (Balmaceda)	96830710-k	Aimpresores	17	Servicio Standar (Fucoa)	77417055-3/96830710-k/17	Tamara Maldonado (Balmaceda)AimpresoresServicio Standar (Fucoa)	SI	16
77417055-3	Tamara Maldonado (Balmaceda)	77310592-8	BGB SPA	11	Servicio Standar	77417055-3/77310592-8/11	Tamara Maldonado (Balmaceda)BGB SPAServicio Standar	SI	16
77417055-3	Tamara Maldonado (Balmaceda)	81826800-9	Cajas Los Andes	8	Retornos	77417055-3/81826800-9/8	Tamara Maldonado (Balmaceda)Cajas Los AndesRetornos	SI	16
77417055-3	Tamara Maldonado (Balmaceda)	81826800-9	Cajas Los Andes	24	Servicio Standar (Providencia)	77417055-3/81826800-9/24	Tamara Maldonado (Balmaceda)Cajas Los AndesServicio Standar (Providencia)	SI	16
77417055-3	Tamara Maldonado (Balmaceda)	81826800-9	Cajas Los Andes	31	Servicio Standar (Stgo Alonso)	77417055-3/81826800-9/31	Tamara Maldonado (Balmaceda)Cajas Los AndesServicio Standar (Stgo Alonso)	SI	16
77417055-3	Tamara Maldonado (Balmaceda)	96950080-9	Chilepost	11	Servicio Standar	77417055-3/96950080-9/11	Tamara Maldonado (Balmaceda)ChilepostServicio Standar	SI	16
77417055-3	Tamara Maldonado (Balmaceda)	85037900-9	Comercial Peumo Ltda	33	Servicio Standar (V. Trabajadores)	77417055-3/85037900-9/33	Tamara Maldonado (Balmaceda)Comercial Peumo LtdaServicio Standar (V. Trabajadores)	REVISAR	0
77417055-3	Tamara Maldonado (Balmaceda)	79647180-8	Comercial Reginella Ltda	21	Servicio Standar (Mayorista)	77417055-3/79647180-8/21	Tamara Maldonado (Balmaceda)Comercial Reginella LtdaServicio Standar (Mayorista)	SI	6
77417055-3	Tamara Maldonado (Balmaceda)	76504464-2	Comercial VLB Ltda	11	Servicio Standar	77417055-3/76504464-2/11	Tamara Maldonado (Balmaceda)Comercial VLB LtdaServicio Standar	SI	16
77417055-3	Tamara Maldonado (Balmaceda)	96511460-2	Construmart	4	Correspondencia diaria	77417055-3/96511460-2/4	Tamara Maldonado (Balmaceda)ConstrumartCorrespondencia diaria	NO	0
77417055-3	Tamara Maldonado (Balmaceda)	96511460-2	Construmart	11	Servicio Standar	77417055-3/96511460-2/11	Tamara Maldonado (Balmaceda)ConstrumartServicio Standar	SI	16
77417055-3	Tamara Maldonado (Balmaceda)	89807200-2	Cruz Verde	3	Catalogo Publicitario	77417055-3/89807200-2/3	Tamara Maldonado (Balmaceda)Cruz VerdeCatalogo Publicitario	NO	0
77417055-3	Tamara Maldonado (Balmaceda)	89807200-2	Cruz Verde	5	Correspondencia diaria (Valijas)	77417055-3/89807200-2/5	Tamara Maldonado (Balmaceda)Cruz VerdeCorrespondencia diaria (Valijas)	NO	0
77417055-3	Tamara Maldonado (Balmaceda)	89807200-2	Cruz Verde	6	Material Publicitario	77417055-3/89807200-2/6	Tamara Maldonado (Balmaceda)Cruz VerdeMaterial Publicitario	NO	0
77417055-3	Tamara Maldonado (Balmaceda)	89807200-2	Cruz Verde	7	Retiro en ruta	77417055-3/89807200-2/7	Tamara Maldonado (Balmaceda)Cruz VerdeRetiro en ruta	NO	0
77417055-3	Tamara Maldonado (Balmaceda)	89807200-2	Cruz Verde	11	Servicio Standar	77417055-3/89807200-2/11	Tamara Maldonado (Balmaceda)Cruz VerdeServicio Standar	NO	0
77417055-3	Tamara Maldonado (Balmaceda)	89807200-2	Cruz Verde	19	Servicio Standar (Kit de ingreso)	77417055-3/89807200-2/19	Tamara Maldonado (Balmaceda)Cruz VerdeServicio Standar (Kit de ingreso)	NO	0
77417055-3	Tamara Maldonado (Balmaceda)	#N/D	Diario el Sur	11	Servicio Standar	#N/D	Tamara Maldonado (Balmaceda)Diario el SurServicio Standar	SI	16
77417055-3	Tamara Maldonado (Balmaceda)	#N/D	Disalcar	11	Servicio Standar	#N/D	Tamara Maldonado (Balmaceda)DisalcarServicio Standar	SI	16
77417055-3	Tamara Maldonado (Balmaceda)	78064534-2	Drop	11	Servicio Standar	77417055-3/78064534-2/11	Tamara Maldonado (Balmaceda)DropServicio Standar	SI	16
77417055-3	Tamara Maldonado (Balmaceda)	77907823-K	Ecopaños y Huaipes SPA	11	Servicio Standar	77417055-3/77907823-K/11	Tamara Maldonado (Balmaceda)Ecopaños y Huaipes SPAServicio Standar	SI	16
77417055-3	Tamara Maldonado (Balmaceda)	76377752-9	Ediciones Issue Spa	20	Servicio Standar (Lanzado)	77417055-3/76377752-9/20	Tamara Maldonado (Balmaceda)Ediciones Issue SpaServicio Standar (Lanzado)	SI	16
77417055-3	Tamara Maldonado (Balmaceda)	78445850-4	Envia Ltda	11	Servicio Standar	77417055-3/78445850-4/11	Tamara Maldonado (Balmaceda)Envia LtdaServicio Standar	SI	16
77417055-3	Tamara Maldonado (Balmaceda)	78293000-1	Global Courier SA	7	Retiro en ruta	77417055-3/78293000-1/7	Tamara Maldonado (Balmaceda)Global Courier SARetiro en ruta	NO	0
77417055-3	Tamara Maldonado (Balmaceda)	78293000-1	Global Courier SA	8	Retornos	77417055-3/78293000-1/8	Tamara Maldonado (Balmaceda)Global Courier SARetornos	SI	16
77417055-3	Tamara Maldonado (Balmaceda)	78293000-1	Global Courier SA	11	Servicio Standar	77417055-3/78293000-1/11	Tamara Maldonado (Balmaceda)Global Courier SAServicio Standar	SI	16
77417055-3	Tamara Maldonado (Balmaceda)	76631490-2	Global Med	11	Servicio Standar	77417055-3/76631490-2/11	Tamara Maldonado (Balmaceda)Global MedServicio Standar	SI	16
77417055-3	Tamara Maldonado (Balmaceda)	90106000-2	Grafica Quilicura	11	Servicio Standar	77417055-3/90106000-2/11	Tamara Maldonado (Balmaceda)Grafica QuilicuraServicio Standar	SI	16
77417055-3	Tamara Maldonado (Balmaceda)	90106000-2	Grafica Quilicura	25	Servicio Standar (R. Carabineros de chile)	77417055-3/90106000-2/25	Tamara Maldonado (Balmaceda)Grafica QuilicuraServicio Standar (R. Carabineros de chile)	SI	16
77417055-3	Tamara Maldonado (Balmaceda)	90106000-2	Grafica Quilicura	26	Servicio Standar (R. Los Heroes)	77417055-3/90106000-2/26	Tamara Maldonado (Balmaceda)Grafica QuilicuraServicio Standar (R. Los Heroes)	SI	16
77417055-3	Tamara Maldonado (Balmaceda)	77861584-3	Habasit	9	Servicio Sameday	77417055-3/77861584-3/9	Tamara Maldonado (Balmaceda)HabasitServicio Sameday	SI	16
77417055-3	Tamara Maldonado (Balmaceda)	77861584-3	Habasit	11	Servicio Standar	77417055-3/77861584-3/11	Tamara Maldonado (Balmaceda)HabasitServicio Standar	SI	16
77417055-3	Tamara Maldonado (Balmaceda)	76072176-K	Hemisferio Norte SA	11	Servicio Standar	77417055-3/76072176-K/11	Tamara Maldonado (Balmaceda)Hemisferio Norte SAServicio Standar	SI	16
77417055-3	Tamara Maldonado (Balmaceda)	76336423-2	Imprenta Babieca	11	Servicio Standar	77417055-3/76336423-2/11	Tamara Maldonado (Balmaceda)Imprenta BabiecaServicio Standar	SI	16
77417055-3	Tamara Maldonado (Balmaceda)	79840580-2	Imprenta Socias Ltda	11	Servicio Standar	77417055-3/79840580-2/11	Tamara Maldonado (Balmaceda)Imprenta Socias LtdaServicio Standar	SI	16
77417055-3	Tamara Maldonado (Balmaceda)	#N/D	La Hora	11	Servicio Standar	#N/D	Tamara Maldonado (Balmaceda)La HoraServicio Standar	SI	16
77417055-3	Tamara Maldonado (Balmaceda)	79500520-K	Maicao	2	Abastecimiento Uniformes	77417055-3/79500520-K/2	Tamara Maldonado (Balmaceda)MaicaoAbastecimiento Uniformes	SI	16
77417055-3	Tamara Maldonado (Balmaceda)	79500520-K	Maicao	3	Catalogo Publicitario	77417055-3/79500520-K/3	Tamara Maldonado (Balmaceda)MaicaoCatalogo Publicitario	SI	16
77417055-3	Tamara Maldonado (Balmaceda)	79500520-K	Maicao	4	Correspondencia diaria	77417055-3/79500520-K/4	Tamara Maldonado (Balmaceda)MaicaoCorrespondencia diaria	SI	16
77417055-3	Tamara Maldonado (Balmaceda)	79500520-K	Maicao	6	Material Publicitario	77417055-3/79500520-K/6	Tamara Maldonado (Balmaceda)MaicaoMaterial Publicitario	SI	16
77417055-3	Tamara Maldonado (Balmaceda)	79500520-K	Maicao	11	Servicio Standar	77417055-3/79500520-K/11	Tamara Maldonado (Balmaceda)MaicaoServicio Standar	SI	16
77417055-3	Tamara Maldonado (Balmaceda)	76057337-K	Nutrabody	16	Servicio Standar (Ecommerce)	77417055-3/76057337-K/16	Tamara Maldonado (Balmaceda)NutrabodyServicio Standar (Ecommerce)	SI	16
77417055-3	Tamara Maldonado (Balmaceda)	76710584-3	Opia Marcketing Spa	11	Servicio Standar	77417055-3/76710584-3/11	Tamara Maldonado (Balmaceda)Opia Marcketing SpaServicio Standar	SI	16
77417055-3	Tamara Maldonado (Balmaceda)	76012833-3	Rendic Hmnos	8	Retornos	77417055-3/76012833-3/8	Tamara Maldonado (Balmaceda)Rendic HmnosRetornos	NO	0
77417055-3	Tamara Maldonado (Balmaceda)	76012833-3	Rendic Hmnos	12	Servicio Standar (Alvi)	77417055-3/76012833-3/12	Tamara Maldonado (Balmaceda)Rendic HmnosServicio Standar (Alvi)	SI	16
77417055-3	Tamara Maldonado (Balmaceda)	76012833-3	Rendic Hmnos	22	Servicio Standar (Of. Central)	77417055-3/76012833-3/22	Tamara Maldonado (Balmaceda)Rendic HmnosServicio Standar (Of. Central)	SI	16
77417055-3	Tamara Maldonado (Balmaceda)	76012833-3	Rendic Hmnos	23	Servicio Standar (Proveedores)	77417055-3/76012833-3/23	Tamara Maldonado (Balmaceda)Rendic HmnosServicio Standar (Proveedores)	SI	16
77417055-3	Tamara Maldonado (Balmaceda)	76012833-3	Rendic Hmnos	32	Servicio Standar (Tecnologia)	77417055-3/76012833-3/32	Tamara Maldonado (Balmaceda)Rendic HmnosServicio Standar (Tecnologia)	SI	16
77417055-3	Tamara Maldonado (Balmaceda)	76012833-3	Rendic Hmnos	34	Servicio Standar (Valijas)	77417055-3/76012833-3/34	Tamara Maldonado (Balmaceda)Rendic HmnosServicio Standar (Valijas)	SI	16
77417055-3	Tamara Maldonado (Balmaceda)	76263819-3	Revesderecho	16	Servicio Standar (Ecommerce)	77417055-3/76263819-3/16	Tamara Maldonado (Balmaceda)RevesderechoServicio Standar (Ecommerce)	SI	5
77417055-3	Tamara Maldonado (Balmaceda)	76263819-3	Revesderecho	21	Servicio Standar (Mayorista)	77417055-3/76263819-3/21	Tamara Maldonado (Balmaceda)RevesderechoServicio Standar (Mayorista)	NO	0
77417055-3	Tamara Maldonado (Balmaceda)	76263819-3	Revesderecho	27	Servicio Standar (R. Tiendas)	77417055-3/76263819-3/27	Tamara Maldonado (Balmaceda)RevesderechoServicio Standar (R. Tiendas)	SI	6
77417055-3	Tamara Maldonado (Balmaceda)	76263819-3	Revesderecho	28	Servicio Standar (Retail)	77417055-3/76263819-3/28	Tamara Maldonado (Balmaceda)RevesderechoServicio Standar (Retail)	SI	6
77417055-3	Tamara Maldonado (Balmaceda)	76263819-3	Revesderecho	29	Servicio Standar (Retorno)	77417055-3/76263819-3/29	Tamara Maldonado (Balmaceda)RevesderechoServicio Standar (Retorno)	NO	0
77417055-3	Tamara Maldonado (Balmaceda)	76263819-3	Revesderecho	30	Servicio Standar (SAC)	77417055-3/76263819-3/30	Tamara Maldonado (Balmaceda)RevesderechoServicio Standar (SAC)	SI	5
77417055-3	Tamara Maldonado (Balmaceda)	#N/D	Solventa	11	Servicio Standar	#N/D	Tamara Maldonado (Balmaceda)SolventaServicio Standar	SI	16
77417055-3	Tamara Maldonado (Balmaceda)	78347433-6	The Planners Group Spa	11	Servicio Standar	77417055-3/78347433-6/11	Tamara Maldonado (Balmaceda)The Planners Group SpaServicio Standar	SI	16
77417055-3	Tamara Maldonado (Balmaceda)	76058647-1	Verisure Spa	8	Retornos	77417055-3/76058647-1/8	Tamara Maldonado (Balmaceda)Verisure SpaRetornos	SI	16
77417055-3	Tamara Maldonado (Balmaceda)	76058647-1	Verisure Spa	11	Servicio Standar	77417055-3/76058647-1/11	Tamara Maldonado (Balmaceda)Verisure SpaServicio Standar	SI	16
77417055-3	Tamara Maldonado (Balmaceda)	76713273-5	(HN Metales) Inversiones Saldivia Spa	11	Servicio Standar	77417055-3/76713273-5/11	Tamara Maldonado (Balmaceda)(HN Metales) Inversiones Saldivia SpaServicio Standar	SI	16
77417055-3	Tamara Maldonado (Balmaceda)	#N/D	(Orquidea) Hilanderia Maisa	16	Servicio Standar (Ecommerce)	#N/D	Tamara Maldonado (Balmaceda)(Orquidea) Hilanderia MaisaServicio Standar (Ecommerce)	SI	16
77417055-3	Tamara Maldonado (Balmaceda)	79647180-8	Comercial Reginella Ltda	16	Servicio Standar (Ecommerce)	77417055-3/79647180-8/16	Tamara Maldonado (Balmaceda)Comercial Reginella LtdaServicio Standar (Ecommerce)	SI	6
77417055-3	Tamara Maldonado (Balmaceda)	78599750-6	InduAmbiente	20	Servicio Standar (Lanzado)	77417055-3/78599750-6/20	Tamara Maldonado (Balmaceda)InduAmbienteServicio Standar (Lanzado)	SI	16
77417055-3	Tamara Maldonado (Balmaceda)	60910000-1	Universidad de chile	11	Servicio Standar	77417055-3/60910000-1/11	Tamara Maldonado (Balmaceda)Universidad de chileServicio Standar	SI	16
77417055-3	Tamara Maldonado (Balmaceda)	77970068-2	Vinilo	11	Servicio Standar	77417055-3/77970068-2/11	Tamara Maldonado (Balmaceda)ViniloServicio Standar	SI	16
76147222-4	Transporte Mandame (Talagante)	76288430-5	(Postalchile) Sociedad De Distribucion Y Logistica Postalchile Ltda	15	Servicio Standar (Correspondencia)	76147222-4/76288430-5/15	Transporte Mandame (Talagante)(Postalchile) Sociedad De Distribucion Y Logistica Postalchile LtdaServicio Standar (Correspondencia)	SI	3
76147222-4	Transporte Mandame (Talagante)	76288430-5	(Postalchile) Sociedad De Distribucion Y Logistica Postalchile Ltda	16	Servicio Standar (Ecommerce)	76147222-4/76288430-5/16	Transporte Mandame (Talagante)(Postalchile) Sociedad De Distribucion Y Logistica Postalchile LtdaServicio Standar (Ecommerce)	SI	3
76147222-4	Transporte Mandame (Talagante)	76438001-0	(R. Ambiente) Ambiente diseño y Comunicacion Spa	11	Servicio Standar	76147222-4/76438001-0/11	Transporte Mandame (Talagante)(R. Ambiente) Ambiente diseño y Comunicacion SpaServicio Standar	SI	15
76147222-4	Transporte Mandame (Talagante)	77415130-3	(Ushop) Articulos Publicitarios LW	11	Servicio Standar	76147222-4/77415130-3/11	Transporte Mandame (Talagante)(Ushop) Articulos Publicitarios LWServicio Standar	SI	3
76147222-4	Transporte Mandame (Talagante)	77415130-3	(Ushop) Articulos Publicitarios LW	18	Servicio Standar (GMPI)	76147222-4/77415130-3/18	Transporte Mandame (Talagante)(Ushop) Articulos Publicitarios LWServicio Standar (GMPI)	SI	3
76147222-4	Transporte Mandame (Talagante)	77346078-7	4Nortes	1	Abastecimiento de insumos	76147222-4/77346078-7/1	Transporte Mandame (Talagante)4NortesAbastecimiento de insumos	NO	0
76147222-4	Transporte Mandame (Talagante)	77346078-7	4Nortes	11	Servicio Standar	76147222-4/77346078-7/11	Transporte Mandame (Talagante)4NortesServicio Standar	NO	0
76147222-4	Transporte Mandame (Talagante)	77346078-7	4Nortes	13	Servicio Standar (Compra Agil)	76147222-4/77346078-7/13	Transporte Mandame (Talagante)4NortesServicio Standar (Compra Agil)	SI	3
76147222-4	Transporte Mandame (Talagante)	77419350-2	Adhegraf	11	Servicio Standar	76147222-4/77419350-2/11	Transporte Mandame (Talagante)AdhegrafServicio Standar	SI	3
76147222-4	Transporte Mandame (Talagante)	96830710-k	Aimpresores	11	Servicio Standar	76147222-4/96830710-k/11	Transporte Mandame (Talagante)AimpresoresServicio Standar	SI	3
76147222-4	Transporte Mandame (Talagante)	96830710-k	Aimpresores	14	Servicio Standar (Condenast)	76147222-4/96830710-k/14	Transporte Mandame (Talagante)AimpresoresServicio Standar (Condenast)	SI	3
76147222-4	Transporte Mandame (Talagante)	96830710-k	Aimpresores	17	Servicio Standar (Fucoa)	76147222-4/96830710-k/17	Transporte Mandame (Talagante)AimpresoresServicio Standar (Fucoa)	SI	3
76147222-4	Transporte Mandame (Talagante)	77310592-8	BGB SPA	11	Servicio Standar	76147222-4/77310592-8/11	Transporte Mandame (Talagante)BGB SPAServicio Standar	SI	3
76147222-4	Transporte Mandame (Talagante)	81826800-9	Cajas Los Andes	8	Retornos	76147222-4/81826800-9/8	Transporte Mandame (Talagante)Cajas Los AndesRetornos	NO	0
76147222-4	Transporte Mandame (Talagante)	81826800-9	Cajas Los Andes	24	Servicio Standar (Providencia)	76147222-4/81826800-9/24	Transporte Mandame (Talagante)Cajas Los AndesServicio Standar (Providencia)	SI	3
76147222-4	Transporte Mandame (Talagante)	81826800-9	Cajas Los Andes	31	Servicio Standar (Stgo Alonso)	76147222-4/81826800-9/31	Transporte Mandame (Talagante)Cajas Los AndesServicio Standar (Stgo Alonso)	SI	3
76147222-4	Transporte Mandame (Talagante)	96950080-9	Chilepost	11	Servicio Standar	76147222-4/96950080-9/11	Transporte Mandame (Talagante)ChilepostServicio Standar	SI	3
76147222-4	Transporte Mandame (Talagante)	85037900-9	Comercial Peumo Ltda	33	Servicio Standar (V. Trabajadores)	76147222-4/85037900-9/33	Transporte Mandame (Talagante)Comercial Peumo LtdaServicio Standar (V. Trabajadores)	SI	3
76147222-4	Transporte Mandame (Talagante)	79647180-8	Comercial Reginella Ltda	21	Servicio Standar (Mayorista)	76147222-4/79647180-8/21	Transporte Mandame (Talagante)Comercial Reginella LtdaServicio Standar (Mayorista)	SI	6
76147222-4	Transporte Mandame (Talagante)	76504464-2	Comercial VLB Ltda	11	Servicio Standar	76147222-4/76504464-2/11	Transporte Mandame (Talagante)Comercial VLB LtdaServicio Standar	SI	3
76147222-4	Transporte Mandame (Talagante)	96511460-2	Construmart	4	Correspondencia diaria	76147222-4/96511460-2/4	Transporte Mandame (Talagante)ConstrumartCorrespondencia diaria	SI	3
76147222-4	Transporte Mandame (Talagante)	96511460-2	Construmart	11	Servicio Standar	76147222-4/96511460-2/11	Transporte Mandame (Talagante)ConstrumartServicio Standar	SI	3
76147222-4	Transporte Mandame (Talagante)	89807200-2	Cruz Verde	3	Catalogo Publicitario	76147222-4/89807200-2/3	Transporte Mandame (Talagante)Cruz VerdeCatalogo Publicitario	SI	3
76147222-4	Transporte Mandame (Talagante)	89807200-2	Cruz Verde	5	Correspondencia diaria (Valijas)	76147222-4/89807200-2/5	Transporte Mandame (Talagante)Cruz VerdeCorrespondencia diaria (Valijas)	SI	3
76147222-4	Transporte Mandame (Talagante)	89807200-2	Cruz Verde	6	Material Publicitario	76147222-4/89807200-2/6	Transporte Mandame (Talagante)Cruz VerdeMaterial Publicitario	SI	3
76147222-4	Transporte Mandame (Talagante)	89807200-2	Cruz Verde	7	Retiro en ruta	76147222-4/89807200-2/7	Transporte Mandame (Talagante)Cruz VerdeRetiro en ruta	NO	0
76147222-4	Transporte Mandame (Talagante)	89807200-2	Cruz Verde	11	Servicio Standar	76147222-4/89807200-2/11	Transporte Mandame (Talagante)Cruz VerdeServicio Standar	NO	0
76147222-4	Transporte Mandame (Talagante)	89807200-2	Cruz Verde	19	Servicio Standar (Kit de ingreso)	76147222-4/89807200-2/19	Transporte Mandame (Talagante)Cruz VerdeServicio Standar (Kit de ingreso)	NO	0
76147222-4	Transporte Mandame (Talagante)	#N/D	Diario el Sur	11	Servicio Standar	#N/D	Transporte Mandame (Talagante)Diario el SurServicio Standar	SI	3
76147222-4	Transporte Mandame (Talagante)	#N/D	Disalcar	11	Servicio Standar	#N/D	Transporte Mandame (Talagante)DisalcarServicio Standar	SI	3
76147222-4	Transporte Mandame (Talagante)	78064534-2	Drop	11	Servicio Standar	76147222-4/78064534-2/11	Transporte Mandame (Talagante)DropServicio Standar	SI	3
76147222-4	Transporte Mandame (Talagante)	77907823-K	Ecopaños y Huaipes SPA	11	Servicio Standar	76147222-4/77907823-K/11	Transporte Mandame (Talagante)Ecopaños y Huaipes SPAServicio Standar	SI	3
76147222-4	Transporte Mandame (Talagante)	76377752-9	Ediciones Issue Spa	20	Servicio Standar (Lanzado)	76147222-4/76377752-9/20	Transporte Mandame (Talagante)Ediciones Issue SpaServicio Standar (Lanzado)	SI	3
76147222-4	Transporte Mandame (Talagante)	78445850-4	Envia Ltda	11	Servicio Standar	76147222-4/78445850-4/11	Transporte Mandame (Talagante)Envia LtdaServicio Standar	SI	3
76147222-4	Transporte Mandame (Talagante)	78293000-1	Global Courier SA	7	Retiro en ruta	76147222-4/78293000-1/7	Transporte Mandame (Talagante)Global Courier SARetiro en ruta	NO	0
76147222-4	Transporte Mandame (Talagante)	78293000-1	Global Courier SA	8	Retornos	76147222-4/78293000-1/8	Transporte Mandame (Talagante)Global Courier SARetornos	NO	0
76147222-4	Transporte Mandame (Talagante)	78293000-1	Global Courier SA	11	Servicio Standar	76147222-4/78293000-1/11	Transporte Mandame (Talagante)Global Courier SAServicio Standar	SI	3
76147222-4	Transporte Mandame (Talagante)	76631490-2	Global Med	11	Servicio Standar	76147222-4/76631490-2/11	Transporte Mandame (Talagante)Global MedServicio Standar	SI	3
76147222-4	Transporte Mandame (Talagante)	90106000-2	Grafica Quilicura	11	Servicio Standar	76147222-4/90106000-2/11	Transporte Mandame (Talagante)Grafica QuilicuraServicio Standar	SI	3
76147222-4	Transporte Mandame (Talagante)	90106000-2	Grafica Quilicura	25	Servicio Standar (R. Carabineros de chile)	76147222-4/90106000-2/25	Transporte Mandame (Talagante)Grafica QuilicuraServicio Standar (R. Carabineros de chile)	SI	3
76147222-4	Transporte Mandame (Talagante)	90106000-2	Grafica Quilicura	26	Servicio Standar (R. Los Heroes)	76147222-4/90106000-2/26	Transporte Mandame (Talagante)Grafica QuilicuraServicio Standar (R. Los Heroes)	SI	3
76147222-4	Transporte Mandame (Talagante)	77861584-3	Habasit	9	Servicio Sameday	76147222-4/77861584-3/9	Transporte Mandame (Talagante)HabasitServicio Sameday	SI	3
76147222-4	Transporte Mandame (Talagante)	77861584-3	Habasit	11	Servicio Standar	76147222-4/77861584-3/11	Transporte Mandame (Talagante)HabasitServicio Standar	SI	3
76147222-4	Transporte Mandame (Talagante)	76072176-K	Hemisferio Norte SA	11	Servicio Standar	76147222-4/76072176-K/11	Transporte Mandame (Talagante)Hemisferio Norte SAServicio Standar	SI	3
76147222-4	Transporte Mandame (Talagante)	76336423-2	Imprenta Babieca	11	Servicio Standar	76147222-4/76336423-2/11	Transporte Mandame (Talagante)Imprenta BabiecaServicio Standar	SI	3
76147222-4	Transporte Mandame (Talagante)	79840580-2	Imprenta Socias Ltda	11	Servicio Standar	76147222-4/79840580-2/11	Transporte Mandame (Talagante)Imprenta Socias LtdaServicio Standar	SI	3
76147222-4	Transporte Mandame (Talagante)	#N/D	La Hora	11	Servicio Standar	#N/D	Transporte Mandame (Talagante)La HoraServicio Standar	SI	3
76147222-4	Transporte Mandame (Talagante)	79500520-K	Maicao	2	Abastecimiento Uniformes	76147222-4/79500520-K/2	Transporte Mandame (Talagante)MaicaoAbastecimiento Uniformes	NO	0
76147222-4	Transporte Mandame (Talagante)	79500520-K	Maicao	3	Catalogo Publicitario	76147222-4/79500520-K/3	Transporte Mandame (Talagante)MaicaoCatalogo Publicitario	SI	3
76147222-4	Transporte Mandame (Talagante)	79500520-K	Maicao	4	Correspondencia diaria	76147222-4/79500520-K/4	Transporte Mandame (Talagante)MaicaoCorrespondencia diaria	SI	3
76147222-4	Transporte Mandame (Talagante)	79500520-K	Maicao	6	Material Publicitario	76147222-4/79500520-K/6	Transporte Mandame (Talagante)MaicaoMaterial Publicitario	SI	3
76147222-4	Transporte Mandame (Talagante)	79500520-K	Maicao	11	Servicio Standar	76147222-4/79500520-K/11	Transporte Mandame (Talagante)MaicaoServicio Standar	SI	3
76147222-4	Transporte Mandame (Talagante)	76057337-K	Nutrabody	16	Servicio Standar (Ecommerce)	76147222-4/76057337-K/16	Transporte Mandame (Talagante)NutrabodyServicio Standar (Ecommerce)	SI	3
76147222-4	Transporte Mandame (Talagante)	76710584-3	Opia Marcketing Spa	11	Servicio Standar	76147222-4/76710584-3/11	Transporte Mandame (Talagante)Opia Marcketing SpaServicio Standar	SI	3
76147222-4	Transporte Mandame (Talagante)	76012833-3	Rendic Hmnos	8	Retornos	76147222-4/76012833-3/8	Transporte Mandame (Talagante)Rendic HmnosRetornos	NO	0
76147222-4	Transporte Mandame (Talagante)	76012833-3	Rendic Hmnos	12	Servicio Standar (Alvi)	76147222-4/76012833-3/12	Transporte Mandame (Talagante)Rendic HmnosServicio Standar (Alvi)	SI	3
76147222-4	Transporte Mandame (Talagante)	76012833-3	Rendic Hmnos	22	Servicio Standar (Of. Central)	76147222-4/76012833-3/22	Transporte Mandame (Talagante)Rendic HmnosServicio Standar (Of. Central)	SI	3
76147222-4	Transporte Mandame (Talagante)	76012833-3	Rendic Hmnos	23	Servicio Standar (Proveedores)	76147222-4/76012833-3/23	Transporte Mandame (Talagante)Rendic HmnosServicio Standar (Proveedores)	SI	3
76147222-4	Transporte Mandame (Talagante)	76012833-3	Rendic Hmnos	32	Servicio Standar (Tecnologia)	76147222-4/76012833-3/32	Transporte Mandame (Talagante)Rendic HmnosServicio Standar (Tecnologia)	SI	3
76147222-4	Transporte Mandame (Talagante)	76012833-3	Rendic Hmnos	34	Servicio Standar (Valijas)	76147222-4/76012833-3/34	Transporte Mandame (Talagante)Rendic HmnosServicio Standar (Valijas)	NO	0
76147222-4	Transporte Mandame (Talagante)	76263819-3	Revesderecho	16	Servicio Standar (Ecommerce)	76147222-4/76263819-3/16	Transporte Mandame (Talagante)RevesderechoServicio Standar (Ecommerce)	SI	5
76147222-4	Transporte Mandame (Talagante)	76263819-3	Revesderecho	21	Servicio Standar (Mayorista)	76147222-4/76263819-3/21	Transporte Mandame (Talagante)RevesderechoServicio Standar (Mayorista)	SI	6
76147222-4	Transporte Mandame (Talagante)	76263819-3	Revesderecho	27	Servicio Standar (R. Tiendas)	76147222-4/76263819-3/27	Transporte Mandame (Talagante)RevesderechoServicio Standar (R. Tiendas)	SI	6
76147222-4	Transporte Mandame (Talagante)	76263819-3	Revesderecho	28	Servicio Standar (Retail)	76147222-4/76263819-3/28	Transporte Mandame (Talagante)RevesderechoServicio Standar (Retail)	SI	6
76147222-4	Transporte Mandame (Talagante)	76263819-3	Revesderecho	29	Servicio Standar (Retorno)	76147222-4/76263819-3/29	Transporte Mandame (Talagante)RevesderechoServicio Standar (Retorno)	NO	0
76147222-4	Transporte Mandame (Talagante)	76263819-3	Revesderecho	30	Servicio Standar (SAC)	76147222-4/76263819-3/30	Transporte Mandame (Talagante)RevesderechoServicio Standar (SAC)	SI	5
76147222-4	Transporte Mandame (Talagante)	#N/D	Solventa	11	Servicio Standar	#N/D	Transporte Mandame (Talagante)SolventaServicio Standar	SI	3
76147222-4	Transporte Mandame (Talagante)	78347433-6	The Planners Group Spa	11	Servicio Standar	76147222-4/78347433-6/11	Transporte Mandame (Talagante)The Planners Group SpaServicio Standar	SI	3
76147222-4	Transporte Mandame (Talagante)	76058647-1	Verisure Spa	8	Retornos	76147222-4/76058647-1/8	Transporte Mandame (Talagante)Verisure SpaRetornos	NO	0
76147222-4	Transporte Mandame (Talagante)	76058647-1	Verisure Spa	11	Servicio Standar	76147222-4/76058647-1/11	Transporte Mandame (Talagante)Verisure SpaServicio Standar	SI	3
76147222-4	Transporte Mandame (Talagante)	76713273-5	(HN Metales) Inversiones Saldivia Spa	11	Servicio Standar	76147222-4/76713273-5/11	Transporte Mandame (Talagante)(HN Metales) Inversiones Saldivia SpaServicio Standar	SI	3
76147222-4	Transporte Mandame (Talagante)	#N/D	(Orquidea) Hilanderia Maisa	16	Servicio Standar (Ecommerce)	#N/D	Transporte Mandame (Talagante)(Orquidea) Hilanderia MaisaServicio Standar (Ecommerce)	SI	3
76147222-4	Transporte Mandame (Talagante)	79647180-8	Comercial Reginella Ltda	16	Servicio Standar (Ecommerce)	76147222-4/79647180-8/16	Transporte Mandame (Talagante)Comercial Reginella LtdaServicio Standar (Ecommerce)	SI	6
76147222-4	Transporte Mandame (Talagante)	78599750-6	InduAmbiente	20	Servicio Standar (Lanzado)	76147222-4/78599750-6/20	Transporte Mandame (Talagante)InduAmbienteServicio Standar (Lanzado)	SI	3
76147222-4	Transporte Mandame (Talagante)	60910000-1	Universidad de chile	11	Servicio Standar	76147222-4/60910000-1/11	Transporte Mandame (Talagante)Universidad de chileServicio Standar	SI	3
76147222-4	Transporte Mandame (Talagante)	77970068-2	Vinilo	11	Servicio Standar	76147222-4/77970068-2/11	Transporte Mandame (Talagante)ViniloServicio Standar	SI	3
19488954-2	Paula Valencia (Viña del Mar)	76288430-5	(Postalchile) Sociedad De Distribucion Y Logistica Postalchile Ltda	15	Servicio Standar (Correspondencia)	19488954-2/76288430-5/15	Paula Valencia (Viña del Mar)(Postalchile) Sociedad De Distribucion Y Logistica Postalchile LtdaServicio Standar (Correspondencia)	SI	11
19488954-2	Paula Valencia (Viña del Mar)	76288430-5	(Postalchile) Sociedad De Distribucion Y Logistica Postalchile Ltda	16	Servicio Standar (Ecommerce)	19488954-2/76288430-5/16	Paula Valencia (Viña del Mar)(Postalchile) Sociedad De Distribucion Y Logistica Postalchile LtdaServicio Standar (Ecommerce)	SI	11
19488954-2	Paula Valencia (Viña del Mar)	76438001-0	(R. Ambiente) Ambiente diseño y Comunicacion Spa	11	Servicio Standar	19488954-2/76438001-0/11	Paula Valencia (Viña del Mar)(R. Ambiente) Ambiente diseño y Comunicacion SpaServicio Standar	SI	15
19488954-2	Paula Valencia (Viña del Mar)	77415130-3	(Ushop) Articulos Publicitarios LW	11	Servicio Standar	19488954-2/77415130-3/11	Paula Valencia (Viña del Mar)(Ushop) Articulos Publicitarios LWServicio Standar	SI	11
19488954-2	Paula Valencia (Viña del Mar)	77415130-3	(Ushop) Articulos Publicitarios LW	18	Servicio Standar (GMPI)	19488954-2/77415130-3/18	Paula Valencia (Viña del Mar)(Ushop) Articulos Publicitarios LWServicio Standar (GMPI)	SI	11
19488954-2	Paula Valencia (Viña del Mar)	77346078-7	4Nortes	1	Abastecimiento de insumos	19488954-2/77346078-7/1	Paula Valencia (Viña del Mar)4NortesAbastecimiento de insumos	SI	10
19488954-2	Paula Valencia (Viña del Mar)	77346078-7	4Nortes	11	Servicio Standar	19488954-2/77346078-7/11	Paula Valencia (Viña del Mar)4NortesServicio Standar	SI	10
19488954-2	Paula Valencia (Viña del Mar)	77346078-7	4Nortes	13	Servicio Standar (Compra Agil)	19488954-2/77346078-7/13	Paula Valencia (Viña del Mar)4NortesServicio Standar (Compra Agil)	SI	11
19488954-2	Paula Valencia (Viña del Mar)	77419350-2	Adhegraf	11	Servicio Standar	19488954-2/77419350-2/11	Paula Valencia (Viña del Mar)AdhegrafServicio Standar	SI	11
19488954-2	Paula Valencia (Viña del Mar)	96830710-k	Aimpresores	11	Servicio Standar	19488954-2/96830710-k/11	Paula Valencia (Viña del Mar)AimpresoresServicio Standar	SI	11
19488954-2	Paula Valencia (Viña del Mar)	96830710-k	Aimpresores	14	Servicio Standar (Condenast)	19488954-2/96830710-k/14	Paula Valencia (Viña del Mar)AimpresoresServicio Standar (Condenast)	SI	11
19488954-2	Paula Valencia (Viña del Mar)	96830710-k	Aimpresores	17	Servicio Standar (Fucoa)	19488954-2/96830710-k/17	Paula Valencia (Viña del Mar)AimpresoresServicio Standar (Fucoa)	SI	10
19488954-2	Paula Valencia (Viña del Mar)	77310592-8	BGB SPA	11	Servicio Standar	19488954-2/77310592-8/11	Paula Valencia (Viña del Mar)BGB SPAServicio Standar	SI	11
19488954-2	Paula Valencia (Viña del Mar)	81826800-9	Cajas Los Andes	8	Retornos	19488954-2/81826800-9/8	Paula Valencia (Viña del Mar)Cajas Los AndesRetornos	NO	0
19488954-2	Paula Valencia (Viña del Mar)	81826800-9	Cajas Los Andes	24	Servicio Standar (Providencia)	19488954-2/81826800-9/24	Paula Valencia (Viña del Mar)Cajas Los AndesServicio Standar (Providencia)	SI	10
19488954-2	Paula Valencia (Viña del Mar)	81826800-9	Cajas Los Andes	31	Servicio Standar (Stgo Alonso)	19488954-2/81826800-9/31	Paula Valencia (Viña del Mar)Cajas Los AndesServicio Standar (Stgo Alonso)	SI	10
19488954-2	Paula Valencia (Viña del Mar)	96950080-9	Chilepost	11	Servicio Standar	19488954-2/96950080-9/11	Paula Valencia (Viña del Mar)ChilepostServicio Standar	SI	10
19488954-2	Paula Valencia (Viña del Mar)	85037900-9	Comercial Peumo Ltda	33	Servicio Standar (V. Trabajadores)	19488954-2/85037900-9/33	Paula Valencia (Viña del Mar)Comercial Peumo LtdaServicio Standar (V. Trabajadores)	REVISAR	0
19488954-2	Paula Valencia (Viña del Mar)	79647180-8	Comercial Reginella Ltda	21	Servicio Standar (Mayorista)	19488954-2/79647180-8/21	Paula Valencia (Viña del Mar)Comercial Reginella LtdaServicio Standar (Mayorista)	SI	6
19488954-2	Paula Valencia (Viña del Mar)	76504464-2	Comercial VLB Ltda	11	Servicio Standar	19488954-2/76504464-2/11	Paula Valencia (Viña del Mar)Comercial VLB LtdaServicio Standar	SI	11
19488954-2	Paula Valencia (Viña del Mar)	96511460-2	Construmart	4	Correspondencia diaria	19488954-2/96511460-2/4	Paula Valencia (Viña del Mar)ConstrumartCorrespondencia diaria	NO	0
19488954-2	Paula Valencia (Viña del Mar)	96511460-2	Construmart	11	Servicio Standar	19488954-2/96511460-2/11	Paula Valencia (Viña del Mar)ConstrumartServicio Standar	NO	4
19488954-2	Paula Valencia (Viña del Mar)	89807200-2	Cruz Verde	3	Catalogo Publicitario	19488954-2/89807200-2/3	Paula Valencia (Viña del Mar)Cruz VerdeCatalogo Publicitario	SI	10
19488954-2	Paula Valencia (Viña del Mar)	89807200-2	Cruz Verde	5	Correspondencia diaria (Valijas)	19488954-2/89807200-2/5	Paula Valencia (Viña del Mar)Cruz VerdeCorrespondencia diaria (Valijas)	NO	0
19488954-2	Paula Valencia (Viña del Mar)	89807200-2	Cruz Verde	6	Material Publicitario	19488954-2/89807200-2/6	Paula Valencia (Viña del Mar)Cruz VerdeMaterial Publicitario	SI	10
19488954-2	Paula Valencia (Viña del Mar)	89807200-2	Cruz Verde	7	Retiro en ruta	19488954-2/89807200-2/7	Paula Valencia (Viña del Mar)Cruz VerdeRetiro en ruta	SI	10
19488954-2	Paula Valencia (Viña del Mar)	89807200-2	Cruz Verde	11	Servicio Standar	19488954-2/89807200-2/11	Paula Valencia (Viña del Mar)Cruz VerdeServicio Standar	SI	10
19488954-2	Paula Valencia (Viña del Mar)	89807200-2	Cruz Verde	19	Servicio Standar (Kit de ingreso)	19488954-2/89807200-2/19	Paula Valencia (Viña del Mar)Cruz VerdeServicio Standar (Kit de ingreso)	SI	10
19488954-2	Paula Valencia (Viña del Mar)	#N/D	Diario el Sur	11	Servicio Standar	#N/D	Paula Valencia (Viña del Mar)Diario el SurServicio Standar	SI	11
19488954-2	Paula Valencia (Viña del Mar)	#N/D	Disalcar	11	Servicio Standar	#N/D	Paula Valencia (Viña del Mar)DisalcarServicio Standar	SI	10
19488954-2	Paula Valencia (Viña del Mar)	78064534-2	Drop	11	Servicio Standar	19488954-2/78064534-2/11	Paula Valencia (Viña del Mar)DropServicio Standar	SI	11
19488954-2	Paula Valencia (Viña del Mar)	77907823-K	Ecopaños y Huaipes SPA	11	Servicio Standar	19488954-2/77907823-K/11	Paula Valencia (Viña del Mar)Ecopaños y Huaipes SPAServicio Standar	SI	11
19488954-2	Paula Valencia (Viña del Mar)	76377752-9	Ediciones Issue Spa	20	Servicio Standar (Lanzado)	19488954-2/76377752-9/20	Paula Valencia (Viña del Mar)Ediciones Issue SpaServicio Standar (Lanzado)	SI	11
19488954-2	Paula Valencia (Viña del Mar)	78445850-4	Envia Ltda	11	Servicio Standar	19488954-2/78445850-4/11	Paula Valencia (Viña del Mar)Envia LtdaServicio Standar	SI	10
19488954-2	Paula Valencia (Viña del Mar)	78293000-1	Global Courier SA	7	Retiro en ruta	19488954-2/78293000-1/7	Paula Valencia (Viña del Mar)Global Courier SARetiro en ruta	SI	10
19488954-2	Paula Valencia (Viña del Mar)	78293000-1	Global Courier SA	8	Retornos	19488954-2/78293000-1/8	Paula Valencia (Viña del Mar)Global Courier SARetornos	NO	0
19488954-2	Paula Valencia (Viña del Mar)	78293000-1	Global Courier SA	11	Servicio Standar	19488954-2/78293000-1/11	Paula Valencia (Viña del Mar)Global Courier SAServicio Standar	SI	10
19488954-2	Paula Valencia (Viña del Mar)	76631490-2	Global Med	11	Servicio Standar	19488954-2/76631490-2/11	Paula Valencia (Viña del Mar)Global MedServicio Standar	SI	11
19488954-2	Paula Valencia (Viña del Mar)	90106000-2	Grafica Quilicura	11	Servicio Standar	19488954-2/90106000-2/11	Paula Valencia (Viña del Mar)Grafica QuilicuraServicio Standar	SI	11
19488954-2	Paula Valencia (Viña del Mar)	90106000-2	Grafica Quilicura	25	Servicio Standar (R. Carabineros de chile)	19488954-2/90106000-2/25	Paula Valencia (Viña del Mar)Grafica QuilicuraServicio Standar (R. Carabineros de chile)	SI	10
19488954-2	Paula Valencia (Viña del Mar)	90106000-2	Grafica Quilicura	26	Servicio Standar (R. Los Heroes)	19488954-2/90106000-2/26	Paula Valencia (Viña del Mar)Grafica QuilicuraServicio Standar (R. Los Heroes)	SI	10
19488954-2	Paula Valencia (Viña del Mar)	77861584-3	Habasit	9	Servicio Sameday	19488954-2/77861584-3/9	Paula Valencia (Viña del Mar)HabasitServicio Sameday	SI	11
19488954-2	Paula Valencia (Viña del Mar)	77861584-3	Habasit	11	Servicio Standar	19488954-2/77861584-3/11	Paula Valencia (Viña del Mar)HabasitServicio Standar	SI	11
19488954-2	Paula Valencia (Viña del Mar)	76072176-K	Hemisferio Norte SA	11	Servicio Standar	19488954-2/76072176-K/11	Paula Valencia (Viña del Mar)Hemisferio Norte SAServicio Standar	SI	11
19488954-2	Paula Valencia (Viña del Mar)	76336423-2	Imprenta Babieca	11	Servicio Standar	19488954-2/76336423-2/11	Paula Valencia (Viña del Mar)Imprenta BabiecaServicio Standar	SI	11
19488954-2	Paula Valencia (Viña del Mar)	79840580-2	Imprenta Socias Ltda	11	Servicio Standar	19488954-2/79840580-2/11	Paula Valencia (Viña del Mar)Imprenta Socias LtdaServicio Standar	SI	10
19488954-2	Paula Valencia (Viña del Mar)	#N/D	La Hora	11	Servicio Standar	#N/D	Paula Valencia (Viña del Mar)La HoraServicio Standar	SI	11
19488954-2	Paula Valencia (Viña del Mar)	79500520-K	Maicao	2	Abastecimiento Uniformes	19488954-2/79500520-K/2	Paula Valencia (Viña del Mar)MaicaoAbastecimiento Uniformes	SI	10
19488954-2	Paula Valencia (Viña del Mar)	79500520-K	Maicao	3	Catalogo Publicitario	19488954-2/79500520-K/3	Paula Valencia (Viña del Mar)MaicaoCatalogo Publicitario	SI	10
19488954-2	Paula Valencia (Viña del Mar)	79500520-K	Maicao	4	Correspondencia diaria	19488954-2/79500520-K/4	Paula Valencia (Viña del Mar)MaicaoCorrespondencia diaria	NO	0
19488954-2	Paula Valencia (Viña del Mar)	79500520-K	Maicao	6	Material Publicitario	19488954-2/79500520-K/6	Paula Valencia (Viña del Mar)MaicaoMaterial Publicitario	SI	10
19488954-2	Paula Valencia (Viña del Mar)	79500520-K	Maicao	11	Servicio Standar	19488954-2/79500520-K/11	Paula Valencia (Viña del Mar)MaicaoServicio Standar	SI	10
19488954-2	Paula Valencia (Viña del Mar)	76057337-K	Nutrabody	16	Servicio Standar (Ecommerce)	19488954-2/76057337-K/16	Paula Valencia (Viña del Mar)NutrabodyServicio Standar (Ecommerce)	SI	11
19488954-2	Paula Valencia (Viña del Mar)	76710584-3	Opia Marcketing Spa	11	Servicio Standar	19488954-2/76710584-3/11	Paula Valencia (Viña del Mar)Opia Marcketing SpaServicio Standar	SI	11
19488954-2	Paula Valencia (Viña del Mar)	76012833-3	Rendic Hmnos	8	Retornos	19488954-2/76012833-3/8	Paula Valencia (Viña del Mar)Rendic HmnosRetornos	NO	0
19488954-2	Paula Valencia (Viña del Mar)	76012833-3	Rendic Hmnos	12	Servicio Standar (Alvi)	19488954-2/76012833-3/12	Paula Valencia (Viña del Mar)Rendic HmnosServicio Standar (Alvi)	SI	10
19488954-2	Paula Valencia (Viña del Mar)	76012833-3	Rendic Hmnos	22	Servicio Standar (Of. Central)	19488954-2/76012833-3/22	Paula Valencia (Viña del Mar)Rendic HmnosServicio Standar (Of. Central)	SI	10
19488954-2	Paula Valencia (Viña del Mar)	76012833-3	Rendic Hmnos	23	Servicio Standar (Proveedores)	19488954-2/76012833-3/23	Paula Valencia (Viña del Mar)Rendic HmnosServicio Standar (Proveedores)	SI	10
19488954-2	Paula Valencia (Viña del Mar)	76012833-3	Rendic Hmnos	32	Servicio Standar (Tecnologia)	19488954-2/76012833-3/32	Paula Valencia (Viña del Mar)Rendic HmnosServicio Standar (Tecnologia)	SI	10
19488954-2	Paula Valencia (Viña del Mar)	76012833-3	Rendic Hmnos	34	Servicio Standar (Valijas)	19488954-2/76012833-3/34	Paula Valencia (Viña del Mar)Rendic HmnosServicio Standar (Valijas)	NO	4
19488954-2	Paula Valencia (Viña del Mar)	76263819-3	Revesderecho	16	Servicio Standar (Ecommerce)	19488954-2/76263819-3/16	Paula Valencia (Viña del Mar)RevesderechoServicio Standar (Ecommerce)	SI	5
19488954-2	Paula Valencia (Viña del Mar)	76263819-3	Revesderecho	21	Servicio Standar (Mayorista)	19488954-2/76263819-3/21	Paula Valencia (Viña del Mar)RevesderechoServicio Standar (Mayorista)	NO	0
19488954-2	Paula Valencia (Viña del Mar)	76263819-3	Revesderecho	27	Servicio Standar (R. Tiendas)	19488954-2/76263819-3/27	Paula Valencia (Viña del Mar)RevesderechoServicio Standar (R. Tiendas)	SI	6
19488954-2	Paula Valencia (Viña del Mar)	76263819-3	Revesderecho	28	Servicio Standar (Retail)	19488954-2/76263819-3/28	Paula Valencia (Viña del Mar)RevesderechoServicio Standar (Retail)	SI	6
19488954-2	Paula Valencia (Viña del Mar)	76263819-3	Revesderecho	29	Servicio Standar (Retorno)	19488954-2/76263819-3/29	Paula Valencia (Viña del Mar)RevesderechoServicio Standar (Retorno)	NO	0
19488954-2	Paula Valencia (Viña del Mar)	76263819-3	Revesderecho	30	Servicio Standar (SAC)	19488954-2/76263819-3/30	Paula Valencia (Viña del Mar)RevesderechoServicio Standar (SAC)	SI	5
19488954-2	Paula Valencia (Viña del Mar)	#N/D	Solventa	11	Servicio Standar	#N/D	Paula Valencia (Viña del Mar)SolventaServicio Standar	SI	10
19488954-2	Paula Valencia (Viña del Mar)	78347433-6	The Planners Group Spa	11	Servicio Standar	19488954-2/78347433-6/11	Paula Valencia (Viña del Mar)The Planners Group SpaServicio Standar	SI	11
19488954-2	Paula Valencia (Viña del Mar)	76058647-1	Verisure Spa	8	Retornos	19488954-2/76058647-1/8	Paula Valencia (Viña del Mar)Verisure SpaRetornos	NO	0
19488954-2	Paula Valencia (Viña del Mar)	76058647-1	Verisure Spa	11	Servicio Standar	19488954-2/76058647-1/11	Paula Valencia (Viña del Mar)Verisure SpaServicio Standar	SI	10
19488954-2	Paula Valencia (Viña del Mar)	76713273-5	(HN Metales) Inversiones Saldivia Spa	11	Servicio Standar	19488954-2/76713273-5/11	Paula Valencia (Viña del Mar)(HN Metales) Inversiones Saldivia SpaServicio Standar	SI	11
19488954-2	Paula Valencia (Viña del Mar)	#N/D	(Orquidea) Hilanderia Maisa	16	Servicio Standar (Ecommerce)	#N/D	Paula Valencia (Viña del Mar)(Orquidea) Hilanderia MaisaServicio Standar (Ecommerce)	SI	11
19488954-2	Paula Valencia (Viña del Mar)	79647180-8	Comercial Reginella Ltda	16	Servicio Standar (Ecommerce)	19488954-2/79647180-8/16	Paula Valencia (Viña del Mar)Comercial Reginella LtdaServicio Standar (Ecommerce)	SI	5
19488954-2	Paula Valencia (Viña del Mar)	78599750-6	InduAmbiente	20	Servicio Standar (Lanzado)	19488954-2/78599750-6/20	Paula Valencia (Viña del Mar)InduAmbienteServicio Standar (Lanzado)	SI	11
19488954-2	Paula Valencia (Viña del Mar)	60910000-1	Universidad de chile	11	Servicio Standar	19488954-2/60910000-1/11	Paula Valencia (Viña del Mar)Universidad de chileServicio Standar	SI	11
19488954-2	Paula Valencia (Viña del Mar)	77970068-2	Vinilo	11	Servicio Standar	19488954-2/77970068-2/11	Paula Valencia (Viña del Mar)ViniloServicio Standar	SI	11
76556632-0	Postman Cargo (Alto Hospicio)	76288430-5	(Postalchile) Sociedad De Distribucion Y Logistica Postalchile Ltda	15	Servicio Standar (Correspondencia)	76556632-0/76288430-5/15	Postman Cargo (Alto Hospicio)(Postalchile) Sociedad De Distribucion Y Logistica Postalchile LtdaServicio Standar (Correspondencia)	SI	14
76556632-0	Postman Cargo (Alto Hospicio)	76288430-5	(Postalchile) Sociedad De Distribucion Y Logistica Postalchile Ltda	16	Servicio Standar (Ecommerce)	76556632-0/76288430-5/16	Postman Cargo (Alto Hospicio)(Postalchile) Sociedad De Distribucion Y Logistica Postalchile LtdaServicio Standar (Ecommerce)	SI	14
76556632-0	Postman Cargo (Alto Hospicio)	76438001-0	(R. Ambiente) Ambiente diseño y Comunicacion Spa	11	Servicio Standar	76556632-0/76438001-0/11	Postman Cargo (Alto Hospicio)(R. Ambiente) Ambiente diseño y Comunicacion SpaServicio Standar	SI	15
76556632-0	Postman Cargo (Alto Hospicio)	77415130-3	(Ushop) Articulos Publicitarios LW	11	Servicio Standar	76556632-0/77415130-3/11	Postman Cargo (Alto Hospicio)(Ushop) Articulos Publicitarios LWServicio Standar	SI	14
76556632-0	Postman Cargo (Alto Hospicio)	77415130-3	(Ushop) Articulos Publicitarios LW	18	Servicio Standar (GMPI)	76556632-0/77415130-3/18	Postman Cargo (Alto Hospicio)(Ushop) Articulos Publicitarios LWServicio Standar (GMPI)	SI	14
76556632-0	Postman Cargo (Alto Hospicio)	77346078-7	4Nortes	1	Abastecimiento de insumos	76556632-0/77346078-7/1	Postman Cargo (Alto Hospicio)4NortesAbastecimiento de insumos	SI	13
76556632-0	Postman Cargo (Alto Hospicio)	77346078-7	4Nortes	11	Servicio Standar	76556632-0/77346078-7/11	Postman Cargo (Alto Hospicio)4NortesServicio Standar	SI	13
76556632-0	Postman Cargo (Alto Hospicio)	77346078-7	4Nortes	13	Servicio Standar (Compra Agil)	76556632-0/77346078-7/13	Postman Cargo (Alto Hospicio)4NortesServicio Standar (Compra Agil)	SI	14
76556632-0	Postman Cargo (Alto Hospicio)	77419350-2	Adhegraf	11	Servicio Standar	76556632-0/77419350-2/11	Postman Cargo (Alto Hospicio)AdhegrafServicio Standar	SI	14
76556632-0	Postman Cargo (Alto Hospicio)	96830710-k	Aimpresores	11	Servicio Standar	76556632-0/96830710-k/11	Postman Cargo (Alto Hospicio)AimpresoresServicio Standar	SI	14
76556632-0	Postman Cargo (Alto Hospicio)	96830710-k	Aimpresores	14	Servicio Standar (Condenast)	76556632-0/96830710-k/14	Postman Cargo (Alto Hospicio)AimpresoresServicio Standar (Condenast)	SI	14
76556632-0	Postman Cargo (Alto Hospicio)	96830710-k	Aimpresores	17	Servicio Standar (Fucoa)	76556632-0/96830710-k/17	Postman Cargo (Alto Hospicio)AimpresoresServicio Standar (Fucoa)	SI	14
76556632-0	Postman Cargo (Alto Hospicio)	77310592-8	BGB SPA	11	Servicio Standar	76556632-0/77310592-8/11	Postman Cargo (Alto Hospicio)BGB SPAServicio Standar	SI	14
76556632-0	Postman Cargo (Alto Hospicio)	81826800-9	Cajas Los Andes	8	Retornos	76556632-0/81826800-9/8	Postman Cargo (Alto Hospicio)Cajas Los AndesRetornos	SI	7
76556632-0	Postman Cargo (Alto Hospicio)	81826800-9	Cajas Los Andes	24	Servicio Standar (Providencia)	76556632-0/81826800-9/24	Postman Cargo (Alto Hospicio)Cajas Los AndesServicio Standar (Providencia)	SI	13
76556632-0	Postman Cargo (Alto Hospicio)	81826800-9	Cajas Los Andes	31	Servicio Standar (Stgo Alonso)	76556632-0/81826800-9/31	Postman Cargo (Alto Hospicio)Cajas Los AndesServicio Standar (Stgo Alonso)	SI	13
76556632-0	Postman Cargo (Alto Hospicio)	96950080-9	Chilepost	11	Servicio Standar	76556632-0/96950080-9/11	Postman Cargo (Alto Hospicio)ChilepostServicio Standar	SI	14
76556632-0	Postman Cargo (Alto Hospicio)	85037900-9	Comercial Peumo Ltda	33	Servicio Standar (V. Trabajadores)	76556632-0/85037900-9/33	Postman Cargo (Alto Hospicio)Comercial Peumo LtdaServicio Standar (V. Trabajadores)	REVISAR	0
76556632-0	Postman Cargo (Alto Hospicio)	79647180-8	Comercial Reginella Ltda	21	Servicio Standar (Mayorista)	76556632-0/79647180-8/21	Postman Cargo (Alto Hospicio)Comercial Reginella LtdaServicio Standar (Mayorista)	SI	6
76556632-0	Postman Cargo (Alto Hospicio)	76504464-2	Comercial VLB Ltda	11	Servicio Standar	76556632-0/76504464-2/11	Postman Cargo (Alto Hospicio)Comercial VLB LtdaServicio Standar	SI	14
76556632-0	Postman Cargo (Alto Hospicio)	96511460-2	Construmart	4	Correspondencia diaria	76556632-0/96511460-2/4	Postman Cargo (Alto Hospicio)ConstrumartCorrespondencia diaria	SI	13
76556632-0	Postman Cargo (Alto Hospicio)	96511460-2	Construmart	11	Servicio Standar	76556632-0/96511460-2/11	Postman Cargo (Alto Hospicio)ConstrumartServicio Standar	SI	13
76556632-0	Postman Cargo (Alto Hospicio)	89807200-2	Cruz Verde	3	Catalogo Publicitario	76556632-0/89807200-2/3	Postman Cargo (Alto Hospicio)Cruz VerdeCatalogo Publicitario	SI	13
76556632-0	Postman Cargo (Alto Hospicio)	89807200-2	Cruz Verde	5	Correspondencia diaria (Valijas)	76556632-0/89807200-2/5	Postman Cargo (Alto Hospicio)Cruz VerdeCorrespondencia diaria (Valijas)	SI	13
76556632-0	Postman Cargo (Alto Hospicio)	89807200-2	Cruz Verde	6	Material Publicitario	76556632-0/89807200-2/6	Postman Cargo (Alto Hospicio)Cruz VerdeMaterial Publicitario	SI	13
76556632-0	Postman Cargo (Alto Hospicio)	89807200-2	Cruz Verde	7	Retiro en ruta	76556632-0/89807200-2/7	Postman Cargo (Alto Hospicio)Cruz VerdeRetiro en ruta	SI	7
76556632-0	Postman Cargo (Alto Hospicio)	89807200-2	Cruz Verde	11	Servicio Standar	76556632-0/89807200-2/11	Postman Cargo (Alto Hospicio)Cruz VerdeServicio Standar	SI	13
76556632-0	Postman Cargo (Alto Hospicio)	89807200-2	Cruz Verde	19	Servicio Standar (Kit de ingreso)	76556632-0/89807200-2/19	Postman Cargo (Alto Hospicio)Cruz VerdeServicio Standar (Kit de ingreso)	SI	13
76556632-0	Postman Cargo (Alto Hospicio)	#N/D	Diario el Sur	11	Servicio Standar	#N/D	Postman Cargo (Alto Hospicio)Diario el SurServicio Standar	SI	14
76556632-0	Postman Cargo (Alto Hospicio)	#N/D	Disalcar	11	Servicio Standar	#N/D	Postman Cargo (Alto Hospicio)DisalcarServicio Standar	SI	14
76556632-0	Postman Cargo (Alto Hospicio)	78064534-2	Drop	11	Servicio Standar	76556632-0/78064534-2/11	Postman Cargo (Alto Hospicio)DropServicio Standar	SI	14
76556632-0	Postman Cargo (Alto Hospicio)	77907823-K	Ecopaños y Huaipes SPA	11	Servicio Standar	76556632-0/77907823-K/11	Postman Cargo (Alto Hospicio)Ecopaños y Huaipes SPAServicio Standar	SI	14
76556632-0	Postman Cargo (Alto Hospicio)	76377752-9	Ediciones Issue Spa	20	Servicio Standar (Lanzado)	76556632-0/76377752-9/20	Postman Cargo (Alto Hospicio)Ediciones Issue SpaServicio Standar (Lanzado)	SI	14
76556632-0	Postman Cargo (Alto Hospicio)	78445850-4	Envia Ltda	11	Servicio Standar	76556632-0/78445850-4/11	Postman Cargo (Alto Hospicio)Envia LtdaServicio Standar	SI	13
76556632-0	Postman Cargo (Alto Hospicio)	78293000-1	Global Courier SA	7	Retiro en ruta	76556632-0/78293000-1/7	Postman Cargo (Alto Hospicio)Global Courier SARetiro en ruta	SI	7
76556632-0	Postman Cargo (Alto Hospicio)	78293000-1	Global Courier SA	8	Retornos	76556632-0/78293000-1/8	Postman Cargo (Alto Hospicio)Global Courier SARetornos	SI	7
76556632-0	Postman Cargo (Alto Hospicio)	78293000-1	Global Courier SA	11	Servicio Standar	76556632-0/78293000-1/11	Postman Cargo (Alto Hospicio)Global Courier SAServicio Standar	SI	13
76556632-0	Postman Cargo (Alto Hospicio)	76631490-2	Global Med	11	Servicio Standar	76556632-0/76631490-2/11	Postman Cargo (Alto Hospicio)Global MedServicio Standar	SI	14
76556632-0	Postman Cargo (Alto Hospicio)	90106000-2	Grafica Quilicura	11	Servicio Standar	76556632-0/90106000-2/11	Postman Cargo (Alto Hospicio)Grafica QuilicuraServicio Standar	SI	14
76556632-0	Postman Cargo (Alto Hospicio)	90106000-2	Grafica Quilicura	25	Servicio Standar (R. Carabineros de chile)	76556632-0/90106000-2/25	Postman Cargo (Alto Hospicio)Grafica QuilicuraServicio Standar (R. Carabineros de chile)	SI	14
76556632-0	Postman Cargo (Alto Hospicio)	90106000-2	Grafica Quilicura	26	Servicio Standar (R. Los Heroes)	76556632-0/90106000-2/26	Postman Cargo (Alto Hospicio)Grafica QuilicuraServicio Standar (R. Los Heroes)	SI	14
76556632-0	Postman Cargo (Alto Hospicio)	77861584-3	Habasit	9	Servicio Sameday	76556632-0/77861584-3/9	Postman Cargo (Alto Hospicio)HabasitServicio Sameday	SI	14
76556632-0	Postman Cargo (Alto Hospicio)	77861584-3	Habasit	11	Servicio Standar	76556632-0/77861584-3/11	Postman Cargo (Alto Hospicio)HabasitServicio Standar	SI	14
76556632-0	Postman Cargo (Alto Hospicio)	76072176-K	Hemisferio Norte SA	11	Servicio Standar	76556632-0/76072176-K/11	Postman Cargo (Alto Hospicio)Hemisferio Norte SAServicio Standar	SI	14
76556632-0	Postman Cargo (Alto Hospicio)	76336423-2	Imprenta Babieca	11	Servicio Standar	76556632-0/76336423-2/11	Postman Cargo (Alto Hospicio)Imprenta BabiecaServicio Standar	SI	14
76556632-0	Postman Cargo (Alto Hospicio)	79840580-2	Imprenta Socias Ltda	11	Servicio Standar	76556632-0/79840580-2/11	Postman Cargo (Alto Hospicio)Imprenta Socias LtdaServicio Standar	SI	14
76556632-0	Postman Cargo (Alto Hospicio)	#N/D	La Hora	11	Servicio Standar	#N/D	Postman Cargo (Alto Hospicio)La HoraServicio Standar	SI	14
76556632-0	Postman Cargo (Alto Hospicio)	79500520-K	Maicao	2	Abastecimiento Uniformes	76556632-0/79500520-K/2	Postman Cargo (Alto Hospicio)MaicaoAbastecimiento Uniformes	SI	13
76556632-0	Postman Cargo (Alto Hospicio)	79500520-K	Maicao	3	Catalogo Publicitario	76556632-0/79500520-K/3	Postman Cargo (Alto Hospicio)MaicaoCatalogo Publicitario	SI	13
76556632-0	Postman Cargo (Alto Hospicio)	79500520-K	Maicao	4	Correspondencia diaria	76556632-0/79500520-K/4	Postman Cargo (Alto Hospicio)MaicaoCorrespondencia diaria	SI	13
76556632-0	Postman Cargo (Alto Hospicio)	79500520-K	Maicao	6	Material Publicitario	76556632-0/79500520-K/6	Postman Cargo (Alto Hospicio)MaicaoMaterial Publicitario	SI	13
76556632-0	Postman Cargo (Alto Hospicio)	79500520-K	Maicao	11	Servicio Standar	76556632-0/79500520-K/11	Postman Cargo (Alto Hospicio)MaicaoServicio Standar	SI	13
76556632-0	Postman Cargo (Alto Hospicio)	76057337-K	Nutrabody	16	Servicio Standar (Ecommerce)	76556632-0/76057337-K/16	Postman Cargo (Alto Hospicio)NutrabodyServicio Standar (Ecommerce)	SI	14
76556632-0	Postman Cargo (Alto Hospicio)	76710584-3	Opia Marcketing Spa	11	Servicio Standar	76556632-0/76710584-3/11	Postman Cargo (Alto Hospicio)Opia Marcketing SpaServicio Standar	SI	14
76556632-0	Postman Cargo (Alto Hospicio)	76012833-3	Rendic Hmnos	8	Retornos	76556632-0/76012833-3/8	Postman Cargo (Alto Hospicio)Rendic HmnosRetornos	SI	7
76556632-0	Postman Cargo (Alto Hospicio)	76012833-3	Rendic Hmnos	12	Servicio Standar (Alvi)	76556632-0/76012833-3/12	Postman Cargo (Alto Hospicio)Rendic HmnosServicio Standar (Alvi)	SI	13
76556632-0	Postman Cargo (Alto Hospicio)	76012833-3	Rendic Hmnos	22	Servicio Standar (Of. Central)	76556632-0/76012833-3/22	Postman Cargo (Alto Hospicio)Rendic HmnosServicio Standar (Of. Central)	SI	13
76556632-0	Postman Cargo (Alto Hospicio)	76012833-3	Rendic Hmnos	23	Servicio Standar (Proveedores)	76556632-0/76012833-3/23	Postman Cargo (Alto Hospicio)Rendic HmnosServicio Standar (Proveedores)	SI	13
76556632-0	Postman Cargo (Alto Hospicio)	76012833-3	Rendic Hmnos	32	Servicio Standar (Tecnologia)	76556632-0/76012833-3/32	Postman Cargo (Alto Hospicio)Rendic HmnosServicio Standar (Tecnologia)	SI	13
76556632-0	Postman Cargo (Alto Hospicio)	76012833-3	Rendic Hmnos	34	Servicio Standar (Valijas)	76556632-0/76012833-3/34	Postman Cargo (Alto Hospicio)Rendic HmnosServicio Standar (Valijas)	SI	13
76556632-0	Postman Cargo (Alto Hospicio)	76263819-3	Revesderecho	16	Servicio Standar (Ecommerce)	76556632-0/76263819-3/16	Postman Cargo (Alto Hospicio)RevesderechoServicio Standar (Ecommerce)	SI	5
76556632-0	Postman Cargo (Alto Hospicio)	76263819-3	Revesderecho	21	Servicio Standar (Mayorista)	76556632-0/76263819-3/21	Postman Cargo (Alto Hospicio)RevesderechoServicio Standar (Mayorista)	NO	0
76556632-0	Postman Cargo (Alto Hospicio)	76263819-3	Revesderecho	27	Servicio Standar (R. Tiendas)	76556632-0/76263819-3/27	Postman Cargo (Alto Hospicio)RevesderechoServicio Standar (R. Tiendas)	SI	6
76556632-0	Postman Cargo (Alto Hospicio)	76263819-3	Revesderecho	28	Servicio Standar (Retail)	76556632-0/76263819-3/28	Postman Cargo (Alto Hospicio)RevesderechoServicio Standar (Retail)	SI	6
76556632-0	Postman Cargo (Alto Hospicio)	76263819-3	Revesderecho	29	Servicio Standar (Retorno)	76556632-0/76263819-3/29	Postman Cargo (Alto Hospicio)RevesderechoServicio Standar (Retorno)	NO	0
76556632-0	Postman Cargo (Alto Hospicio)	76263819-3	Revesderecho	30	Servicio Standar (SAC)	76556632-0/76263819-3/30	Postman Cargo (Alto Hospicio)RevesderechoServicio Standar (SAC)	SI	5
76556632-0	Postman Cargo (Alto Hospicio)	#N/D	Solventa	11	Servicio Standar	#N/D	Postman Cargo (Alto Hospicio)SolventaServicio Standar	SI	13
76556632-0	Postman Cargo (Alto Hospicio)	78347433-6	The Planners Group Spa	11	Servicio Standar	76556632-0/78347433-6/11	Postman Cargo (Alto Hospicio)The Planners Group SpaServicio Standar	SI	14
76556632-0	Postman Cargo (Alto Hospicio)	76058647-1	Verisure Spa	8	Retornos	76556632-0/76058647-1/8	Postman Cargo (Alto Hospicio)Verisure SpaRetornos	SI	13
76556632-0	Postman Cargo (Alto Hospicio)	76058647-1	Verisure Spa	11	Servicio Standar	76556632-0/76058647-1/11	Postman Cargo (Alto Hospicio)Verisure SpaServicio Standar	SI	13
76556632-0	Postman Cargo (Alto Hospicio)	76713273-5	(HN Metales) Inversiones Saldivia Spa	11	Servicio Standar	76556632-0/76713273-5/11	Postman Cargo (Alto Hospicio)(HN Metales) Inversiones Saldivia SpaServicio Standar	SI	14
76556632-0	Postman Cargo (Alto Hospicio)	#N/D	(Orquidea) Hilanderia Maisa	16	Servicio Standar (Ecommerce)	#N/D	Postman Cargo (Alto Hospicio)(Orquidea) Hilanderia MaisaServicio Standar (Ecommerce)	SI	14
76556632-0	Postman Cargo (Alto Hospicio)	79647180-8	Comercial Reginella Ltda	16	Servicio Standar (Ecommerce)	76556632-0/79647180-8/16	Postman Cargo (Alto Hospicio)Comercial Reginella LtdaServicio Standar (Ecommerce)	SI	5
76556632-0	Postman Cargo (Alto Hospicio)	78599750-6	InduAmbiente	20	Servicio Standar (Lanzado)	76556632-0/78599750-6/20	Postman Cargo (Alto Hospicio)InduAmbienteServicio Standar (Lanzado)	SI	14
76556632-0	Postman Cargo (Alto Hospicio)	60910000-1	Universidad de chile	11	Servicio Standar	76556632-0/60910000-1/11	Postman Cargo (Alto Hospicio)Universidad de chileServicio Standar	SI	14
76556632-0	Postman Cargo (Alto Hospicio)	77970068-2	Vinilo	11	Servicio Standar	76556632-0/77970068-2/11	Postman Cargo (Alto Hospicio)ViniloServicio Standar	SI	14
76556632-0	Postman Cargo (Iquique)	76288430-5	(Postalchile) Sociedad De Distribucion Y Logistica Postalchile Ltda	15	Servicio Standar (Correspondencia)	76556632-0/76288430-5/15	Postman Cargo (Iquique)(Postalchile) Sociedad De Distribucion Y Logistica Postalchile LtdaServicio Standar (Correspondencia)	SI	11
76556632-0	Postman Cargo (Iquique)	76288430-5	(Postalchile) Sociedad De Distribucion Y Logistica Postalchile Ltda	16	Servicio Standar (Ecommerce)	76556632-0/76288430-5/16	Postman Cargo (Iquique)(Postalchile) Sociedad De Distribucion Y Logistica Postalchile LtdaServicio Standar (Ecommerce)	SI	11
76556632-0	Postman Cargo (Iquique)	76438001-0	(R. Ambiente) Ambiente diseño y Comunicacion Spa	11	Servicio Standar	76556632-0/76438001-0/11	Postman Cargo (Iquique)(R. Ambiente) Ambiente diseño y Comunicacion SpaServicio Standar	SI	15
76556632-0	Postman Cargo (Iquique)	77415130-3	(Ushop) Articulos Publicitarios LW	11	Servicio Standar	76556632-0/77415130-3/11	Postman Cargo (Iquique)(Ushop) Articulos Publicitarios LWServicio Standar	SI	11
76556632-0	Postman Cargo (Iquique)	77415130-3	(Ushop) Articulos Publicitarios LW	18	Servicio Standar (GMPI)	76556632-0/77415130-3/18	Postman Cargo (Iquique)(Ushop) Articulos Publicitarios LWServicio Standar (GMPI)	SI	11
76556632-0	Postman Cargo (Iquique)	77346078-7	4Nortes	1	Abastecimiento de insumos	76556632-0/77346078-7/1	Postman Cargo (Iquique)4NortesAbastecimiento de insumos	SI	10
76556632-0	Postman Cargo (Iquique)	77346078-7	4Nortes	11	Servicio Standar	76556632-0/77346078-7/11	Postman Cargo (Iquique)4NortesServicio Standar	SI	10
76556632-0	Postman Cargo (Iquique)	77346078-7	4Nortes	13	Servicio Standar (Compra Agil)	76556632-0/77346078-7/13	Postman Cargo (Iquique)4NortesServicio Standar (Compra Agil)	SI	11
76556632-0	Postman Cargo (Iquique)	77419350-2	Adhegraf	11	Servicio Standar	76556632-0/77419350-2/11	Postman Cargo (Iquique)AdhegrafServicio Standar	SI	11
76556632-0	Postman Cargo (Iquique)	96830710-k	Aimpresores	11	Servicio Standar	76556632-0/96830710-k/11	Postman Cargo (Iquique)AimpresoresServicio Standar	SI	11
76556632-0	Postman Cargo (Iquique)	96830710-k	Aimpresores	14	Servicio Standar (Condenast)	76556632-0/96830710-k/14	Postman Cargo (Iquique)AimpresoresServicio Standar (Condenast)	SI	11
76556632-0	Postman Cargo (Iquique)	96830710-k	Aimpresores	17	Servicio Standar (Fucoa)	76556632-0/96830710-k/17	Postman Cargo (Iquique)AimpresoresServicio Standar (Fucoa)	SI	11
76556632-0	Postman Cargo (Iquique)	77310592-8	BGB SPA	11	Servicio Standar	76556632-0/77310592-8/11	Postman Cargo (Iquique)BGB SPAServicio Standar	SI	11
76556632-0	Postman Cargo (Iquique)	81826800-9	Cajas Los Andes	8	Retornos	76556632-0/81826800-9/8	Postman Cargo (Iquique)Cajas Los AndesRetornos	SI	7
76556632-0	Postman Cargo (Iquique)	81826800-9	Cajas Los Andes	24	Servicio Standar (Providencia)	76556632-0/81826800-9/24	Postman Cargo (Iquique)Cajas Los AndesServicio Standar (Providencia)	SI	10
76556632-0	Postman Cargo (Iquique)	81826800-9	Cajas Los Andes	31	Servicio Standar (Stgo Alonso)	76556632-0/81826800-9/31	Postman Cargo (Iquique)Cajas Los AndesServicio Standar (Stgo Alonso)	SI	10
76556632-0	Postman Cargo (Iquique)	96950080-9	Chilepost	11	Servicio Standar	76556632-0/96950080-9/11	Postman Cargo (Iquique)ChilepostServicio Standar	SI	11
76556632-0	Postman Cargo (Iquique)	85037900-9	Comercial Peumo Ltda	33	Servicio Standar (V. Trabajadores)	76556632-0/85037900-9/33	Postman Cargo (Iquique)Comercial Peumo LtdaServicio Standar (V. Trabajadores)	REVISAR	0
76556632-0	Postman Cargo (Iquique)	79647180-8	Comercial Reginella Ltda	21	Servicio Standar (Mayorista)	76556632-0/79647180-8/21	Postman Cargo (Iquique)Comercial Reginella LtdaServicio Standar (Mayorista)	SI	6
76556632-0	Postman Cargo (Iquique)	76504464-2	Comercial VLB Ltda	11	Servicio Standar	76556632-0/76504464-2/11	Postman Cargo (Iquique)Comercial VLB LtdaServicio Standar	SI	11
76556632-0	Postman Cargo (Iquique)	96511460-2	Construmart	4	Correspondencia diaria	76556632-0/96511460-2/4	Postman Cargo (Iquique)ConstrumartCorrespondencia diaria	NO	0
76556632-0	Postman Cargo (Iquique)	96511460-2	Construmart	11	Servicio Standar	76556632-0/96511460-2/11	Postman Cargo (Iquique)ConstrumartServicio Standar	SI	10
76556632-0	Postman Cargo (Iquique)	89807200-2	Cruz Verde	3	Catalogo Publicitario	76556632-0/89807200-2/3	Postman Cargo (Iquique)Cruz VerdeCatalogo Publicitario	SI	10
76556632-0	Postman Cargo (Iquique)	89807200-2	Cruz Verde	5	Correspondencia diaria (Valijas)	76556632-0/89807200-2/5	Postman Cargo (Iquique)Cruz VerdeCorrespondencia diaria (Valijas)	NO	0
76556632-0	Postman Cargo (Iquique)	89807200-2	Cruz Verde	6	Material Publicitario	76556632-0/89807200-2/6	Postman Cargo (Iquique)Cruz VerdeMaterial Publicitario	SI	10
76556632-0	Postman Cargo (Iquique)	89807200-2	Cruz Verde	7	Retiro en ruta	76556632-0/89807200-2/7	Postman Cargo (Iquique)Cruz VerdeRetiro en ruta	SI	7
76556632-0	Postman Cargo (Iquique)	89807200-2	Cruz Verde	11	Servicio Standar	76556632-0/89807200-2/11	Postman Cargo (Iquique)Cruz VerdeServicio Standar	SI	10
76556632-0	Postman Cargo (Iquique)	89807200-2	Cruz Verde	19	Servicio Standar (Kit de ingreso)	76556632-0/89807200-2/19	Postman Cargo (Iquique)Cruz VerdeServicio Standar (Kit de ingreso)	SI	10
76556632-0	Postman Cargo (Iquique)	#N/D	Diario el Sur	11	Servicio Standar	#N/D	Postman Cargo (Iquique)Diario el SurServicio Standar	SI	11
76556632-0	Postman Cargo (Iquique)	#N/D	Disalcar	11	Servicio Standar	#N/D	Postman Cargo (Iquique)DisalcarServicio Standar	SI	11
76556632-0	Postman Cargo (Iquique)	78064534-2	Drop	11	Servicio Standar	76556632-0/78064534-2/11	Postman Cargo (Iquique)DropServicio Standar	SI	11
76556632-0	Postman Cargo (Iquique)	77907823-K	Ecopaños y Huaipes SPA	11	Servicio Standar	76556632-0/77907823-K/11	Postman Cargo (Iquique)Ecopaños y Huaipes SPAServicio Standar	SI	11
76556632-0	Postman Cargo (Iquique)	76377752-9	Ediciones Issue Spa	20	Servicio Standar (Lanzado)	76556632-0/76377752-9/20	Postman Cargo (Iquique)Ediciones Issue SpaServicio Standar (Lanzado)	SI	11
76556632-0	Postman Cargo (Iquique)	78445850-4	Envia Ltda	11	Servicio Standar	76556632-0/78445850-4/11	Postman Cargo (Iquique)Envia LtdaServicio Standar	SI	10
76556632-0	Postman Cargo (Iquique)	78293000-1	Global Courier SA	7	Retiro en ruta	76556632-0/78293000-1/7	Postman Cargo (Iquique)Global Courier SARetiro en ruta	SI	7
76556632-0	Postman Cargo (Iquique)	78293000-1	Global Courier SA	8	Retornos	76556632-0/78293000-1/8	Postman Cargo (Iquique)Global Courier SARetornos	SI	7
76556632-0	Postman Cargo (Iquique)	78293000-1	Global Courier SA	11	Servicio Standar	76556632-0/78293000-1/11	Postman Cargo (Iquique)Global Courier SAServicio Standar	SI	10
76556632-0	Postman Cargo (Iquique)	76631490-2	Global Med	11	Servicio Standar	76556632-0/76631490-2/11	Postman Cargo (Iquique)Global MedServicio Standar	SI	11
76556632-0	Postman Cargo (Iquique)	90106000-2	Grafica Quilicura	11	Servicio Standar	76556632-0/90106000-2/11	Postman Cargo (Iquique)Grafica QuilicuraServicio Standar	SI	11
76556632-0	Postman Cargo (Iquique)	90106000-2	Grafica Quilicura	25	Servicio Standar (R. Carabineros de chile)	76556632-0/90106000-2/25	Postman Cargo (Iquique)Grafica QuilicuraServicio Standar (R. Carabineros de chile)	SI	11
76556632-0	Postman Cargo (Iquique)	90106000-2	Grafica Quilicura	26	Servicio Standar (R. Los Heroes)	76556632-0/90106000-2/26	Postman Cargo (Iquique)Grafica QuilicuraServicio Standar (R. Los Heroes)	SI	11
76556632-0	Postman Cargo (Iquique)	77861584-3	Habasit	9	Servicio Sameday	76556632-0/77861584-3/9	Postman Cargo (Iquique)HabasitServicio Sameday	SI	11
76556632-0	Postman Cargo (Iquique)	77861584-3	Habasit	11	Servicio Standar	76556632-0/77861584-3/11	Postman Cargo (Iquique)HabasitServicio Standar	SI	11
76556632-0	Postman Cargo (Iquique)	76072176-K	Hemisferio Norte SA	11	Servicio Standar	76556632-0/76072176-K/11	Postman Cargo (Iquique)Hemisferio Norte SAServicio Standar	SI	11
76556632-0	Postman Cargo (Iquique)	76336423-2	Imprenta Babieca	11	Servicio Standar	76556632-0/76336423-2/11	Postman Cargo (Iquique)Imprenta BabiecaServicio Standar	SI	11
76556632-0	Postman Cargo (Iquique)	79840580-2	Imprenta Socias Ltda	11	Servicio Standar	76556632-0/79840580-2/11	Postman Cargo (Iquique)Imprenta Socias LtdaServicio Standar	SI	11
76556632-0	Postman Cargo (Iquique)	#N/D	La Hora	11	Servicio Standar	#N/D	Postman Cargo (Iquique)La HoraServicio Standar	SI	11
76556632-0	Postman Cargo (Iquique)	79500520-K	Maicao	2	Abastecimiento Uniformes	76556632-0/79500520-K/2	Postman Cargo (Iquique)MaicaoAbastecimiento Uniformes	SI	10
76556632-0	Postman Cargo (Iquique)	79500520-K	Maicao	3	Catalogo Publicitario	76556632-0/79500520-K/3	Postman Cargo (Iquique)MaicaoCatalogo Publicitario	SI	10
76556632-0	Postman Cargo (Iquique)	79500520-K	Maicao	4	Correspondencia diaria	76556632-0/79500520-K/4	Postman Cargo (Iquique)MaicaoCorrespondencia diaria	NO	0
76556632-0	Postman Cargo (Iquique)	79500520-K	Maicao	6	Material Publicitario	76556632-0/79500520-K/6	Postman Cargo (Iquique)MaicaoMaterial Publicitario	SI	10
76556632-0	Postman Cargo (Iquique)	79500520-K	Maicao	11	Servicio Standar	76556632-0/79500520-K/11	Postman Cargo (Iquique)MaicaoServicio Standar	SI	10
76556632-0	Postman Cargo (Iquique)	76057337-K	Nutrabody	16	Servicio Standar (Ecommerce)	76556632-0/76057337-K/16	Postman Cargo (Iquique)NutrabodyServicio Standar (Ecommerce)	SI	10
76556632-0	Postman Cargo (Iquique)	76710584-3	Opia Marcketing Spa	11	Servicio Standar	76556632-0/76710584-3/11	Postman Cargo (Iquique)Opia Marcketing SpaServicio Standar	SI	11
76556632-0	Postman Cargo (Iquique)	76012833-3	Rendic Hmnos	8	Retornos	76556632-0/76012833-3/8	Postman Cargo (Iquique)Rendic HmnosRetornos	SI	7
76556632-0	Postman Cargo (Iquique)	76012833-3	Rendic Hmnos	12	Servicio Standar (Alvi)	76556632-0/76012833-3/12	Postman Cargo (Iquique)Rendic HmnosServicio Standar (Alvi)	SI	10
76556632-0	Postman Cargo (Iquique)	76012833-3	Rendic Hmnos	22	Servicio Standar (Of. Central)	76556632-0/76012833-3/22	Postman Cargo (Iquique)Rendic HmnosServicio Standar (Of. Central)	SI	10
76556632-0	Postman Cargo (Iquique)	76012833-3	Rendic Hmnos	23	Servicio Standar (Proveedores)	76556632-0/76012833-3/23	Postman Cargo (Iquique)Rendic HmnosServicio Standar (Proveedores)	SI	10
76556632-0	Postman Cargo (Iquique)	76012833-3	Rendic Hmnos	32	Servicio Standar (Tecnologia)	76556632-0/76012833-3/32	Postman Cargo (Iquique)Rendic HmnosServicio Standar (Tecnologia)	SI	10
76556632-0	Postman Cargo (Iquique)	76012833-3	Rendic Hmnos	34	Servicio Standar (Valijas)	76556632-0/76012833-3/34	Postman Cargo (Iquique)Rendic HmnosServicio Standar (Valijas)	NO	0
76556632-0	Postman Cargo (Iquique)	76263819-3	Revesderecho	16	Servicio Standar (Ecommerce)	76556632-0/76263819-3/16	Postman Cargo (Iquique)RevesderechoServicio Standar (Ecommerce)	SI	5
76556632-0	Postman Cargo (Iquique)	76263819-3	Revesderecho	21	Servicio Standar (Mayorista)	76556632-0/76263819-3/21	Postman Cargo (Iquique)RevesderechoServicio Standar (Mayorista)	NO	0
76556632-0	Postman Cargo (Iquique)	76263819-3	Revesderecho	27	Servicio Standar (R. Tiendas)	76556632-0/76263819-3/27	Postman Cargo (Iquique)RevesderechoServicio Standar (R. Tiendas)	SI	6
76556632-0	Postman Cargo (Iquique)	76263819-3	Revesderecho	28	Servicio Standar (Retail)	76556632-0/76263819-3/28	Postman Cargo (Iquique)RevesderechoServicio Standar (Retail)	SI	6
76556632-0	Postman Cargo (Iquique)	76263819-3	Revesderecho	29	Servicio Standar (Retorno)	76556632-0/76263819-3/29	Postman Cargo (Iquique)RevesderechoServicio Standar (Retorno)	NO	0
76556632-0	Postman Cargo (Iquique)	76263819-3	Revesderecho	30	Servicio Standar (SAC)	76556632-0/76263819-3/30	Postman Cargo (Iquique)RevesderechoServicio Standar (SAC)	SI	5
76556632-0	Postman Cargo (Iquique)	#N/D	Solventa	11	Servicio Standar	#N/D	Postman Cargo (Iquique)SolventaServicio Standar	SI	10
76556632-0	Postman Cargo (Iquique)	78347433-6	The Planners Group Spa	11	Servicio Standar	76556632-0/78347433-6/11	Postman Cargo (Iquique)The Planners Group SpaServicio Standar	SI	11
76556632-0	Postman Cargo (Iquique)	76058647-1	Verisure Spa	8	Retornos	76556632-0/76058647-1/8	Postman Cargo (Iquique)Verisure SpaRetornos	SI	7
76556632-0	Postman Cargo (Iquique)	76058647-1	Verisure Spa	11	Servicio Standar	76556632-0/76058647-1/11	Postman Cargo (Iquique)Verisure SpaServicio Standar	SI	10
76556632-0	Postman Cargo (Iquique)	76713273-5	(HN Metales) Inversiones Saldivia Spa	11	Servicio Standar	76556632-0/76713273-5/11	Postman Cargo (Iquique)(HN Metales) Inversiones Saldivia SpaServicio Standar	SI	11
76556632-0	Postman Cargo (Iquique)	#N/D	(Orquidea) Hilanderia Maisa	16	Servicio Standar (Ecommerce)	#N/D	Postman Cargo (Iquique)(Orquidea) Hilanderia MaisaServicio Standar (Ecommerce)	SI	11
76556632-0	Postman Cargo (Iquique)	79647180-8	Comercial Reginella Ltda	16	Servicio Standar (Ecommerce)	76556632-0/79647180-8/16	Postman Cargo (Iquique)Comercial Reginella LtdaServicio Standar (Ecommerce)	SI	5
76556632-0	Postman Cargo (Iquique)	78599750-6	InduAmbiente	20	Servicio Standar (Lanzado)	76556632-0/78599750-6/20	Postman Cargo (Iquique)InduAmbienteServicio Standar (Lanzado)	SI	11
76556632-0	Postman Cargo (Iquique)	60910000-1	Universidad de chile	11	Servicio Standar	76556632-0/60910000-1/11	Postman Cargo (Iquique)Universidad de chileServicio Standar	SI	11
76556632-0	Postman Cargo (Iquique)	77970068-2	Vinilo	11	Servicio Standar	76556632-0/77970068-2/11	Postman Cargo (Iquique)ViniloServicio Standar	SI	11
13013180-8	Victor Robledo (Calama)	76288430-5	(Postalchile) Sociedad De Distribucion Y Logistica Postalchile Ltda	15	Servicio Standar (Correspondencia)	13013180-8/76288430-5/15	Victor Robledo (Calama)(Postalchile) Sociedad De Distribucion Y Logistica Postalchile LtdaServicio Standar (Correspondencia)	SI	10
13013180-8	Victor Robledo (Calama)	76288430-5	(Postalchile) Sociedad De Distribucion Y Logistica Postalchile Ltda	16	Servicio Standar (Ecommerce)	13013180-8/76288430-5/16	Victor Robledo (Calama)(Postalchile) Sociedad De Distribucion Y Logistica Postalchile LtdaServicio Standar (Ecommerce)	SI	11
13013180-8	Victor Robledo (Calama)	76438001-0	(R. Ambiente) Ambiente diseño y Comunicacion Spa	11	Servicio Standar	13013180-8/76438001-0/11	Victor Robledo (Calama)(R. Ambiente) Ambiente diseño y Comunicacion SpaServicio Standar	SI	15
13013180-8	Victor Robledo (Calama)	77415130-3	(Ushop) Articulos Publicitarios LW	11	Servicio Standar	13013180-8/77415130-3/11	Victor Robledo (Calama)(Ushop) Articulos Publicitarios LWServicio Standar	SI	11
13013180-8	Victor Robledo (Calama)	77415130-3	(Ushop) Articulos Publicitarios LW	18	Servicio Standar (GMPI)	13013180-8/77415130-3/18	Victor Robledo (Calama)(Ushop) Articulos Publicitarios LWServicio Standar (GMPI)	SI	11
13013180-8	Victor Robledo (Calama)	77346078-7	4Nortes	1	Abastecimiento de insumos	13013180-8/77346078-7/1	Victor Robledo (Calama)4NortesAbastecimiento de insumos	SI	10
13013180-8	Victor Robledo (Calama)	77346078-7	4Nortes	11	Servicio Standar	13013180-8/77346078-7/11	Victor Robledo (Calama)4NortesServicio Standar	SI	10
13013180-8	Victor Robledo (Calama)	77346078-7	4Nortes	13	Servicio Standar (Compra Agil)	13013180-8/77346078-7/13	Victor Robledo (Calama)4NortesServicio Standar (Compra Agil)	SI	11
13013180-8	Victor Robledo (Calama)	77419350-2	Adhegraf	11	Servicio Standar	13013180-8/77419350-2/11	Victor Robledo (Calama)AdhegrafServicio Standar	SI	11
13013180-8	Victor Robledo (Calama)	96830710-k	Aimpresores	11	Servicio Standar	13013180-8/96830710-k/11	Victor Robledo (Calama)AimpresoresServicio Standar	SI	11
13013180-8	Victor Robledo (Calama)	96830710-k	Aimpresores	14	Servicio Standar (Condenast)	13013180-8/96830710-k/14	Victor Robledo (Calama)AimpresoresServicio Standar (Condenast)	SI	11
13013180-8	Victor Robledo (Calama)	96830710-k	Aimpresores	17	Servicio Standar (Fucoa)	13013180-8/96830710-k/17	Victor Robledo (Calama)AimpresoresServicio Standar (Fucoa)	SI	10
13013180-8	Victor Robledo (Calama)	77310592-8	BGB SPA	11	Servicio Standar	13013180-8/77310592-8/11	Victor Robledo (Calama)BGB SPAServicio Standar	SI	11
13013180-8	Victor Robledo (Calama)	81826800-9	Cajas Los Andes	8	Retornos	13013180-8/81826800-9/8	Victor Robledo (Calama)Cajas Los AndesRetornos	NO	0
13013180-8	Victor Robledo (Calama)	81826800-9	Cajas Los Andes	24	Servicio Standar (Providencia)	13013180-8/81826800-9/24	Victor Robledo (Calama)Cajas Los AndesServicio Standar (Providencia)	SI	10
13013180-8	Victor Robledo (Calama)	81826800-9	Cajas Los Andes	31	Servicio Standar (Stgo Alonso)	13013180-8/81826800-9/31	Victor Robledo (Calama)Cajas Los AndesServicio Standar (Stgo Alonso)	SI	10
13013180-8	Victor Robledo (Calama)	96950080-9	Chilepost	11	Servicio Standar	13013180-8/96950080-9/11	Victor Robledo (Calama)ChilepostServicio Standar	SI	10
13013180-8	Victor Robledo (Calama)	85037900-9	Comercial Peumo Ltda	33	Servicio Standar (V. Trabajadores)	13013180-8/85037900-9/33	Victor Robledo (Calama)Comercial Peumo LtdaServicio Standar (V. Trabajadores)	REVISAR	0
13013180-8	Victor Robledo (Calama)	79647180-8	Comercial Reginella Ltda	21	Servicio Standar (Mayorista)	13013180-8/79647180-8/21	Victor Robledo (Calama)Comercial Reginella LtdaServicio Standar (Mayorista)	SI	6
13013180-8	Victor Robledo (Calama)	76504464-2	Comercial VLB Ltda	11	Servicio Standar	13013180-8/76504464-2/11	Victor Robledo (Calama)Comercial VLB LtdaServicio Standar	SI	11
13013180-8	Victor Robledo (Calama)	96511460-2	Construmart	4	Correspondencia diaria	13013180-8/96511460-2/4	Victor Robledo (Calama)ConstrumartCorrespondencia diaria	NO	0
13013180-8	Victor Robledo (Calama)	96511460-2	Construmart	11	Servicio Standar	13013180-8/96511460-2/11	Victor Robledo (Calama)ConstrumartServicio Standar	NO	2
13013180-8	Victor Robledo (Calama)	89807200-2	Cruz Verde	3	Catalogo Publicitario	13013180-8/89807200-2/3	Victor Robledo (Calama)Cruz VerdeCatalogo Publicitario	SI	10
13013180-8	Victor Robledo (Calama)	89807200-2	Cruz Verde	5	Correspondencia diaria (Valijas)	13013180-8/89807200-2/5	Victor Robledo (Calama)Cruz VerdeCorrespondencia diaria (Valijas)	NO	0
13013180-8	Victor Robledo (Calama)	89807200-2	Cruz Verde	6	Material Publicitario	13013180-8/89807200-2/6	Victor Robledo (Calama)Cruz VerdeMaterial Publicitario	SI	10
13013180-8	Victor Robledo (Calama)	89807200-2	Cruz Verde	7	Retiro en ruta	13013180-8/89807200-2/7	Victor Robledo (Calama)Cruz VerdeRetiro en ruta	SI	10
13013180-8	Victor Robledo (Calama)	89807200-2	Cruz Verde	11	Servicio Standar	13013180-8/89807200-2/11	Victor Robledo (Calama)Cruz VerdeServicio Standar	SI	10
13013180-8	Victor Robledo (Calama)	89807200-2	Cruz Verde	19	Servicio Standar (Kit de ingreso)	13013180-8/89807200-2/19	Victor Robledo (Calama)Cruz VerdeServicio Standar (Kit de ingreso)	SI	10
13013180-8	Victor Robledo (Calama)	#N/D	Diario el Sur	11	Servicio Standar	#N/D	Victor Robledo (Calama)Diario el SurServicio Standar	SI	11
13013180-8	Victor Robledo (Calama)	#N/D	Disalcar	11	Servicio Standar	#N/D	Victor Robledo (Calama)DisalcarServicio Standar	SI	10
13013180-8	Victor Robledo (Calama)	78064534-2	Drop	11	Servicio Standar	13013180-8/78064534-2/11	Victor Robledo (Calama)DropServicio Standar	SI	11
13013180-8	Victor Robledo (Calama)	77907823-K	Ecopaños y Huaipes SPA	11	Servicio Standar	13013180-8/77907823-K/11	Victor Robledo (Calama)Ecopaños y Huaipes SPAServicio Standar	SI	11
13013180-8	Victor Robledo (Calama)	76377752-9	Ediciones Issue Spa	20	Servicio Standar (Lanzado)	13013180-8/76377752-9/20	Victor Robledo (Calama)Ediciones Issue SpaServicio Standar (Lanzado)	SI	11
13013180-8	Victor Robledo (Calama)	78445850-4	Envia Ltda	11	Servicio Standar	13013180-8/78445850-4/11	Victor Robledo (Calama)Envia LtdaServicio Standar	SI	10
13013180-8	Victor Robledo (Calama)	78293000-1	Global Courier SA	7	Retiro en ruta	13013180-8/78293000-1/7	Victor Robledo (Calama)Global Courier SARetiro en ruta	SI	10
13013180-8	Victor Robledo (Calama)	78293000-1	Global Courier SA	8	Retornos	13013180-8/78293000-1/8	Victor Robledo (Calama)Global Courier SARetornos	NO	0
13013180-8	Victor Robledo (Calama)	78293000-1	Global Courier SA	11	Servicio Standar	13013180-8/78293000-1/11	Victor Robledo (Calama)Global Courier SAServicio Standar	SI	10
13013180-8	Victor Robledo (Calama)	76631490-2	Global Med	11	Servicio Standar	13013180-8/76631490-2/11	Victor Robledo (Calama)Global MedServicio Standar	SI	11
13013180-8	Victor Robledo (Calama)	90106000-2	Grafica Quilicura	11	Servicio Standar	13013180-8/90106000-2/11	Victor Robledo (Calama)Grafica QuilicuraServicio Standar	SI	11
13013180-8	Victor Robledo (Calama)	90106000-2	Grafica Quilicura	25	Servicio Standar (R. Carabineros de chile)	13013180-8/90106000-2/25	Victor Robledo (Calama)Grafica QuilicuraServicio Standar (R. Carabineros de chile)	SI	10
13013180-8	Victor Robledo (Calama)	90106000-2	Grafica Quilicura	26	Servicio Standar (R. Los Heroes)	13013180-8/90106000-2/26	Victor Robledo (Calama)Grafica QuilicuraServicio Standar (R. Los Heroes)	SI	10
13013180-8	Victor Robledo (Calama)	77861584-3	Habasit	9	Servicio Sameday	13013180-8/77861584-3/9	Victor Robledo (Calama)HabasitServicio Sameday	SI	11
13013180-8	Victor Robledo (Calama)	77861584-3	Habasit	11	Servicio Standar	13013180-8/77861584-3/11	Victor Robledo (Calama)HabasitServicio Standar	SI	11
13013180-8	Victor Robledo (Calama)	76072176-K	Hemisferio Norte SA	11	Servicio Standar	13013180-8/76072176-K/11	Victor Robledo (Calama)Hemisferio Norte SAServicio Standar	SI	11
13013180-8	Victor Robledo (Calama)	76336423-2	Imprenta Babieca	11	Servicio Standar	13013180-8/76336423-2/11	Victor Robledo (Calama)Imprenta BabiecaServicio Standar	SI	11
13013180-8	Victor Robledo (Calama)	79840580-2	Imprenta Socias Ltda	11	Servicio Standar	13013180-8/79840580-2/11	Victor Robledo (Calama)Imprenta Socias LtdaServicio Standar	SI	10
13013180-8	Victor Robledo (Calama)	#N/D	La Hora	11	Servicio Standar	#N/D	Victor Robledo (Calama)La HoraServicio Standar	SI	11
13013180-8	Victor Robledo (Calama)	79500520-K	Maicao	2	Abastecimiento Uniformes	13013180-8/79500520-K/2	Victor Robledo (Calama)MaicaoAbastecimiento Uniformes	SI	10
13013180-8	Victor Robledo (Calama)	79500520-K	Maicao	3	Catalogo Publicitario	13013180-8/79500520-K/3	Victor Robledo (Calama)MaicaoCatalogo Publicitario	SI	10
13013180-8	Victor Robledo (Calama)	79500520-K	Maicao	4	Correspondencia diaria	13013180-8/79500520-K/4	Victor Robledo (Calama)MaicaoCorrespondencia diaria	NO	0
13013180-8	Victor Robledo (Calama)	79500520-K	Maicao	6	Material Publicitario	13013180-8/79500520-K/6	Victor Robledo (Calama)MaicaoMaterial Publicitario	SI	10
13013180-8	Victor Robledo (Calama)	79500520-K	Maicao	11	Servicio Standar	13013180-8/79500520-K/11	Victor Robledo (Calama)MaicaoServicio Standar	SI	10
13013180-8	Victor Robledo (Calama)	76057337-K	Nutrabody	16	Servicio Standar (Ecommerce)	13013180-8/76057337-K/16	Victor Robledo (Calama)NutrabodyServicio Standar (Ecommerce)	SI	11
13013180-8	Victor Robledo (Calama)	76710584-3	Opia Marcketing Spa	11	Servicio Standar	13013180-8/76710584-3/11	Victor Robledo (Calama)Opia Marcketing SpaServicio Standar	SI	11
13013180-8	Victor Robledo (Calama)	76012833-3	Rendic Hmnos	8	Retornos	13013180-8/76012833-3/8	Victor Robledo (Calama)Rendic HmnosRetornos	NO	0
13013180-8	Victor Robledo (Calama)	76012833-3	Rendic Hmnos	12	Servicio Standar (Alvi)	13013180-8/76012833-3/12	Victor Robledo (Calama)Rendic HmnosServicio Standar (Alvi)	SI	10
13013180-8	Victor Robledo (Calama)	76012833-3	Rendic Hmnos	22	Servicio Standar (Of. Central)	13013180-8/76012833-3/22	Victor Robledo (Calama)Rendic HmnosServicio Standar (Of. Central)	SI	10
13013180-8	Victor Robledo (Calama)	76012833-3	Rendic Hmnos	23	Servicio Standar (Proveedores)	13013180-8/76012833-3/23	Victor Robledo (Calama)Rendic HmnosServicio Standar (Proveedores)	SI	10
13013180-8	Victor Robledo (Calama)	76012833-3	Rendic Hmnos	32	Servicio Standar (Tecnologia)	13013180-8/76012833-3/32	Victor Robledo (Calama)Rendic HmnosServicio Standar (Tecnologia)	SI	10
13013180-8	Victor Robledo (Calama)	76012833-3	Rendic Hmnos	34	Servicio Standar (Valijas)	13013180-8/76012833-3/34	Victor Robledo (Calama)Rendic HmnosServicio Standar (Valijas)	NO	2
13013180-8	Victor Robledo (Calama)	76263819-3	Revesderecho	16	Servicio Standar (Ecommerce)	13013180-8/76263819-3/16	Victor Robledo (Calama)RevesderechoServicio Standar (Ecommerce)	SI	5
13013180-8	Victor Robledo (Calama)	76263819-3	Revesderecho	21	Servicio Standar (Mayorista)	13013180-8/76263819-3/21	Victor Robledo (Calama)RevesderechoServicio Standar (Mayorista)	NO	0
13013180-8	Victor Robledo (Calama)	76263819-3	Revesderecho	27	Servicio Standar (R. Tiendas)	13013180-8/76263819-3/27	Victor Robledo (Calama)RevesderechoServicio Standar (R. Tiendas)	SI	6
13013180-8	Victor Robledo (Calama)	76263819-3	Revesderecho	28	Servicio Standar (Retail)	13013180-8/76263819-3/28	Victor Robledo (Calama)RevesderechoServicio Standar (Retail)	SI	6
13013180-8	Victor Robledo (Calama)	76263819-3	Revesderecho	29	Servicio Standar (Retorno)	13013180-8/76263819-3/29	Victor Robledo (Calama)RevesderechoServicio Standar (Retorno)	NO	0
13013180-8	Victor Robledo (Calama)	76263819-3	Revesderecho	30	Servicio Standar (SAC)	13013180-8/76263819-3/30	Victor Robledo (Calama)RevesderechoServicio Standar (SAC)	SI	5
13013180-8	Victor Robledo (Calama)	#N/D	Solventa	11	Servicio Standar	#N/D	Victor Robledo (Calama)SolventaServicio Standar	SI	10
13013180-8	Victor Robledo (Calama)	78347433-6	The Planners Group Spa	11	Servicio Standar	13013180-8/78347433-6/11	Victor Robledo (Calama)The Planners Group SpaServicio Standar	SI	11
13013180-8	Victor Robledo (Calama)	76058647-1	Verisure Spa	8	Retornos	13013180-8/76058647-1/8	Victor Robledo (Calama)Verisure SpaRetornos	NO	0
13013180-8	Victor Robledo (Calama)	76058647-1	Verisure Spa	11	Servicio Standar	13013180-8/76058647-1/11	Victor Robledo (Calama)Verisure SpaServicio Standar	SI	10
13013180-8	Victor Robledo (Calama)	76713273-5	(HN Metales) Inversiones Saldivia Spa	11	Servicio Standar	13013180-8/76713273-5/11	Victor Robledo (Calama)(HN Metales) Inversiones Saldivia SpaServicio Standar	SI	11
13013180-8	Victor Robledo (Calama)	#N/D	(Orquidea) Hilanderia Maisa	16	Servicio Standar (Ecommerce)	#N/D	Victor Robledo (Calama)(Orquidea) Hilanderia MaisaServicio Standar (Ecommerce)	SI	11
13013180-8	Victor Robledo (Calama)	79647180-8	Comercial Reginella Ltda	16	Servicio Standar (Ecommerce)	13013180-8/79647180-8/16	Victor Robledo (Calama)Comercial Reginella LtdaServicio Standar (Ecommerce)	SI	5
13013180-8	Victor Robledo (Calama)	78599750-6	InduAmbiente	20	Servicio Standar (Lanzado)	13013180-8/78599750-6/20	Victor Robledo (Calama)InduAmbienteServicio Standar (Lanzado)	SI	11
13013180-8	Victor Robledo (Calama)	60910000-1	Universidad de chile	11	Servicio Standar	13013180-8/60910000-1/11	Victor Robledo (Calama)Universidad de chileServicio Standar	SI	11
13013180-8	Victor Robledo (Calama)	77970068-2	Vinilo	11	Servicio Standar	13013180-8/77970068-2/11	Victor Robledo (Calama)ViniloServicio Standar	SI	11
11942383-K	Jose Caneo (Ovalle)	76288430-5	(Postalchile) Sociedad De Distribucion Y Logistica Postalchile Ltda	15	Servicio Standar (Correspondencia)	11942383-K/76288430-5/15	Jose Caneo (Ovalle)(Postalchile) Sociedad De Distribucion Y Logistica Postalchile LtdaServicio Standar (Correspondencia)	SI	10
11942383-K	Jose Caneo (Ovalle)	76288430-5	(Postalchile) Sociedad De Distribucion Y Logistica Postalchile Ltda	16	Servicio Standar (Ecommerce)	11942383-K/76288430-5/16	Jose Caneo (Ovalle)(Postalchile) Sociedad De Distribucion Y Logistica Postalchile LtdaServicio Standar (Ecommerce)	SI	11
11942383-K	Jose Caneo (Ovalle)	76438001-0	(R. Ambiente) Ambiente diseño y Comunicacion Spa	11	Servicio Standar	11942383-K/76438001-0/11	Jose Caneo (Ovalle)(R. Ambiente) Ambiente diseño y Comunicacion SpaServicio Standar	SI	15
11942383-K	Jose Caneo (Ovalle)	77415130-3	(Ushop) Articulos Publicitarios LW	11	Servicio Standar	11942383-K/77415130-3/11	Jose Caneo (Ovalle)(Ushop) Articulos Publicitarios LWServicio Standar	SI	11
11942383-K	Jose Caneo (Ovalle)	77415130-3	(Ushop) Articulos Publicitarios LW	18	Servicio Standar (GMPI)	11942383-K/77415130-3/18	Jose Caneo (Ovalle)(Ushop) Articulos Publicitarios LWServicio Standar (GMPI)	SI	11
11942383-K	Jose Caneo (Ovalle)	77346078-7	4Nortes	1	Abastecimiento de insumos	11942383-K/77346078-7/1	Jose Caneo (Ovalle)4NortesAbastecimiento de insumos	SI	10
11942383-K	Jose Caneo (Ovalle)	77346078-7	4Nortes	11	Servicio Standar	11942383-K/77346078-7/11	Jose Caneo (Ovalle)4NortesServicio Standar	SI	10
11942383-K	Jose Caneo (Ovalle)	77346078-7	4Nortes	13	Servicio Standar (Compra Agil)	11942383-K/77346078-7/13	Jose Caneo (Ovalle)4NortesServicio Standar (Compra Agil)	SI	11
11942383-K	Jose Caneo (Ovalle)	77419350-2	Adhegraf	11	Servicio Standar	11942383-K/77419350-2/11	Jose Caneo (Ovalle)AdhegrafServicio Standar	SI	11
11942383-K	Jose Caneo (Ovalle)	96830710-k	Aimpresores	11	Servicio Standar	11942383-K/96830710-k/11	Jose Caneo (Ovalle)AimpresoresServicio Standar	SI	11
11942383-K	Jose Caneo (Ovalle)	96830710-k	Aimpresores	14	Servicio Standar (Condenast)	11942383-K/96830710-k/14	Jose Caneo (Ovalle)AimpresoresServicio Standar (Condenast)	SI	11
11942383-K	Jose Caneo (Ovalle)	96830710-k	Aimpresores	17	Servicio Standar (Fucoa)	11942383-K/96830710-k/17	Jose Caneo (Ovalle)AimpresoresServicio Standar (Fucoa)	SI	10
11942383-K	Jose Caneo (Ovalle)	77310592-8	BGB SPA	11	Servicio Standar	11942383-K/77310592-8/11	Jose Caneo (Ovalle)BGB SPAServicio Standar	SI	11
11942383-K	Jose Caneo (Ovalle)	81826800-9	Cajas Los Andes	8	Retornos	11942383-K/81826800-9/8	Jose Caneo (Ovalle)Cajas Los AndesRetornos	NO	0
11942383-K	Jose Caneo (Ovalle)	81826800-9	Cajas Los Andes	24	Servicio Standar (Providencia)	11942383-K/81826800-9/24	Jose Caneo (Ovalle)Cajas Los AndesServicio Standar (Providencia)	SI	10
11942383-K	Jose Caneo (Ovalle)	81826800-9	Cajas Los Andes	31	Servicio Standar (Stgo Alonso)	11942383-K/81826800-9/31	Jose Caneo (Ovalle)Cajas Los AndesServicio Standar (Stgo Alonso)	SI	10
11942383-K	Jose Caneo (Ovalle)	96950080-9	Chilepost	11	Servicio Standar	11942383-K/96950080-9/11	Jose Caneo (Ovalle)ChilepostServicio Standar	SI	10
11942383-K	Jose Caneo (Ovalle)	85037900-9	Comercial Peumo Ltda	33	Servicio Standar (V. Trabajadores)	11942383-K/85037900-9/33	Jose Caneo (Ovalle)Comercial Peumo LtdaServicio Standar (V. Trabajadores)	REVISAR	0
11942383-K	Jose Caneo (Ovalle)	79647180-8	Comercial Reginella Ltda	21	Servicio Standar (Mayorista)	11942383-K/79647180-8/21	Jose Caneo (Ovalle)Comercial Reginella LtdaServicio Standar (Mayorista)	SI	6
11942383-K	Jose Caneo (Ovalle)	76504464-2	Comercial VLB Ltda	11	Servicio Standar	11942383-K/76504464-2/11	Jose Caneo (Ovalle)Comercial VLB LtdaServicio Standar	SI	11
11942383-K	Jose Caneo (Ovalle)	96511460-2	Construmart	4	Correspondencia diaria	11942383-K/96511460-2/4	Jose Caneo (Ovalle)ConstrumartCorrespondencia diaria	NO	0
11942383-K	Jose Caneo (Ovalle)	96511460-2	Construmart	11	Servicio Standar	11942383-K/96511460-2/11	Jose Caneo (Ovalle)ConstrumartServicio Standar	NO	4
11942383-K	Jose Caneo (Ovalle)	89807200-2	Cruz Verde	3	Catalogo Publicitario	11942383-K/89807200-2/3	Jose Caneo (Ovalle)Cruz VerdeCatalogo Publicitario	SI	10
11942383-K	Jose Caneo (Ovalle)	89807200-2	Cruz Verde	5	Correspondencia diaria (Valijas)	11942383-K/89807200-2/5	Jose Caneo (Ovalle)Cruz VerdeCorrespondencia diaria (Valijas)	NO	0
11942383-K	Jose Caneo (Ovalle)	89807200-2	Cruz Verde	6	Material Publicitario	11942383-K/89807200-2/6	Jose Caneo (Ovalle)Cruz VerdeMaterial Publicitario	SI	10
11942383-K	Jose Caneo (Ovalle)	89807200-2	Cruz Verde	7	Retiro en ruta	11942383-K/89807200-2/7	Jose Caneo (Ovalle)Cruz VerdeRetiro en ruta	SI	10
11942383-K	Jose Caneo (Ovalle)	89807200-2	Cruz Verde	11	Servicio Standar	11942383-K/89807200-2/11	Jose Caneo (Ovalle)Cruz VerdeServicio Standar	SI	10
11942383-K	Jose Caneo (Ovalle)	89807200-2	Cruz Verde	19	Servicio Standar (Kit de ingreso)	11942383-K/89807200-2/19	Jose Caneo (Ovalle)Cruz VerdeServicio Standar (Kit de ingreso)	SI	10
11942383-K	Jose Caneo (Ovalle)	#N/D	Diario el Sur	11	Servicio Standar	#N/D	Jose Caneo (Ovalle)Diario el SurServicio Standar	SI	11
11942383-K	Jose Caneo (Ovalle)	#N/D	Disalcar	11	Servicio Standar	#N/D	Jose Caneo (Ovalle)DisalcarServicio Standar	SI	10
11942383-K	Jose Caneo (Ovalle)	78064534-2	Drop	11	Servicio Standar	11942383-K/78064534-2/11	Jose Caneo (Ovalle)DropServicio Standar	SI	11
11942383-K	Jose Caneo (Ovalle)	77907823-K	Ecopaños y Huaipes SPA	11	Servicio Standar	11942383-K/77907823-K/11	Jose Caneo (Ovalle)Ecopaños y Huaipes SPAServicio Standar	SI	11
11942383-K	Jose Caneo (Ovalle)	76377752-9	Ediciones Issue Spa	20	Servicio Standar (Lanzado)	11942383-K/76377752-9/20	Jose Caneo (Ovalle)Ediciones Issue SpaServicio Standar (Lanzado)	SI	11
11942383-K	Jose Caneo (Ovalle)	78445850-4	Envia Ltda	11	Servicio Standar	11942383-K/78445850-4/11	Jose Caneo (Ovalle)Envia LtdaServicio Standar	SI	10
11942383-K	Jose Caneo (Ovalle)	78293000-1	Global Courier SA	7	Retiro en ruta	11942383-K/78293000-1/7	Jose Caneo (Ovalle)Global Courier SARetiro en ruta	SI	10
11942383-K	Jose Caneo (Ovalle)	78293000-1	Global Courier SA	8	Retornos	11942383-K/78293000-1/8	Jose Caneo (Ovalle)Global Courier SARetornos	NO	0
11942383-K	Jose Caneo (Ovalle)	78293000-1	Global Courier SA	11	Servicio Standar	11942383-K/78293000-1/11	Jose Caneo (Ovalle)Global Courier SAServicio Standar	SI	10
11942383-K	Jose Caneo (Ovalle)	76631490-2	Global Med	11	Servicio Standar	11942383-K/76631490-2/11	Jose Caneo (Ovalle)Global MedServicio Standar	SI	11
11942383-K	Jose Caneo (Ovalle)	90106000-2	Grafica Quilicura	11	Servicio Standar	11942383-K/90106000-2/11	Jose Caneo (Ovalle)Grafica QuilicuraServicio Standar	SI	11
11942383-K	Jose Caneo (Ovalle)	90106000-2	Grafica Quilicura	25	Servicio Standar (R. Carabineros de chile)	11942383-K/90106000-2/25	Jose Caneo (Ovalle)Grafica QuilicuraServicio Standar (R. Carabineros de chile)	SI	10
11942383-K	Jose Caneo (Ovalle)	90106000-2	Grafica Quilicura	26	Servicio Standar (R. Los Heroes)	11942383-K/90106000-2/26	Jose Caneo (Ovalle)Grafica QuilicuraServicio Standar (R. Los Heroes)	SI	10
11942383-K	Jose Caneo (Ovalle)	77861584-3	Habasit	9	Servicio Sameday	11942383-K/77861584-3/9	Jose Caneo (Ovalle)HabasitServicio Sameday	SI	11
11942383-K	Jose Caneo (Ovalle)	77861584-3	Habasit	11	Servicio Standar	11942383-K/77861584-3/11	Jose Caneo (Ovalle)HabasitServicio Standar	SI	11
11942383-K	Jose Caneo (Ovalle)	76072176-K	Hemisferio Norte SA	11	Servicio Standar	11942383-K/76072176-K/11	Jose Caneo (Ovalle)Hemisferio Norte SAServicio Standar	SI	11
11942383-K	Jose Caneo (Ovalle)	76336423-2	Imprenta Babieca	11	Servicio Standar	11942383-K/76336423-2/11	Jose Caneo (Ovalle)Imprenta BabiecaServicio Standar	SI	11
11942383-K	Jose Caneo (Ovalle)	79840580-2	Imprenta Socias Ltda	11	Servicio Standar	11942383-K/79840580-2/11	Jose Caneo (Ovalle)Imprenta Socias LtdaServicio Standar	SI	10
11942383-K	Jose Caneo (Ovalle)	#N/D	La Hora	11	Servicio Standar	#N/D	Jose Caneo (Ovalle)La HoraServicio Standar	SI	11
11942383-K	Jose Caneo (Ovalle)	79500520-K	Maicao	2	Abastecimiento Uniformes	11942383-K/79500520-K/2	Jose Caneo (Ovalle)MaicaoAbastecimiento Uniformes	SI	10
11942383-K	Jose Caneo (Ovalle)	79500520-K	Maicao	3	Catalogo Publicitario	11942383-K/79500520-K/3	Jose Caneo (Ovalle)MaicaoCatalogo Publicitario	SI	10
11942383-K	Jose Caneo (Ovalle)	79500520-K	Maicao	4	Correspondencia diaria	11942383-K/79500520-K/4	Jose Caneo (Ovalle)MaicaoCorrespondencia diaria	NO	0
11942383-K	Jose Caneo (Ovalle)	79500520-K	Maicao	6	Material Publicitario	11942383-K/79500520-K/6	Jose Caneo (Ovalle)MaicaoMaterial Publicitario	SI	10
11942383-K	Jose Caneo (Ovalle)	79500520-K	Maicao	11	Servicio Standar	11942383-K/79500520-K/11	Jose Caneo (Ovalle)MaicaoServicio Standar	SI	10
11942383-K	Jose Caneo (Ovalle)	76057337-K	Nutrabody	16	Servicio Standar (Ecommerce)	11942383-K/76057337-K/16	Jose Caneo (Ovalle)NutrabodyServicio Standar (Ecommerce)	SI	11
11942383-K	Jose Caneo (Ovalle)	76710584-3	Opia Marcketing Spa	11	Servicio Standar	11942383-K/76710584-3/11	Jose Caneo (Ovalle)Opia Marcketing SpaServicio Standar	SI	11
11942383-K	Jose Caneo (Ovalle)	76012833-3	Rendic Hmnos	8	Retornos	11942383-K/76012833-3/8	Jose Caneo (Ovalle)Rendic HmnosRetornos	NO	0
11942383-K	Jose Caneo (Ovalle)	76012833-3	Rendic Hmnos	12	Servicio Standar (Alvi)	11942383-K/76012833-3/12	Jose Caneo (Ovalle)Rendic HmnosServicio Standar (Alvi)	SI	10
11942383-K	Jose Caneo (Ovalle)	76012833-3	Rendic Hmnos	22	Servicio Standar (Of. Central)	11942383-K/76012833-3/22	Jose Caneo (Ovalle)Rendic HmnosServicio Standar (Of. Central)	SI	10
11942383-K	Jose Caneo (Ovalle)	76012833-3	Rendic Hmnos	23	Servicio Standar (Proveedores)	11942383-K/76012833-3/23	Jose Caneo (Ovalle)Rendic HmnosServicio Standar (Proveedores)	SI	10
11942383-K	Jose Caneo (Ovalle)	76012833-3	Rendic Hmnos	32	Servicio Standar (Tecnologia)	11942383-K/76012833-3/32	Jose Caneo (Ovalle)Rendic HmnosServicio Standar (Tecnologia)	SI	10
11942383-K	Jose Caneo (Ovalle)	76012833-3	Rendic Hmnos	34	Servicio Standar (Valijas)	11942383-K/76012833-3/34	Jose Caneo (Ovalle)Rendic HmnosServicio Standar (Valijas)	NO	4
11942383-K	Jose Caneo (Ovalle)	76263819-3	Revesderecho	16	Servicio Standar (Ecommerce)	11942383-K/76263819-3/16	Jose Caneo (Ovalle)RevesderechoServicio Standar (Ecommerce)	SI	5
11942383-K	Jose Caneo (Ovalle)	76263819-3	Revesderecho	21	Servicio Standar (Mayorista)	11942383-K/76263819-3/21	Jose Caneo (Ovalle)RevesderechoServicio Standar (Mayorista)	NO	0
11942383-K	Jose Caneo (Ovalle)	76263819-3	Revesderecho	27	Servicio Standar (R. Tiendas)	11942383-K/76263819-3/27	Jose Caneo (Ovalle)RevesderechoServicio Standar (R. Tiendas)	SI	6
11942383-K	Jose Caneo (Ovalle)	76263819-3	Revesderecho	28	Servicio Standar (Retail)	11942383-K/76263819-3/28	Jose Caneo (Ovalle)RevesderechoServicio Standar (Retail)	SI	6
11942383-K	Jose Caneo (Ovalle)	76263819-3	Revesderecho	29	Servicio Standar (Retorno)	11942383-K/76263819-3/29	Jose Caneo (Ovalle)RevesderechoServicio Standar (Retorno)	NO	0
11942383-K	Jose Caneo (Ovalle)	76263819-3	Revesderecho	30	Servicio Standar (SAC)	11942383-K/76263819-3/30	Jose Caneo (Ovalle)RevesderechoServicio Standar (SAC)	SI	5
11942383-K	Jose Caneo (Ovalle)	#N/D	Solventa	11	Servicio Standar	#N/D	Jose Caneo (Ovalle)SolventaServicio Standar	SI	10
11942383-K	Jose Caneo (Ovalle)	78347433-6	The Planners Group Spa	11	Servicio Standar	11942383-K/78347433-6/11	Jose Caneo (Ovalle)The Planners Group SpaServicio Standar	SI	11
11942383-K	Jose Caneo (Ovalle)	76058647-1	Verisure Spa	8	Retornos	11942383-K/76058647-1/8	Jose Caneo (Ovalle)Verisure SpaRetornos	NO	0
11942383-K	Jose Caneo (Ovalle)	76058647-1	Verisure Spa	11	Servicio Standar	11942383-K/76058647-1/11	Jose Caneo (Ovalle)Verisure SpaServicio Standar	SI	10
11942383-K	Jose Caneo (Ovalle)	76713273-5	(HN Metales) Inversiones Saldivia Spa	11	Servicio Standar	11942383-K/76713273-5/11	Jose Caneo (Ovalle)(HN Metales) Inversiones Saldivia SpaServicio Standar	SI	11
11942383-K	Jose Caneo (Ovalle)	#N/D	(Orquidea) Hilanderia Maisa	16	Servicio Standar (Ecommerce)	#N/D	Jose Caneo (Ovalle)(Orquidea) Hilanderia MaisaServicio Standar (Ecommerce)	SI	11
11942383-K	Jose Caneo (Ovalle)	79647180-8	Comercial Reginella Ltda	16	Servicio Standar (Ecommerce)	11942383-K/79647180-8/16	Jose Caneo (Ovalle)Comercial Reginella LtdaServicio Standar (Ecommerce)	SI	5
11942383-K	Jose Caneo (Ovalle)	78599750-6	InduAmbiente	20	Servicio Standar (Lanzado)	11942383-K/78599750-6/20	Jose Caneo (Ovalle)InduAmbienteServicio Standar (Lanzado)	SI	11
11942383-K	Jose Caneo (Ovalle)	60910000-1	Universidad de chile	11	Servicio Standar	11942383-K/60910000-1/11	Jose Caneo (Ovalle)Universidad de chileServicio Standar	SI	11
11942383-K	Jose Caneo (Ovalle)	77970068-2	Vinilo	11	Servicio Standar	11942383-K/77970068-2/11	Jose Caneo (Ovalle)ViniloServicio Standar	SI	11
77346078-7	4N Temuco	76288430-5	(Postalchile) Sociedad De Distribucion Y Logistica Postalchile Ltda	15	Servicio Standar (Correspondencia)	77346078-7/76288430-5/15	4N Temuco(Postalchile) Sociedad De Distribucion Y Logistica Postalchile LtdaServicio Standar (Correspondencia)	SI	8
77346078-7	4N Temuco	76288430-5	(Postalchile) Sociedad De Distribucion Y Logistica Postalchile Ltda	16	Servicio Standar (Ecommerce)	77346078-7/76288430-5/16	4N Temuco(Postalchile) Sociedad De Distribucion Y Logistica Postalchile LtdaServicio Standar (Ecommerce)	SI	8
77346078-7	4N Temuco	76438001-0	(R. Ambiente) Ambiente diseño y Comunicacion Spa	11	Servicio Standar	77346078-7/76438001-0/11	4N Temuco(R. Ambiente) Ambiente diseño y Comunicacion SpaServicio Standar	NO	0
77346078-7	4N Temuco	77415130-3	(Ushop) Articulos Publicitarios LW	11	Servicio Standar	77346078-7/77415130-3/11	4N Temuco(Ushop) Articulos Publicitarios LWServicio Standar	SI	8
77346078-7	4N Temuco	77415130-3	(Ushop) Articulos Publicitarios LW	18	Servicio Standar (GMPI)	77346078-7/77415130-3/18	4N Temuco(Ushop) Articulos Publicitarios LWServicio Standar (GMPI)	SI	8
77346078-7	4N Temuco	77346078-7	4Nortes	1	Abastecimiento de insumos	77346078-7/77346078-7/1	4N Temuco4NortesAbastecimiento de insumos	NO	0
77346078-7	4N Temuco	77346078-7	4Nortes	11	Servicio Standar	77346078-7/77346078-7/11	4N Temuco4NortesServicio Standar	NO	0
77346078-7	4N Temuco	77346078-7	4Nortes	13	Servicio Standar (Compra Agil)	77346078-7/77346078-7/13	4N Temuco4NortesServicio Standar (Compra Agil)	SI	8
77346078-7	4N Temuco	77419350-2	Adhegraf	11	Servicio Standar	77346078-7/77419350-2/11	4N TemucoAdhegrafServicio Standar	SI	8
77346078-7	4N Temuco	96830710-k	Aimpresores	11	Servicio Standar	77346078-7/96830710-k/11	4N TemucoAimpresoresServicio Standar	SI	8
77346078-7	4N Temuco	96830710-k	Aimpresores	14	Servicio Standar (Condenast)	77346078-7/96830710-k/14	4N TemucoAimpresoresServicio Standar (Condenast)	SI	8
77346078-7	4N Temuco	96830710-k	Aimpresores	17	Servicio Standar (Fucoa)	77346078-7/96830710-k/17	4N TemucoAimpresoresServicio Standar (Fucoa)	SI	8
77346078-7	4N Temuco	77310592-8	BGB SPA	11	Servicio Standar	77346078-7/77310592-8/11	4N TemucoBGB SPAServicio Standar	SI	8
77346078-7	4N Temuco	81826800-9	Cajas Los Andes	8	Retornos	77346078-7/81826800-9/8	4N TemucoCajas Los AndesRetornos	SI	7
77346078-7	4N Temuco	81826800-9	Cajas Los Andes	24	Servicio Standar (Providencia)	77346078-7/81826800-9/24	4N TemucoCajas Los AndesServicio Standar (Providencia)	SI	8
77346078-7	4N Temuco	81826800-9	Cajas Los Andes	31	Servicio Standar (Stgo Alonso)	77346078-7/81826800-9/31	4N TemucoCajas Los AndesServicio Standar (Stgo Alonso)	SI	8
77346078-7	4N Temuco	96950080-9	Chilepost	11	Servicio Standar	77346078-7/96950080-9/11	4N TemucoChilepostServicio Standar	SI	8
77346078-7	4N Temuco	85037900-9	Comercial Peumo Ltda	33	Servicio Standar (V. Trabajadores)	77346078-7/85037900-9/33	4N TemucoComercial Peumo LtdaServicio Standar (V. Trabajadores)	REVISAR	0
77346078-7	4N Temuco	79647180-8	Comercial Reginella Ltda	21	Servicio Standar (Mayorista)	77346078-7/79647180-8/21	4N TemucoComercial Reginella LtdaServicio Standar (Mayorista)	SI	6
77346078-7	4N Temuco	76504464-2	Comercial VLB Ltda	11	Servicio Standar	77346078-7/76504464-2/11	4N TemucoComercial VLB LtdaServicio Standar	SI	8
77346078-7	4N Temuco	96511460-2	Construmart	4	Correspondencia diaria	77346078-7/96511460-2/4	4N TemucoConstrumartCorrespondencia diaria	NO	0
77346078-7	4N Temuco	96511460-2	Construmart	11	Servicio Standar	77346078-7/96511460-2/11	4N TemucoConstrumartServicio Standar	NO	0
77346078-7	4N Temuco	89807200-2	Cruz Verde	3	Catalogo Publicitario	77346078-7/89807200-2/3	4N TemucoCruz VerdeCatalogo Publicitario	NO	0
77346078-7	4N Temuco	89807200-2	Cruz Verde	5	Correspondencia diaria (Valijas)	77346078-7/89807200-2/5	4N TemucoCruz VerdeCorrespondencia diaria (Valijas)	NO	0
77346078-7	4N Temuco	89807200-2	Cruz Verde	6	Material Publicitario	77346078-7/89807200-2/6	4N TemucoCruz VerdeMaterial Publicitario	NO	0
77346078-7	4N Temuco	89807200-2	Cruz Verde	7	Retiro en ruta	77346078-7/89807200-2/7	4N TemucoCruz VerdeRetiro en ruta	SI	7
77346078-7	4N Temuco	89807200-2	Cruz Verde	11	Servicio Standar	77346078-7/89807200-2/11	4N TemucoCruz VerdeServicio Standar	NO	0
77346078-7	4N Temuco	89807200-2	Cruz Verde	19	Servicio Standar (Kit de ingreso)	77346078-7/89807200-2/19	4N TemucoCruz VerdeServicio Standar (Kit de ingreso)	NO	0
77346078-7	4N Temuco	#N/D	Diario el Sur	11	Servicio Standar	#N/D	4N TemucoDiario el SurServicio Standar	SI	8
77346078-7	4N Temuco	#N/D	Disalcar	11	Servicio Standar	#N/D	4N TemucoDisalcarServicio Standar	SI	8
77346078-7	4N Temuco	78064534-2	Drop	11	Servicio Standar	77346078-7/78064534-2/11	4N TemucoDropServicio Standar	SI	8
77346078-7	4N Temuco	77907823-K	Ecopaños y Huaipes SPA	11	Servicio Standar	77346078-7/77907823-K/11	4N TemucoEcopaños y Huaipes SPAServicio Standar	SI	8
77346078-7	4N Temuco	76377752-9	Ediciones Issue Spa	20	Servicio Standar (Lanzado)	77346078-7/76377752-9/20	4N TemucoEdiciones Issue SpaServicio Standar (Lanzado)	SI	8
77346078-7	4N Temuco	78445850-4	Envia Ltda	11	Servicio Standar	77346078-7/78445850-4/11	4N TemucoEnvia LtdaServicio Standar	SI	8
77346078-7	4N Temuco	78293000-1	Global Courier SA	7	Retiro en ruta	77346078-7/78293000-1/7	4N TemucoGlobal Courier SARetiro en ruta	SI	8
77346078-7	4N Temuco	78293000-1	Global Courier SA	8	Retornos	77346078-7/78293000-1/8	4N TemucoGlobal Courier SARetornos	SI	8
77346078-7	4N Temuco	78293000-1	Global Courier SA	11	Servicio Standar	77346078-7/78293000-1/11	4N TemucoGlobal Courier SAServicio Standar	SI	8
77346078-7	4N Temuco	76631490-2	Global Med	11	Servicio Standar	77346078-7/76631490-2/11	4N TemucoGlobal MedServicio Standar	SI	8
77346078-7	4N Temuco	90106000-2	Grafica Quilicura	11	Servicio Standar	77346078-7/90106000-2/11	4N TemucoGrafica QuilicuraServicio Standar	SI	8
77346078-7	4N Temuco	90106000-2	Grafica Quilicura	25	Servicio Standar (R. Carabineros de chile)	77346078-7/90106000-2/25	4N TemucoGrafica QuilicuraServicio Standar (R. Carabineros de chile)	SI	8
77346078-7	4N Temuco	90106000-2	Grafica Quilicura	26	Servicio Standar (R. Los Heroes)	77346078-7/90106000-2/26	4N TemucoGrafica QuilicuraServicio Standar (R. Los Heroes)	SI	8
77346078-7	4N Temuco	77861584-3	Habasit	9	Servicio Sameday	77346078-7/77861584-3/9	4N TemucoHabasitServicio Sameday	SI	8
77346078-7	4N Temuco	77861584-3	Habasit	11	Servicio Standar	77346078-7/77861584-3/11	4N TemucoHabasitServicio Standar	SI	8
77346078-7	4N Temuco	76072176-K	Hemisferio Norte SA	11	Servicio Standar	77346078-7/76072176-K/11	4N TemucoHemisferio Norte SAServicio Standar	SI	8
77346078-7	4N Temuco	76336423-2	Imprenta Babieca	11	Servicio Standar	77346078-7/76336423-2/11	4N TemucoImprenta BabiecaServicio Standar	SI	8
77346078-7	4N Temuco	79840580-2	Imprenta Socias Ltda	11	Servicio Standar	77346078-7/79840580-2/11	4N TemucoImprenta Socias LtdaServicio Standar	SI	8
77346078-7	4N Temuco	#N/D	La Hora	11	Servicio Standar	#N/D	4N TemucoLa HoraServicio Standar	SI	8
77346078-7	4N Temuco	79500520-K	Maicao	2	Abastecimiento Uniformes	77346078-7/79500520-K/2	4N TemucoMaicaoAbastecimiento Uniformes	NO	0
77346078-7	4N Temuco	79500520-K	Maicao	3	Catalogo Publicitario	77346078-7/79500520-K/3	4N TemucoMaicaoCatalogo Publicitario	NO	0
77346078-7	4N Temuco	79500520-K	Maicao	4	Correspondencia diaria	77346078-7/79500520-K/4	4N TemucoMaicaoCorrespondencia diaria	NO	0
77346078-7	4N Temuco	79500520-K	Maicao	6	Material Publicitario	77346078-7/79500520-K/6	4N TemucoMaicaoMaterial Publicitario	NO	0
77346078-7	4N Temuco	79500520-K	Maicao	11	Servicio Standar	77346078-7/79500520-K/11	4N TemucoMaicaoServicio Standar	NO	0
77346078-7	4N Temuco	76057337-K	Nutrabody	16	Servicio Standar (Ecommerce)	77346078-7/76057337-K/16	4N TemucoNutrabodyServicio Standar (Ecommerce)	SI	8
77346078-7	4N Temuco	76710584-3	Opia Marcketing Spa	11	Servicio Standar	77346078-7/76710584-3/11	4N TemucoOpia Marcketing SpaServicio Standar	SI	8
77346078-7	4N Temuco	76012833-3	Rendic Hmnos	8	Retornos	77346078-7/76012833-3/8	4N TemucoRendic HmnosRetornos	SI	7
77346078-7	4N Temuco	76012833-3	Rendic Hmnos	12	Servicio Standar (Alvi)	77346078-7/76012833-3/12	4N TemucoRendic HmnosServicio Standar (Alvi)	SI	8
77346078-7	4N Temuco	76012833-3	Rendic Hmnos	22	Servicio Standar (Of. Central)	77346078-7/76012833-3/22	4N TemucoRendic HmnosServicio Standar (Of. Central)	SI	8
77346078-7	4N Temuco	76012833-3	Rendic Hmnos	23	Servicio Standar (Proveedores)	77346078-7/76012833-3/23	4N TemucoRendic HmnosServicio Standar (Proveedores)	SI	8
77346078-7	4N Temuco	76012833-3	Rendic Hmnos	32	Servicio Standar (Tecnologia)	77346078-7/76012833-3/32	4N TemucoRendic HmnosServicio Standar (Tecnologia)	SI	8
77346078-7	4N Temuco	76012833-3	Rendic Hmnos	34	Servicio Standar (Valijas)	77346078-7/76012833-3/34	4N TemucoRendic HmnosServicio Standar (Valijas)	NO	0
77346078-7	4N Temuco	76263819-3	Revesderecho	16	Servicio Standar (Ecommerce)	77346078-7/76263819-3/16	4N TemucoRevesderechoServicio Standar (Ecommerce)	SI	5
77346078-7	4N Temuco	76263819-3	Revesderecho	21	Servicio Standar (Mayorista)	77346078-7/76263819-3/21	4N TemucoRevesderechoServicio Standar (Mayorista)	NO	0
77346078-7	4N Temuco	76263819-3	Revesderecho	27	Servicio Standar (R. Tiendas)	77346078-7/76263819-3/27	4N TemucoRevesderechoServicio Standar (R. Tiendas)	SI	6
77346078-7	4N Temuco	76263819-3	Revesderecho	28	Servicio Standar (Retail)	77346078-7/76263819-3/28	4N TemucoRevesderechoServicio Standar (Retail)	SI	6
77346078-7	4N Temuco	76263819-3	Revesderecho	29	Servicio Standar (Retorno)	77346078-7/76263819-3/29	4N TemucoRevesderechoServicio Standar (Retorno)	NO	0
77346078-7	4N Temuco	76263819-3	Revesderecho	30	Servicio Standar (SAC)	77346078-7/76263819-3/30	4N TemucoRevesderechoServicio Standar (SAC)	SI	5
77346078-7	4N Temuco	#N/D	Solventa	11	Servicio Standar	#N/D	4N TemucoSolventaServicio Standar	NO	0
77346078-7	4N Temuco	78347433-6	The Planners Group Spa	11	Servicio Standar	77346078-7/78347433-6/11	4N TemucoThe Planners Group SpaServicio Standar	SI	8
77346078-7	4N Temuco	76058647-1	Verisure Spa	8	Retornos	77346078-7/76058647-1/8	4N TemucoVerisure SpaRetornos	SI	8
77346078-7	4N Temuco	76058647-1	Verisure Spa	11	Servicio Standar	77346078-7/76058647-1/11	4N TemucoVerisure SpaServicio Standar	SI	8
77346078-7	4N Temuco	76713273-5	(HN Metales) Inversiones Saldivia Spa	11	Servicio Standar	77346078-7/76713273-5/11	4N Temuco(HN Metales) Inversiones Saldivia SpaServicio Standar	SI	8
77346078-7	4N Temuco	#N/D	(Orquidea) Hilanderia Maisa	16	Servicio Standar (Ecommerce)	#N/D	4N Temuco(Orquidea) Hilanderia MaisaServicio Standar (Ecommerce)	SI	8
77346078-7	4N Temuco	79647180-8	Comercial Reginella Ltda	16	Servicio Standar (Ecommerce)	77346078-7/79647180-8/16	4N TemucoComercial Reginella LtdaServicio Standar (Ecommerce)	SI	5
77346078-7	4N Temuco	78599750-6	InduAmbiente	20	Servicio Standar (Lanzado)	77346078-7/78599750-6/20	4N TemucoInduAmbienteServicio Standar (Lanzado)	SI	15
77346078-7	4N Temuco	60910000-1	Universidad de chile	11	Servicio Standar	77346078-7/60910000-1/11	4N TemucoUniversidad de chileServicio Standar	SI	8
77346078-7	4N Temuco	77970068-2	Vinilo	11	Servicio Standar	77346078-7/77970068-2/11	4N TemucoViniloServicio Standar	SI	8
77346078-7	4N Til Til	76288430-5	(Postalchile) Sociedad De Distribucion Y Logistica Postalchile Ltda	15	Servicio Standar (Correspondencia)	77346078-7/76288430-5/15	4N Til Til(Postalchile) Sociedad De Distribucion Y Logistica Postalchile LtdaServicio Standar (Correspondencia)	NO	0
77346078-7	4N Til Til	76288430-5	(Postalchile) Sociedad De Distribucion Y Logistica Postalchile Ltda	16	Servicio Standar (Ecommerce)	77346078-7/76288430-5/16	4N Til Til(Postalchile) Sociedad De Distribucion Y Logistica Postalchile LtdaServicio Standar (Ecommerce)	SI	1
77346078-7	4N Til Til	76438001-0	(R. Ambiente) Ambiente diseño y Comunicacion Spa	11	Servicio Standar	77346078-7/76438001-0/11	4N Til Til(R. Ambiente) Ambiente diseño y Comunicacion SpaServicio Standar	NO	0
77346078-7	4N Til Til	77415130-3	(Ushop) Articulos Publicitarios LW	11	Servicio Standar	77346078-7/77415130-3/11	4N Til Til(Ushop) Articulos Publicitarios LWServicio Standar	NO	0
77346078-7	4N Til Til	77415130-3	(Ushop) Articulos Publicitarios LW	18	Servicio Standar (GMPI)	77346078-7/77415130-3/18	4N Til Til(Ushop) Articulos Publicitarios LWServicio Standar (GMPI)	NO	0
77346078-7	4N Til Til	77346078-7	4Nortes	1	Abastecimiento de insumos	77346078-7/77346078-7/1	4N Til Til4NortesAbastecimiento de insumos	NO	0
77346078-7	4N Til Til	77346078-7	4Nortes	11	Servicio Standar	77346078-7/77346078-7/11	4N Til Til4NortesServicio Standar	NO	0
77346078-7	4N Til Til	77346078-7	4Nortes	13	Servicio Standar (Compra Agil)	77346078-7/77346078-7/13	4N Til Til4NortesServicio Standar (Compra Agil)	NO	0
77346078-7	4N Til Til	77419350-2	Adhegraf	11	Servicio Standar	77346078-7/77419350-2/11	4N Til TilAdhegrafServicio Standar	NO	0
77346078-7	4N Til Til	96830710-k	Aimpresores	11	Servicio Standar	77346078-7/96830710-k/11	4N Til TilAimpresoresServicio Standar	NO	0
77346078-7	4N Til Til	96830710-k	Aimpresores	14	Servicio Standar (Condenast)	77346078-7/96830710-k/14	4N Til TilAimpresoresServicio Standar (Condenast)	NO	0
77346078-7	4N Til Til	96830710-k	Aimpresores	17	Servicio Standar (Fucoa)	77346078-7/96830710-k/17	4N Til TilAimpresoresServicio Standar (Fucoa)	NO	0
77346078-7	4N Til Til	77310592-8	BGB SPA	11	Servicio Standar	77346078-7/77310592-8/11	4N Til TilBGB SPAServicio Standar	NO	0
77346078-7	4N Til Til	81826800-9	Cajas Los Andes	8	Retornos	77346078-7/81826800-9/8	4N Til TilCajas Los AndesRetornos	NO	0
77346078-7	4N Til Til	81826800-9	Cajas Los Andes	24	Servicio Standar (Providencia)	77346078-7/81826800-9/24	4N Til TilCajas Los AndesServicio Standar (Providencia)	NO	0
77346078-7	4N Til Til	81826800-9	Cajas Los Andes	31	Servicio Standar (Stgo Alonso)	77346078-7/81826800-9/31	4N Til TilCajas Los AndesServicio Standar (Stgo Alonso)	NO	0
77346078-7	4N Til Til	96950080-9	Chilepost	11	Servicio Standar	77346078-7/96950080-9/11	4N Til TilChilepostServicio Standar	NO	0
77346078-7	4N Til Til	85037900-9	Comercial Peumo Ltda	33	Servicio Standar (V. Trabajadores)	77346078-7/85037900-9/33	4N Til TilComercial Peumo LtdaServicio Standar (V. Trabajadores)	NO	0
77346078-7	4N Til Til	79647180-8	Comercial Reginella Ltda	21	Servicio Standar (Mayorista)	77346078-7/79647180-8/21	4N Til TilComercial Reginella LtdaServicio Standar (Mayorista)	NO	0
77346078-7	4N Til Til	76504464-2	Comercial VLB Ltda	11	Servicio Standar	77346078-7/76504464-2/11	4N Til TilComercial VLB LtdaServicio Standar	NO	0
77346078-7	4N Til Til	96511460-2	Construmart	4	Correspondencia diaria	77346078-7/96511460-2/4	4N Til TilConstrumartCorrespondencia diaria	NO	0
77346078-7	4N Til Til	96511460-2	Construmart	11	Servicio Standar	77346078-7/96511460-2/11	4N Til TilConstrumartServicio Standar	NO	0
77346078-7	4N Til Til	89807200-2	Cruz Verde	3	Catalogo Publicitario	77346078-7/89807200-2/3	4N Til TilCruz VerdeCatalogo Publicitario	NO	0
77346078-7	4N Til Til	89807200-2	Cruz Verde	5	Correspondencia diaria (Valijas)	77346078-7/89807200-2/5	4N Til TilCruz VerdeCorrespondencia diaria (Valijas)	NO	0
77346078-7	4N Til Til	89807200-2	Cruz Verde	6	Material Publicitario	77346078-7/89807200-2/6	4N Til TilCruz VerdeMaterial Publicitario	NO	0
77346078-7	4N Til Til	89807200-2	Cruz Verde	7	Retiro en ruta	77346078-7/89807200-2/7	4N Til TilCruz VerdeRetiro en ruta	NO	0
77346078-7	4N Til Til	89807200-2	Cruz Verde	11	Servicio Standar	77346078-7/89807200-2/11	4N Til TilCruz VerdeServicio Standar	NO	0
77346078-7	4N Til Til	89807200-2	Cruz Verde	19	Servicio Standar (Kit de ingreso)	77346078-7/89807200-2/19	4N Til TilCruz VerdeServicio Standar (Kit de ingreso)	NO	0
77346078-7	4N Til Til	#N/D	Diario el Sur	11	Servicio Standar	#N/D	4N Til TilDiario el SurServicio Standar	NO	0
77346078-7	4N Til Til	#N/D	Disalcar	11	Servicio Standar	#N/D	4N Til TilDisalcarServicio Standar	NO	0
77346078-7	4N Til Til	78064534-2	Drop	11	Servicio Standar	77346078-7/78064534-2/11	4N Til TilDropServicio Standar	NO	0
77346078-7	4N Til Til	77907823-K	Ecopaños y Huaipes SPA	11	Servicio Standar	77346078-7/77907823-K/11	4N Til TilEcopaños y Huaipes SPAServicio Standar	NO	0
77346078-7	4N Til Til	76377752-9	Ediciones Issue Spa	20	Servicio Standar (Lanzado)	77346078-7/76377752-9/20	4N Til TilEdiciones Issue SpaServicio Standar (Lanzado)	NO	0
77346078-7	4N Til Til	78445850-4	Envia Ltda	11	Servicio Standar	77346078-7/78445850-4/11	4N Til TilEnvia LtdaServicio Standar	NO	0
77346078-7	4N Til Til	78293000-1	Global Courier SA	7	Retiro en ruta	77346078-7/78293000-1/7	4N Til TilGlobal Courier SARetiro en ruta	NO	0
77346078-7	4N Til Til	78293000-1	Global Courier SA	8	Retornos	77346078-7/78293000-1/8	4N Til TilGlobal Courier SARetornos	NO	0
77346078-7	4N Til Til	78293000-1	Global Courier SA	11	Servicio Standar	77346078-7/78293000-1/11	4N Til TilGlobal Courier SAServicio Standar	NO	0
77346078-7	4N Til Til	76631490-2	Global Med	11	Servicio Standar	77346078-7/76631490-2/11	4N Til TilGlobal MedServicio Standar	NO	0
77346078-7	4N Til Til	90106000-2	Grafica Quilicura	11	Servicio Standar	77346078-7/90106000-2/11	4N Til TilGrafica QuilicuraServicio Standar	NO	0
77346078-7	4N Til Til	90106000-2	Grafica Quilicura	25	Servicio Standar (R. Carabineros de chile)	77346078-7/90106000-2/25	4N Til TilGrafica QuilicuraServicio Standar (R. Carabineros de chile)	NO	0
77346078-7	4N Til Til	90106000-2	Grafica Quilicura	26	Servicio Standar (R. Los Heroes)	77346078-7/90106000-2/26	4N Til TilGrafica QuilicuraServicio Standar (R. Los Heroes)	NO	0
77346078-7	4N Til Til	77861584-3	Habasit	9	Servicio Sameday	77346078-7/77861584-3/9	4N Til TilHabasitServicio Sameday	NO	0
77346078-7	4N Til Til	77861584-3	Habasit	11	Servicio Standar	77346078-7/77861584-3/11	4N Til TilHabasitServicio Standar	NO	0
77346078-7	4N Til Til	76072176-K	Hemisferio Norte SA	11	Servicio Standar	77346078-7/76072176-K/11	4N Til TilHemisferio Norte SAServicio Standar	NO	0
77346078-7	4N Til Til	76336423-2	Imprenta Babieca	11	Servicio Standar	77346078-7/76336423-2/11	4N Til TilImprenta BabiecaServicio Standar	NO	0
77346078-7	4N Til Til	79840580-2	Imprenta Socias Ltda	11	Servicio Standar	77346078-7/79840580-2/11	4N Til TilImprenta Socias LtdaServicio Standar	NO	0
77346078-7	4N Til Til	#N/D	La Hora	11	Servicio Standar	#N/D	4N Til TilLa HoraServicio Standar	NO	0
77346078-7	4N Til Til	79500520-K	Maicao	2	Abastecimiento Uniformes	77346078-7/79500520-K/2	4N Til TilMaicaoAbastecimiento Uniformes	NO	0
77346078-7	4N Til Til	79500520-K	Maicao	3	Catalogo Publicitario	77346078-7/79500520-K/3	4N Til TilMaicaoCatalogo Publicitario	NO	0
77346078-7	4N Til Til	79500520-K	Maicao	4	Correspondencia diaria	77346078-7/79500520-K/4	4N Til TilMaicaoCorrespondencia diaria	NO	0
77346078-7	4N Til Til	79500520-K	Maicao	6	Material Publicitario	77346078-7/79500520-K/6	4N Til TilMaicaoMaterial Publicitario	NO	0
77346078-7	4N Til Til	79500520-K	Maicao	11	Servicio Standar	77346078-7/79500520-K/11	4N Til TilMaicaoServicio Standar	NO	0
77346078-7	4N Til Til	76057337-K	Nutrabody	16	Servicio Standar (Ecommerce)	77346078-7/76057337-K/16	4N Til TilNutrabodyServicio Standar (Ecommerce)	NO	0
77346078-7	4N Til Til	76710584-3	Opia Marcketing Spa	11	Servicio Standar	77346078-7/76710584-3/11	4N Til TilOpia Marcketing SpaServicio Standar	NO	0
77346078-7	4N Til Til	76012833-3	Rendic Hmnos	8	Retornos	77346078-7/76012833-3/8	4N Til TilRendic HmnosRetornos	NO	0
77346078-7	4N Til Til	76012833-3	Rendic Hmnos	12	Servicio Standar (Alvi)	77346078-7/76012833-3/12	4N Til TilRendic HmnosServicio Standar (Alvi)	NO	0
77346078-7	4N Til Til	76012833-3	Rendic Hmnos	22	Servicio Standar (Of. Central)	77346078-7/76012833-3/22	4N Til TilRendic HmnosServicio Standar (Of. Central)	SI	1
77346078-7	4N Til Til	76012833-3	Rendic Hmnos	23	Servicio Standar (Proveedores)	77346078-7/76012833-3/23	4N Til TilRendic HmnosServicio Standar (Proveedores)	SI	1
77346078-7	4N Til Til	76012833-3	Rendic Hmnos	32	Servicio Standar (Tecnologia)	77346078-7/76012833-3/32	4N Til TilRendic HmnosServicio Standar (Tecnologia)	NO	0
77346078-7	4N Til Til	76012833-3	Rendic Hmnos	34	Servicio Standar (Valijas)	77346078-7/76012833-3/34	4N Til TilRendic HmnosServicio Standar (Valijas)	SI	1
77346078-7	4N Til Til	76263819-3	Revesderecho	16	Servicio Standar (Ecommerce)	77346078-7/76263819-3/16	4N Til TilRevesderechoServicio Standar (Ecommerce)	NO	0
77346078-7	4N Til Til	76263819-3	Revesderecho	21	Servicio Standar (Mayorista)	77346078-7/76263819-3/21	4N Til TilRevesderechoServicio Standar (Mayorista)	NO	0
77346078-7	4N Til Til	76263819-3	Revesderecho	27	Servicio Standar (R. Tiendas)	77346078-7/76263819-3/27	4N Til TilRevesderechoServicio Standar (R. Tiendas)	NO	0
77346078-7	4N Til Til	76263819-3	Revesderecho	28	Servicio Standar (Retail)	77346078-7/76263819-3/28	4N Til TilRevesderechoServicio Standar (Retail)	NO	0
77346078-7	4N Til Til	76263819-3	Revesderecho	29	Servicio Standar (Retorno)	77346078-7/76263819-3/29	4N Til TilRevesderechoServicio Standar (Retorno)	NO	0
77346078-7	4N Til Til	76263819-3	Revesderecho	30	Servicio Standar (SAC)	77346078-7/76263819-3/30	4N Til TilRevesderechoServicio Standar (SAC)	NO	0
77346078-7	4N Til Til	#N/D	Solventa	11	Servicio Standar	#N/D	4N Til TilSolventaServicio Standar	NO	0
77346078-7	4N Til Til	78347433-6	The Planners Group Spa	11	Servicio Standar	77346078-7/78347433-6/11	4N Til TilThe Planners Group SpaServicio Standar	NO	0
77346078-7	4N Til Til	76058647-1	Verisure Spa	8	Retornos	77346078-7/76058647-1/8	4N Til TilVerisure SpaRetornos	NO	0
77346078-7	4N Til Til	76058647-1	Verisure Spa	11	Servicio Standar	77346078-7/76058647-1/11	4N Til TilVerisure SpaServicio Standar	NO	0
77346078-7	4N Til Til	76713273-5	(HN Metales) Inversiones Saldivia Spa	11	Servicio Standar	77346078-7/76713273-5/11	4N Til Til(HN Metales) Inversiones Saldivia SpaServicio Standar	NO	0
77346078-7	4N Til Til	#N/D	(Orquidea) Hilanderia Maisa	16	Servicio Standar (Ecommerce)	#N/D	4N Til Til(Orquidea) Hilanderia MaisaServicio Standar (Ecommerce)	NO	0
77346078-7	4N Til Til	79647180-8	Comercial Reginella Ltda	16	Servicio Standar (Ecommerce)	77346078-7/79647180-8/16	4N Til TilComercial Reginella LtdaServicio Standar (Ecommerce)	NO	0
77346078-7	4N Til Til	78599750-6	InduAmbiente	20	Servicio Standar (Lanzado)	77346078-7/78599750-6/20	4N Til TilInduAmbienteServicio Standar (Lanzado)	NO	0
77346078-7	4N Til Til	60910000-1	Universidad de chile	11	Servicio Standar	77346078-7/60910000-1/11	4N Til TilUniversidad de chileServicio Standar	NO	0
77346078-7	4N Til Til	77970068-2	Vinilo	11	Servicio Standar	77346078-7/77970068-2/11	4N Til TilViniloServicio Standar	NO	0
77346078-7	4N Troncal Sur 3	76288430-5	(Postalchile) Sociedad De Distribucion Y Logistica Postalchile Ltda	15	Servicio Standar (Correspondencia)	77346078-7/76288430-5/15	4N Troncal Sur 3(Postalchile) Sociedad De Distribucion Y Logistica Postalchile LtdaServicio Standar (Correspondencia)	NO	0
77346078-7	4N Troncal Sur 3	76288430-5	(Postalchile) Sociedad De Distribucion Y Logistica Postalchile Ltda	16	Servicio Standar (Ecommerce)	77346078-7/76288430-5/16	4N Troncal Sur 3(Postalchile) Sociedad De Distribucion Y Logistica Postalchile LtdaServicio Standar (Ecommerce)	NO	0
77346078-7	4N Troncal Sur 3	76438001-0	(R. Ambiente) Ambiente diseño y Comunicacion Spa	11	Servicio Standar	77346078-7/76438001-0/11	4N Troncal Sur 3(R. Ambiente) Ambiente diseño y Comunicacion SpaServicio Standar	NO	0
77346078-7	4N Troncal Sur 3	77415130-3	(Ushop) Articulos Publicitarios LW	11	Servicio Standar	77346078-7/77415130-3/11	4N Troncal Sur 3(Ushop) Articulos Publicitarios LWServicio Standar	NO	0
77346078-7	4N Troncal Sur 3	77415130-3	(Ushop) Articulos Publicitarios LW	18	Servicio Standar (GMPI)	77346078-7/77415130-3/18	4N Troncal Sur 3(Ushop) Articulos Publicitarios LWServicio Standar (GMPI)	NO	0
77346078-7	4N Troncal Sur 3	77346078-7	4Nortes	1	Abastecimiento de insumos	77346078-7/77346078-7/1	4N Troncal Sur 34NortesAbastecimiento de insumos	NO	0
77346078-7	4N Troncal Sur 3	77346078-7	4Nortes	11	Servicio Standar	77346078-7/77346078-7/11	4N Troncal Sur 34NortesServicio Standar	NO	0
77346078-7	4N Troncal Sur 3	77346078-7	4Nortes	13	Servicio Standar (Compra Agil)	77346078-7/77346078-7/13	4N Troncal Sur 34NortesServicio Standar (Compra Agil)	NO	0
77346078-7	4N Troncal Sur 3	77419350-2	Adhegraf	11	Servicio Standar	77346078-7/77419350-2/11	4N Troncal Sur 3AdhegrafServicio Standar	NO	0
77346078-7	4N Troncal Sur 3	96830710-k	Aimpresores	11	Servicio Standar	77346078-7/96830710-k/11	4N Troncal Sur 3AimpresoresServicio Standar	NO	0
77346078-7	4N Troncal Sur 3	96830710-k	Aimpresores	14	Servicio Standar (Condenast)	77346078-7/96830710-k/14	4N Troncal Sur 3AimpresoresServicio Standar (Condenast)	NO	0
77346078-7	4N Troncal Sur 3	96830710-k	Aimpresores	17	Servicio Standar (Fucoa)	77346078-7/96830710-k/17	4N Troncal Sur 3AimpresoresServicio Standar (Fucoa)	SI	1
77346078-7	4N Troncal Sur 3	77310592-8	BGB SPA	11	Servicio Standar	77346078-7/77310592-8/11	4N Troncal Sur 3BGB SPAServicio Standar	NO	0
77346078-7	4N Troncal Sur 3	81826800-9	Cajas Los Andes	8	Retornos	77346078-7/81826800-9/8	4N Troncal Sur 3Cajas Los AndesRetornos	NO	0
77346078-7	4N Troncal Sur 3	81826800-9	Cajas Los Andes	24	Servicio Standar (Providencia)	77346078-7/81826800-9/24	4N Troncal Sur 3Cajas Los AndesServicio Standar (Providencia)	SI	1
77346078-7	4N Troncal Sur 3	81826800-9	Cajas Los Andes	31	Servicio Standar (Stgo Alonso)	77346078-7/81826800-9/31	4N Troncal Sur 3Cajas Los AndesServicio Standar (Stgo Alonso)	NO	0
77346078-7	4N Troncal Sur 3	96950080-9	Chilepost	11	Servicio Standar	77346078-7/96950080-9/11	4N Troncal Sur 3ChilepostServicio Standar	NO	0
77346078-7	4N Troncal Sur 3	85037900-9	Comercial Peumo Ltda	33	Servicio Standar (V. Trabajadores)	77346078-7/85037900-9/33	4N Troncal Sur 3Comercial Peumo LtdaServicio Standar (V. Trabajadores)	NO	0
77346078-7	4N Troncal Sur 3	79647180-8	Comercial Reginella Ltda	21	Servicio Standar (Mayorista)	77346078-7/79647180-8/21	4N Troncal Sur 3Comercial Reginella LtdaServicio Standar (Mayorista)	NO	0
77346078-7	4N Troncal Sur 3	76504464-2	Comercial VLB Ltda	11	Servicio Standar	77346078-7/76504464-2/11	4N Troncal Sur 3Comercial VLB LtdaServicio Standar	NO	0
77346078-7	4N Troncal Sur 3	96511460-2	Construmart	4	Correspondencia diaria	77346078-7/96511460-2/4	4N Troncal Sur 3ConstrumartCorrespondencia diaria	NO	0
77346078-7	4N Troncal Sur 3	96511460-2	Construmart	11	Servicio Standar	77346078-7/96511460-2/11	4N Troncal Sur 3ConstrumartServicio Standar	NO	0
77346078-7	4N Troncal Sur 3	89807200-2	Cruz Verde	3	Catalogo Publicitario	77346078-7/89807200-2/3	4N Troncal Sur 3Cruz VerdeCatalogo Publicitario	SI	1
77346078-7	4N Troncal Sur 3	89807200-2	Cruz Verde	5	Correspondencia diaria (Valijas)	77346078-7/89807200-2/5	4N Troncal Sur 3Cruz VerdeCorrespondencia diaria (Valijas)	SI	1
77346078-7	4N Troncal Sur 3	89807200-2	Cruz Verde	6	Material Publicitario	77346078-7/89807200-2/6	4N Troncal Sur 3Cruz VerdeMaterial Publicitario	SI	1
77346078-7	4N Troncal Sur 3	89807200-2	Cruz Verde	7	Retiro en ruta	77346078-7/89807200-2/7	4N Troncal Sur 3Cruz VerdeRetiro en ruta	NO	0
77346078-7	4N Troncal Sur 3	89807200-2	Cruz Verde	11	Servicio Standar	77346078-7/89807200-2/11	4N Troncal Sur 3Cruz VerdeServicio Standar	SI	1
77346078-7	4N Troncal Sur 3	89807200-2	Cruz Verde	19	Servicio Standar (Kit de ingreso)	77346078-7/89807200-2/19	4N Troncal Sur 3Cruz VerdeServicio Standar (Kit de ingreso)	SI	1
77346078-7	4N Troncal Sur 3	#N/D	Diario el Sur	11	Servicio Standar	#N/D	4N Troncal Sur 3Diario el SurServicio Standar	NO	0
77346078-7	4N Troncal Sur 3	#N/D	Disalcar	11	Servicio Standar	#N/D	4N Troncal Sur 3DisalcarServicio Standar	NO	0
77346078-7	4N Troncal Sur 3	78064534-2	Drop	11	Servicio Standar	77346078-7/78064534-2/11	4N Troncal Sur 3DropServicio Standar	NO	0
77346078-7	4N Troncal Sur 3	77907823-K	Ecopaños y Huaipes SPA	11	Servicio Standar	77346078-7/77907823-K/11	4N Troncal Sur 3Ecopaños y Huaipes SPAServicio Standar	NO	0
77346078-7	4N Troncal Sur 3	76377752-9	Ediciones Issue Spa	20	Servicio Standar (Lanzado)	77346078-7/76377752-9/20	4N Troncal Sur 3Ediciones Issue SpaServicio Standar (Lanzado)	NO	0
77346078-7	4N Troncal Sur 3	78445850-4	Envia Ltda	11	Servicio Standar	77346078-7/78445850-4/11	4N Troncal Sur 3Envia LtdaServicio Standar	NO	0
77346078-7	4N Troncal Sur 3	78293000-1	Global Courier SA	7	Retiro en ruta	77346078-7/78293000-1/7	4N Troncal Sur 3Global Courier SARetiro en ruta	NO	0
77346078-7	4N Troncal Sur 3	78293000-1	Global Courier SA	8	Retornos	77346078-7/78293000-1/8	4N Troncal Sur 3Global Courier SARetornos	NO	0
77346078-7	4N Troncal Sur 3	78293000-1	Global Courier SA	11	Servicio Standar	77346078-7/78293000-1/11	4N Troncal Sur 3Global Courier SAServicio Standar	NO	0
77346078-7	4N Troncal Sur 3	76631490-2	Global Med	11	Servicio Standar	77346078-7/76631490-2/11	4N Troncal Sur 3Global MedServicio Standar	NO	0
77346078-7	4N Troncal Sur 3	90106000-2	Grafica Quilicura	11	Servicio Standar	77346078-7/90106000-2/11	4N Troncal Sur 3Grafica QuilicuraServicio Standar	NO	0
77346078-7	4N Troncal Sur 3	90106000-2	Grafica Quilicura	25	Servicio Standar (R. Carabineros de chile)	77346078-7/90106000-2/25	4N Troncal Sur 3Grafica QuilicuraServicio Standar (R. Carabineros de chile)	NO	0
77346078-7	4N Troncal Sur 3	90106000-2	Grafica Quilicura	26	Servicio Standar (R. Los Heroes)	77346078-7/90106000-2/26	4N Troncal Sur 3Grafica QuilicuraServicio Standar (R. Los Heroes)	NO	0
77346078-7	4N Troncal Sur 3	77861584-3	Habasit	9	Servicio Sameday	77346078-7/77861584-3/9	4N Troncal Sur 3HabasitServicio Sameday	NO	0
77346078-7	4N Troncal Sur 3	77861584-3	Habasit	11	Servicio Standar	77346078-7/77861584-3/11	4N Troncal Sur 3HabasitServicio Standar	NO	0
77346078-7	4N Troncal Sur 3	76072176-K	Hemisferio Norte SA	11	Servicio Standar	77346078-7/76072176-K/11	4N Troncal Sur 3Hemisferio Norte SAServicio Standar	NO	0
77346078-7	4N Troncal Sur 3	76336423-2	Imprenta Babieca	11	Servicio Standar	77346078-7/76336423-2/11	4N Troncal Sur 3Imprenta BabiecaServicio Standar	NO	0
77346078-7	4N Troncal Sur 3	79840580-2	Imprenta Socias Ltda	11	Servicio Standar	77346078-7/79840580-2/11	4N Troncal Sur 3Imprenta Socias LtdaServicio Standar	NO	0
77346078-7	4N Troncal Sur 3	#N/D	La Hora	11	Servicio Standar	#N/D	4N Troncal Sur 3La HoraServicio Standar	NO	0
77346078-7	4N Troncal Sur 3	79500520-K	Maicao	2	Abastecimiento Uniformes	77346078-7/79500520-K/2	4N Troncal Sur 3MaicaoAbastecimiento Uniformes	NO	0
77346078-7	4N Troncal Sur 3	79500520-K	Maicao	3	Catalogo Publicitario	77346078-7/79500520-K/3	4N Troncal Sur 3MaicaoCatalogo Publicitario	NO	0
77346078-7	4N Troncal Sur 3	79500520-K	Maicao	4	Correspondencia diaria	77346078-7/79500520-K/4	4N Troncal Sur 3MaicaoCorrespondencia diaria	NO	0
77346078-7	4N Troncal Sur 3	79500520-K	Maicao	6	Material Publicitario	77346078-7/79500520-K/6	4N Troncal Sur 3MaicaoMaterial Publicitario	NO	0
77346078-7	4N Troncal Sur 3	79500520-K	Maicao	11	Servicio Standar	77346078-7/79500520-K/11	4N Troncal Sur 3MaicaoServicio Standar	NO	0
77346078-7	4N Troncal Sur 3	76057337-K	Nutrabody	16	Servicio Standar (Ecommerce)	77346078-7/76057337-K/16	4N Troncal Sur 3NutrabodyServicio Standar (Ecommerce)	NO	0
77346078-7	4N Troncal Sur 3	76710584-3	Opia Marcketing Spa	11	Servicio Standar	77346078-7/76710584-3/11	4N Troncal Sur 3Opia Marcketing SpaServicio Standar	NO	0
77346078-7	4N Troncal Sur 3	76012833-3	Rendic Hmnos	8	Retornos	77346078-7/76012833-3/8	4N Troncal Sur 3Rendic HmnosRetornos	NO	0
77346078-7	4N Troncal Sur 3	76012833-3	Rendic Hmnos	12	Servicio Standar (Alvi)	77346078-7/76012833-3/12	4N Troncal Sur 3Rendic HmnosServicio Standar (Alvi)	NO	0
77346078-7	4N Troncal Sur 3	76012833-3	Rendic Hmnos	22	Servicio Standar (Of. Central)	77346078-7/76012833-3/22	4N Troncal Sur 3Rendic HmnosServicio Standar (Of. Central)	SI	1
77346078-7	4N Troncal Sur 3	76012833-3	Rendic Hmnos	23	Servicio Standar (Proveedores)	77346078-7/76012833-3/23	4N Troncal Sur 3Rendic HmnosServicio Standar (Proveedores)	SI	1
77346078-7	4N Troncal Sur 3	76012833-3	Rendic Hmnos	32	Servicio Standar (Tecnologia)	77346078-7/76012833-3/32	4N Troncal Sur 3Rendic HmnosServicio Standar (Tecnologia)	SI	1
77346078-7	4N Troncal Sur 3	76012833-3	Rendic Hmnos	34	Servicio Standar (Valijas)	77346078-7/76012833-3/34	4N Troncal Sur 3Rendic HmnosServicio Standar (Valijas)	SI	1
77346078-7	4N Troncal Sur 3	76263819-3	Revesderecho	16	Servicio Standar (Ecommerce)	77346078-7/76263819-3/16	4N Troncal Sur 3RevesderechoServicio Standar (Ecommerce)	NO	0
77346078-7	4N Troncal Sur 3	76263819-3	Revesderecho	21	Servicio Standar (Mayorista)	77346078-7/76263819-3/21	4N Troncal Sur 3RevesderechoServicio Standar (Mayorista)	NO	0
77346078-7	4N Troncal Sur 3	76263819-3	Revesderecho	27	Servicio Standar (R. Tiendas)	77346078-7/76263819-3/27	4N Troncal Sur 3RevesderechoServicio Standar (R. Tiendas)	NO	0
77346078-7	4N Troncal Sur 3	76263819-3	Revesderecho	28	Servicio Standar (Retail)	77346078-7/76263819-3/28	4N Troncal Sur 3RevesderechoServicio Standar (Retail)	NO	0
77346078-7	4N Troncal Sur 3	76263819-3	Revesderecho	29	Servicio Standar (Retorno)	77346078-7/76263819-3/29	4N Troncal Sur 3RevesderechoServicio Standar (Retorno)	NO	0
77346078-7	4N Troncal Sur 3	76263819-3	Revesderecho	30	Servicio Standar (SAC)	77346078-7/76263819-3/30	4N Troncal Sur 3RevesderechoServicio Standar (SAC)	NO	0
77346078-7	4N Troncal Sur 3	#N/D	Solventa	11	Servicio Standar	#N/D	4N Troncal Sur 3SolventaServicio Standar	SI	1
77346078-7	4N Troncal Sur 3	78347433-6	The Planners Group Spa	11	Servicio Standar	77346078-7/78347433-6/11	4N Troncal Sur 3The Planners Group SpaServicio Standar	NO	0
77346078-7	4N Troncal Sur 3	76058647-1	Verisure Spa	8	Retornos	77346078-7/76058647-1/8	4N Troncal Sur 3Verisure SpaRetornos	NO	0
77346078-7	4N Troncal Sur 3	76058647-1	Verisure Spa	11	Servicio Standar	77346078-7/76058647-1/11	4N Troncal Sur 3Verisure SpaServicio Standar	NO	0
77346078-7	4N Troncal Sur 3	76713273-5	(HN Metales) Inversiones Saldivia Spa	11	Servicio Standar	77346078-7/76713273-5/11	4N Troncal Sur 3(HN Metales) Inversiones Saldivia SpaServicio Standar	NO	0
77346078-7	4N Troncal Sur 3	#N/D	(Orquidea) Hilanderia Maisa	16	Servicio Standar (Ecommerce)	#N/D	4N Troncal Sur 3(Orquidea) Hilanderia MaisaServicio Standar (Ecommerce)	NO	0
77346078-7	4N Troncal Sur 3	79647180-8	Comercial Reginella Ltda	16	Servicio Standar (Ecommerce)	77346078-7/79647180-8/16	4N Troncal Sur 3Comercial Reginella LtdaServicio Standar (Ecommerce)	NO	0
77346078-7	4N Troncal Sur 3	78599750-6	InduAmbiente	20	Servicio Standar (Lanzado)	77346078-7/78599750-6/20	4N Troncal Sur 3InduAmbienteServicio Standar (Lanzado)	NO	0
77346078-7	4N Troncal Sur 3	60910000-1	Universidad de chile	11	Servicio Standar	77346078-7/60910000-1/11	4N Troncal Sur 3Universidad de chileServicio Standar	NO	0
77346078-7	4N Troncal Sur 3	77970068-2	Vinilo	11	Servicio Standar	77346078-7/77970068-2/11	4N Troncal Sur 3ViniloServicio Standar	NO	0
77346078-7	4N RM	76288430-5	(Postalchile) Sociedad De Distribucion Y Logistica Postalchile Ltda	15	Servicio Standar (Correspondencia)	77346078-7/76288430-5/15	4N RM(Postalchile) Sociedad De Distribucion Y Logistica Postalchile LtdaServicio Standar (Correspondencia)	SI	1
77346078-7	4N RM	76288430-5	(Postalchile) Sociedad De Distribucion Y Logistica Postalchile Ltda	16	Servicio Standar (Ecommerce)	77346078-7/76288430-5/16	4N RM(Postalchile) Sociedad De Distribucion Y Logistica Postalchile LtdaServicio Standar (Ecommerce)	SI	1
77346078-7	4N RM	76438001-0	(R. Ambiente) Ambiente diseño y Comunicacion Spa	11	Servicio Standar	77346078-7/76438001-0/11	4N RM(R. Ambiente) Ambiente diseño y Comunicacion SpaServicio Standar	SI	15
77346078-7	4N RM	77415130-3	(Ushop) Articulos Publicitarios LW	11	Servicio Standar	77346078-7/77415130-3/11	4N RM(Ushop) Articulos Publicitarios LWServicio Standar	SI	1
77346078-7	4N RM	77415130-3	(Ushop) Articulos Publicitarios LW	18	Servicio Standar (GMPI)	77346078-7/77415130-3/18	4N RM(Ushop) Articulos Publicitarios LWServicio Standar (GMPI)	SI	1
77346078-7	4N RM	77346078-7	4Nortes	1	Abastecimiento de insumos	77346078-7/77346078-7/1	4N RM4NortesAbastecimiento de insumos	NO	0
77346078-7	4N RM	77346078-7	4Nortes	11	Servicio Standar	77346078-7/77346078-7/11	4N RM4NortesServicio Standar	NO	0
77346078-7	4N RM	77346078-7	4Nortes	13	Servicio Standar (Compra Agil)	77346078-7/77346078-7/13	4N RM4NortesServicio Standar (Compra Agil)	SI	1
77346078-7	4N RM	77419350-2	Adhegraf	11	Servicio Standar	77346078-7/77419350-2/11	4N RMAdhegrafServicio Standar	SI	1
77346078-7	4N RM	96830710-k	Aimpresores	11	Servicio Standar	77346078-7/96830710-k/11	4N RMAimpresoresServicio Standar	SI	1
77346078-7	4N RM	96830710-k	Aimpresores	14	Servicio Standar (Condenast)	77346078-7/96830710-k/14	4N RMAimpresoresServicio Standar (Condenast)	SI	1
77346078-7	4N RM	96830710-k	Aimpresores	17	Servicio Standar (Fucoa)	77346078-7/96830710-k/17	4N RMAimpresoresServicio Standar (Fucoa)	SI	1
77346078-7	4N RM	77310592-8	BGB SPA	11	Servicio Standar	77346078-7/77310592-8/11	4N RMBGB SPAServicio Standar	SI	1
77346078-7	4N RM	81826800-9	Cajas Los Andes	8	Retornos	77346078-7/81826800-9/8	4N RMCajas Los AndesRetornos	NO	0
77346078-7	4N RM	81826800-9	Cajas Los Andes	24	Servicio Standar (Providencia)	77346078-7/81826800-9/24	4N RMCajas Los AndesServicio Standar (Providencia)	SI	1
77346078-7	4N RM	81826800-9	Cajas Los Andes	31	Servicio Standar (Stgo Alonso)	77346078-7/81826800-9/31	4N RMCajas Los AndesServicio Standar (Stgo Alonso)	SI	1
77346078-7	4N RM	96950080-9	Chilepost	11	Servicio Standar	77346078-7/96950080-9/11	4N RMChilepostServicio Standar	NO	0
77346078-7	4N RM	85037900-9	Comercial Peumo Ltda	33	Servicio Standar (V. Trabajadores)	77346078-7/85037900-9/33	4N RMComercial Peumo LtdaServicio Standar (V. Trabajadores)	NO	0
77346078-7	4N RM	79647180-8	Comercial Reginella Ltda	21	Servicio Standar (Mayorista)	77346078-7/79647180-8/21	4N RMComercial Reginella LtdaServicio Standar (Mayorista)	SI	4
77346078-7	4N RM	76504464-2	Comercial VLB Ltda	11	Servicio Standar	77346078-7/76504464-2/11	4N RMComercial VLB LtdaServicio Standar	NO	0
77346078-7	4N RM	96511460-2	Construmart	4	Correspondencia diaria	77346078-7/96511460-2/4	4N RMConstrumartCorrespondencia diaria	NO	0
77346078-7	4N RM	96511460-2	Construmart	11	Servicio Standar	77346078-7/96511460-2/11	4N RMConstrumartServicio Standar	NO	0
77346078-7	4N RM	89807200-2	Cruz Verde	3	Catalogo Publicitario	77346078-7/89807200-2/3	4N RMCruz VerdeCatalogo Publicitario	NO	0
77346078-7	4N RM	89807200-2	Cruz Verde	5	Correspondencia diaria (Valijas)	77346078-7/89807200-2/5	4N RMCruz VerdeCorrespondencia diaria (Valijas)	NO	0
77346078-7	4N RM	89807200-2	Cruz Verde	6	Material Publicitario	77346078-7/89807200-2/6	4N RMCruz VerdeMaterial Publicitario	NO	0
77346078-7	4N RM	89807200-2	Cruz Verde	7	Retiro en ruta	77346078-7/89807200-2/7	4N RMCruz VerdeRetiro en ruta	NO	0
77346078-7	4N RM	89807200-2	Cruz Verde	11	Servicio Standar	77346078-7/89807200-2/11	4N RMCruz VerdeServicio Standar	NO	0
77346078-7	4N RM	89807200-2	Cruz Verde	19	Servicio Standar (Kit de ingreso)	77346078-7/89807200-2/19	4N RMCruz VerdeServicio Standar (Kit de ingreso)	NO	0
77346078-7	4N RM	#N/D	Diario el Sur	11	Servicio Standar	#N/D	4N RMDiario el SurServicio Standar	SI	1
77346078-7	4N RM	#N/D	Disalcar	11	Servicio Standar	#N/D	4N RMDisalcarServicio Standar	SI	1
77346078-7	4N RM	78064534-2	Drop	11	Servicio Standar	77346078-7/78064534-2/11	4N RMDropServicio Standar	SI	1
77346078-7	4N RM	77907823-K	Ecopaños y Huaipes SPA	11	Servicio Standar	77346078-7/77907823-K/11	4N RMEcopaños y Huaipes SPAServicio Standar	SI	1
77346078-7	4N RM	76377752-9	Ediciones Issue Spa	20	Servicio Standar (Lanzado)	77346078-7/76377752-9/20	4N RMEdiciones Issue SpaServicio Standar (Lanzado)	SI	1
77346078-7	4N RM	78445850-4	Envia Ltda	11	Servicio Standar	77346078-7/78445850-4/11	4N RMEnvia LtdaServicio Standar	SI	1
77346078-7	4N RM	78293000-1	Global Courier SA	7	Retiro en ruta	77346078-7/78293000-1/7	4N RMGlobal Courier SARetiro en ruta	NO	0
77346078-7	4N RM	78293000-1	Global Courier SA	8	Retornos	77346078-7/78293000-1/8	4N RMGlobal Courier SARetornos	NO	0
77346078-7	4N RM	78293000-1	Global Courier SA	11	Servicio Standar	77346078-7/78293000-1/11	4N RMGlobal Courier SAServicio Standar	SI	1
77346078-7	4N RM	76631490-2	Global Med	11	Servicio Standar	77346078-7/76631490-2/11	4N RMGlobal MedServicio Standar	SI	1
77346078-7	4N RM	90106000-2	Grafica Quilicura	11	Servicio Standar	77346078-7/90106000-2/11	4N RMGrafica QuilicuraServicio Standar	SI	1
77346078-7	4N RM	90106000-2	Grafica Quilicura	25	Servicio Standar (R. Carabineros de chile)	77346078-7/90106000-2/25	4N RMGrafica QuilicuraServicio Standar (R. Carabineros de chile)	SI	1
77346078-7	4N RM	90106000-2	Grafica Quilicura	26	Servicio Standar (R. Los Heroes)	77346078-7/90106000-2/26	4N RMGrafica QuilicuraServicio Standar (R. Los Heroes)	SI	1
77346078-7	4N RM	77861584-3	Habasit	9	Servicio Sameday	77346078-7/77861584-3/9	4N RMHabasitServicio Sameday	SI	1
77346078-7	4N RM	77861584-3	Habasit	11	Servicio Standar	77346078-7/77861584-3/11	4N RMHabasitServicio Standar	SI	1
77346078-7	4N RM	76072176-K	Hemisferio Norte SA	11	Servicio Standar	77346078-7/76072176-K/11	4N RMHemisferio Norte SAServicio Standar	SI	1
77346078-7	4N RM	76336423-2	Imprenta Babieca	11	Servicio Standar	77346078-7/76336423-2/11	4N RMImprenta BabiecaServicio Standar	SI	1
77346078-7	4N RM	79840580-2	Imprenta Socias Ltda	11	Servicio Standar	77346078-7/79840580-2/11	4N RMImprenta Socias LtdaServicio Standar	SI	1
77346078-7	4N RM	#N/D	La Hora	11	Servicio Standar	#N/D	4N RMLa HoraServicio Standar	SI	0
77346078-7	4N RM	79500520-K	Maicao	2	Abastecimiento Uniformes	77346078-7/79500520-K/2	4N RMMaicaoAbastecimiento Uniformes	NO	0
77346078-7	4N RM	79500520-K	Maicao	3	Catalogo Publicitario	77346078-7/79500520-K/3	4N RMMaicaoCatalogo Publicitario	NO	0
77346078-7	4N RM	79500520-K	Maicao	4	Correspondencia diaria	77346078-7/79500520-K/4	4N RMMaicaoCorrespondencia diaria	SI	1
77346078-7	4N RM	79500520-K	Maicao	6	Material Publicitario	77346078-7/79500520-K/6	4N RMMaicaoMaterial Publicitario	NO	0
77346078-7	4N RM	79500520-K	Maicao	11	Servicio Standar	77346078-7/79500520-K/11	4N RMMaicaoServicio Standar	NO	0
77346078-7	4N RM	76057337-K	Nutrabody	16	Servicio Standar (Ecommerce)	77346078-7/76057337-K/16	4N RMNutrabodyServicio Standar (Ecommerce)	SI	1
77346078-7	4N RM	76710584-3	Opia Marcketing Spa	11	Servicio Standar	77346078-7/76710584-3/11	4N RMOpia Marcketing SpaServicio Standar	SI	1
77346078-7	4N RM	76012833-3	Rendic Hmnos	8	Retornos	77346078-7/76012833-3/8	4N RMRendic HmnosRetornos	NO	0
77346078-7	4N RM	76012833-3	Rendic Hmnos	12	Servicio Standar (Alvi)	77346078-7/76012833-3/12	4N RMRendic HmnosServicio Standar (Alvi)	SI	1
77346078-7	4N RM	76012833-3	Rendic Hmnos	22	Servicio Standar (Of. Central)	77346078-7/76012833-3/22	4N RMRendic HmnosServicio Standar (Of. Central)	SI	1
77346078-7	4N RM	76012833-3	Rendic Hmnos	23	Servicio Standar (Proveedores)	77346078-7/76012833-3/23	4N RMRendic HmnosServicio Standar (Proveedores)	SI	1
77346078-7	4N RM	76012833-3	Rendic Hmnos	32	Servicio Standar (Tecnologia)	77346078-7/76012833-3/32	4N RMRendic HmnosServicio Standar (Tecnologia)	SI	1
77346078-7	4N RM	76012833-3	Rendic Hmnos	34	Servicio Standar (Valijas)	77346078-7/76012833-3/34	4N RMRendic HmnosServicio Standar (Valijas)	NO	0
77346078-7	4N RM	76263819-3	Revesderecho	16	Servicio Standar (Ecommerce)	77346078-7/76263819-3/16	4N RMRevesderechoServicio Standar (Ecommerce)	SI	4
77346078-7	4N RM	76263819-3	Revesderecho	21	Servicio Standar (Mayorista)	77346078-7/76263819-3/21	4N RMRevesderechoServicio Standar (Mayorista)	SI	4
77346078-7	4N RM	76263819-3	Revesderecho	27	Servicio Standar (R. Tiendas)	77346078-7/76263819-3/27	4N RMRevesderechoServicio Standar (R. Tiendas)	SI	4
77346078-7	4N RM	76263819-3	Revesderecho	28	Servicio Standar (Retail)	77346078-7/76263819-3/28	4N RMRevesderechoServicio Standar (Retail)	SI	4
77346078-7	4N RM	76263819-3	Revesderecho	29	Servicio Standar (Retorno)	77346078-7/76263819-3/29	4N RMRevesderechoServicio Standar (Retorno)	NO	0
77346078-7	4N RM	76263819-3	Revesderecho	30	Servicio Standar (SAC)	77346078-7/76263819-3/30	4N RMRevesderechoServicio Standar (SAC)	SI	4
77346078-7	4N RM	#N/D	Solventa	11	Servicio Standar	#N/D	4N RMSolventaServicio Standar	NO	0
77346078-7	4N RM	78347433-6	The Planners Group Spa	11	Servicio Standar	77346078-7/78347433-6/11	4N RMThe Planners Group SpaServicio Standar	SI	1
77346078-7	4N RM	76058647-1	Verisure Spa	8	Retornos	77346078-7/76058647-1/8	4N RMVerisure SpaRetornos	NO	0
77346078-7	4N RM	76058647-1	Verisure Spa	11	Servicio Standar	77346078-7/76058647-1/11	4N RMVerisure SpaServicio Standar	SI	1
77346078-7	4N RM	76713273-5	(HN Metales) Inversiones Saldivia Spa	11	Servicio Standar	77346078-7/76713273-5/11	4N RM(HN Metales) Inversiones Saldivia SpaServicio Standar	SI	1
77346078-7	4N RM	#N/D	(Orquidea) Hilanderia Maisa	16	Servicio Standar (Ecommerce)	#N/D	4N RM(Orquidea) Hilanderia MaisaServicio Standar (Ecommerce)	SI	1
77346078-7	4N RM	79647180-8	Comercial Reginella Ltda	16	Servicio Standar (Ecommerce)	77346078-7/79647180-8/16	4N RMComercial Reginella LtdaServicio Standar (Ecommerce)	SI	4
77346078-7	4N RM	78599750-6	InduAmbiente	20	Servicio Standar (Lanzado)	77346078-7/78599750-6/20	4N RMInduAmbienteServicio Standar (Lanzado)	SI	1
77346078-7	4N RM	60910000-1	Universidad de chile	11	Servicio Standar	77346078-7/60910000-1/11	4N RMUniversidad de chileServicio Standar	SI	1
77346078-7	4N RM	77970068-2	Vinilo	11	Servicio Standar	77346078-7/77970068-2/11	4N RMViniloServicio Standar	SI	1
77145818-1	Carlos Villaseca (Talca)	#N/D	CALA  SPA	11	Servicio Standar	#N/D	Carlos Villaseca (Talca)CALA  SPAServicio Standar	SI	2
11189365-9	Casa Blanca (V Region)	#N/D	CALA  SPA	11	Servicio Standar	#N/D	Casa Blanca (V Region)CALA  SPAServicio Standar	SI	2
8960481-8	Celia Leon (Litoral)	#N/D	CALA  SPA	11	Servicio Standar	#N/D	Celia Leon (Litoral)CALA  SPAServicio Standar	SI	12
77300326-2	Claudio Castro (Antofagasta)	#N/D	CALA  SPA	11	Servicio Standar	#N/D	Claudio Castro (Antofagasta)CALA  SPAServicio Standar	SI	2
76064767-5	Daphne Katalina Meza Ramos (San Fernando)	#N/D	CALA  SPA	11	Servicio Standar	#N/D	Daphne Katalina Meza Ramos (San Fernando)CALA  SPAServicio Standar	SI	16
77458608-3	Deyna (Valdivia)	#N/D	CALA  SPA	11	Servicio Standar	#N/D	Deyna (Valdivia)CALA  SPAServicio Standar	SI	2
0-0	Envio externo	#N/D	CALA  SPA	11	Servicio Standar	#N/D	Envio externoCALA  SPAServicio Standar	SI	2
16945660-7	Fabian Pino (Isla)	#N/D	CALA  SPA	11	Servicio Standar	#N/D	Fabian Pino (Isla)CALA  SPAServicio Standar	SI	2
77301587-2	Graciela Burgos (Copiapo)	#N/D	CALA  SPA	11	Servicio Standar	#N/D	Graciela Burgos (Copiapo)CALA  SPAServicio Standar	SI	2
77301587-2	Graciela Burgos (Vallenar)	#N/D	CALA  SPA	11	Servicio Standar	#N/D	Graciela Burgos (Vallenar)CALA  SPAServicio Standar	SI	2
9846947-8	Hector Rivera (Coquimbo)	#N/D	CALA  SPA	11	Servicio Standar	#N/D	Hector Rivera (Coquimbo)CALA  SPAServicio Standar	SI	2
8906841-K	Hugo Lopez (Rancagua)	#N/D	CALA  SPA	11	Servicio Standar	#N/D	Hugo Lopez (Rancagua)CALA  SPAServicio Standar	SI	2
13590206-3	Johanna Oyarzo (Osorno)	#N/D	CALA  SPA	11	Servicio Standar	#N/D	Johanna Oyarzo (Osorno)CALA  SPAServicio Standar	SI	2
76115557-1	Jorge Gonzalez (ptas Arenas)	#N/D	CALA  SPA	11	Servicio Standar	#N/D	Jorge Gonzalez (ptas Arenas)CALA  SPAServicio Standar	SI	16
11942383-K	Jose Caneo (La Ligua)	#N/D	CALA  SPA	11	Servicio Standar	#N/D	Jose Caneo (La Ligua)CALA  SPAServicio Standar	SI	11
77346078-7	Latam	#N/D	CALA  SPA	11	Servicio Standar	#N/D	LatamCALA  SPAServicio Standar	NO	0
76052551-0	Mercasur	#N/D	CALA  SPA	11	Servicio Standar	#N/D	MercasurCALA  SPAServicio Standar	SI	2
17657150-0	Micael Figueroa (Los Andes)	#N/D	CALA  SPA	11	Servicio Standar	#N/D	Micael Figueroa (Los Andes)CALA  SPAServicio Standar	SI	11
76528088-5	Miguel Celis (Curico)	#N/D	CALA  SPA	11	Servicio Standar	#N/D	Miguel Celis (Curico)CALA  SPAServicio Standar	SI	2
10124367-2	Nelson Cisterna (Arica)	#N/D	CALA  SPA	11	Servicio Standar	#N/D	Nelson Cisterna (Arica)CALA  SPAServicio Standar	SI	2
77201525-9	Operador Curacavi	#N/D	CALA  SPA	11	Servicio Standar	#N/D	Operador CuracaviCALA  SPAServicio Standar	SI	2
7481733-5	Sergio Pino (Pto Montt)	#N/D	CALA  SPA	11	Servicio Standar	#N/D	Sergio Pino (Pto Montt)CALA  SPAServicio Standar	SI	2
77417055-3	Tamara Maldonado (Balmaceda)	#N/D	CALA  SPA	11	Servicio Standar	#N/D	Tamara Maldonado (Balmaceda)CALA  SPAServicio Standar	SI	16
76147222-4	Transporte Mandame (Talagante)	#N/D	CALA  SPA	11	Servicio Standar	#N/D	Transporte Mandame (Talagante)CALA  SPAServicio Standar	SI	3
19488954-2	Paula Valencia (Viña del Mar)	#N/D	CALA  SPA	11	Servicio Standar	#N/D	Paula Valencia (Viña del Mar)CALA  SPAServicio Standar	SI	11
76556632-0	Postman Cargo (Alto Hospicio)	#N/D	CALA  SPA	11	Servicio Standar	#N/D	Postman Cargo (Alto Hospicio)CALA  SPAServicio Standar	SI	14
76556632-0	Postman Cargo (Iquique)	#N/D	CALA  SPA	11	Servicio Standar	#N/D	Postman Cargo (Iquique)CALA  SPAServicio Standar	SI	11
13013180-8	Victor Robledo (Calama)	#N/D	CALA  SPA	11	Servicio Standar	#N/D	Victor Robledo (Calama)CALA  SPAServicio Standar	SI	11
11942383-K	Jose Caneo (Ovalle)	#N/D	CALA  SPA	11	Servicio Standar	#N/D	Jose Caneo (Ovalle)CALA  SPAServicio Standar	SI	11
77346078-7	4N Temuco	#N/D	CALA  SPA	11	Servicio Standar	#N/D	4N TemucoCALA  SPAServicio Standar	SI	8
77346078-7	4N Til Til	#N/D	CALA  SPA	11	Servicio Standar	#N/D	4N Til TilCALA  SPAServicio Standar	NO	0
77346078-7	4N Troncal Sur 3	#N/D	CALA  SPA	11	Servicio Standar	#N/D	4N Troncal Sur 3CALA  SPAServicio Standar	NO	0
77346078-7	4N RM	#N/D	CALA  SPA	11	Servicio Standar	#N/D	4N RMCALA  SPAServicio Standar	SI	1
77145818-1	Carlos Villaseca (Talca)	76578735-1	EVERGROUP SPA	11	Servicio Standar	77145818-1/76578735-1/11	Carlos Villaseca (Talca)EVERGROUP SPAServicio Standar	SI	2
11189365-9	Casa Blanca (V Region)	76578735-1	EVERGROUP SPA	11	Servicio Standar	11189365-9/76578735-1/11	Casa Blanca (V Region)EVERGROUP SPAServicio Standar	SI	2
8960481-8	Celia Leon (Litoral)	76578735-1	EVERGROUP SPA	11	Servicio Standar	8960481-8/76578735-1/11	Celia Leon (Litoral)EVERGROUP SPAServicio Standar	SI	12
77300326-2	Claudio Castro (Antofagasta)	76578735-1	EVERGROUP SPA	11	Servicio Standar	77300326-2/76578735-1/11	Claudio Castro (Antofagasta)EVERGROUP SPAServicio Standar	SI	2
76064767-5	Daphne Katalina Meza Ramos (San Fernando)	76578735-1	EVERGROUP SPA	11	Servicio Standar	76064767-5/76578735-1/11	Daphne Katalina Meza Ramos (San Fernando)EVERGROUP SPAServicio Standar	SI	16
77458608-3	Deyna (Valdivia)	76578735-1	EVERGROUP SPA	11	Servicio Standar	77458608-3/76578735-1/11	Deyna (Valdivia)EVERGROUP SPAServicio Standar	SI	2
0-0	Envio externo	76578735-1	EVERGROUP SPA	11	Servicio Standar	0-0/76578735-1/11	Envio externoEVERGROUP SPAServicio Standar	SI	2
16945660-7	Fabian Pino (Isla)	76578735-1	EVERGROUP SPA	11	Servicio Standar	16945660-7/76578735-1/11	Fabian Pino (Isla)EVERGROUP SPAServicio Standar	SI	2
77301587-2	Graciela Burgos (Copiapo)	76578735-1	EVERGROUP SPA	11	Servicio Standar	77301587-2/76578735-1/11	Graciela Burgos (Copiapo)EVERGROUP SPAServicio Standar	SI	2
77301587-2	Graciela Burgos (Vallenar)	76578735-1	EVERGROUP SPA	11	Servicio Standar	77301587-2/76578735-1/11	Graciela Burgos (Vallenar)EVERGROUP SPAServicio Standar	SI	2
9846947-8	Hector Rivera (Coquimbo)	76578735-1	EVERGROUP SPA	11	Servicio Standar	9846947-8/76578735-1/11	Hector Rivera (Coquimbo)EVERGROUP SPAServicio Standar	SI	2
8906841-K	Hugo Lopez (Rancagua)	76578735-1	EVERGROUP SPA	11	Servicio Standar	8906841-K/76578735-1/11	Hugo Lopez (Rancagua)EVERGROUP SPAServicio Standar	SI	2
13590206-3	Johanna Oyarzo (Osorno)	76578735-1	EVERGROUP SPA	11	Servicio Standar	13590206-3/76578735-1/11	Johanna Oyarzo (Osorno)EVERGROUP SPAServicio Standar	SI	2
76115557-1	Jorge Gonzalez (ptas Arenas)	76578735-1	EVERGROUP SPA	11	Servicio Standar	76115557-1/76578735-1/11	Jorge Gonzalez (ptas Arenas)EVERGROUP SPAServicio Standar	SI	16
11942383-K	Jose Caneo (La Ligua)	76578735-1	EVERGROUP SPA	11	Servicio Standar	11942383-K/76578735-1/11	Jose Caneo (La Ligua)EVERGROUP SPAServicio Standar	SI	11
77346078-7	Latam	76578735-1	EVERGROUP SPA	11	Servicio Standar	77346078-7/76578735-1/11	LatamEVERGROUP SPAServicio Standar	NO	0
76052551-0	Mercasur	76578735-1	EVERGROUP SPA	11	Servicio Standar	76052551-0/76578735-1/11	MercasurEVERGROUP SPAServicio Standar	SI	2
17657150-0	Micael Figueroa (Los Andes)	76578735-1	EVERGROUP SPA	11	Servicio Standar	17657150-0/76578735-1/11	Micael Figueroa (Los Andes)EVERGROUP SPAServicio Standar	SI	11
76528088-5	Miguel Celis (Curico)	76578735-1	EVERGROUP SPA	11	Servicio Standar	76528088-5/76578735-1/11	Miguel Celis (Curico)EVERGROUP SPAServicio Standar	SI	2
10124367-2	Nelson Cisterna (Arica)	76578735-1	EVERGROUP SPA	11	Servicio Standar	10124367-2/76578735-1/11	Nelson Cisterna (Arica)EVERGROUP SPAServicio Standar	SI	2
77201525-9	Operador Curacavi	76578735-1	EVERGROUP SPA	11	Servicio Standar	77201525-9/76578735-1/11	Operador CuracaviEVERGROUP SPAServicio Standar	SI	2
7481733-5	Sergio Pino (Pto Montt)	76578735-1	EVERGROUP SPA	11	Servicio Standar	7481733-5/76578735-1/11	Sergio Pino (Pto Montt)EVERGROUP SPAServicio Standar	SI	2
77417055-3	Tamara Maldonado (Balmaceda)	76578735-1	EVERGROUP SPA	11	Servicio Standar	77417055-3/76578735-1/11	Tamara Maldonado (Balmaceda)EVERGROUP SPAServicio Standar	SI	16
76147222-4	Transporte Mandame (Talagante)	76578735-1	EVERGROUP SPA	11	Servicio Standar	76147222-4/76578735-1/11	Transporte Mandame (Talagante)EVERGROUP SPAServicio Standar	SI	3
19488954-2	Paula Valencia (Viña del Mar)	76578735-1	EVERGROUP SPA	11	Servicio Standar	19488954-2/76578735-1/11	Paula Valencia (Viña del Mar)EVERGROUP SPAServicio Standar	SI	11
76556632-0	Postman Cargo (Alto Hospicio)	76578735-1	EVERGROUP SPA	11	Servicio Standar	76556632-0/76578735-1/11	Postman Cargo (Alto Hospicio)EVERGROUP SPAServicio Standar	SI	14
76556632-0	Postman Cargo (Iquique)	76578735-1	EVERGROUP SPA	11	Servicio Standar	76556632-0/76578735-1/11	Postman Cargo (Iquique)EVERGROUP SPAServicio Standar	SI	11
13013180-8	Victor Robledo (Calama)	76578735-1	EVERGROUP SPA	11	Servicio Standar	13013180-8/76578735-1/11	Victor Robledo (Calama)EVERGROUP SPAServicio Standar	SI	11
11942383-K	Jose Caneo (Ovalle)	76578735-1	EVERGROUP SPA	11	Servicio Standar	11942383-K/76578735-1/11	Jose Caneo (Ovalle)EVERGROUP SPAServicio Standar	SI	11
77346078-7	4N Temuco	76578735-1	EVERGROUP SPA	11	Servicio Standar	77346078-7/76578735-1/11	4N TemucoEVERGROUP SPAServicio Standar	SI	8
77346078-7	4N Til Til	76578735-1	EVERGROUP SPA	11	Servicio Standar	77346078-7/76578735-1/11	4N Til TilEVERGROUP SPAServicio Standar	NO	0
77346078-7	4N Troncal Sur 3	76578735-1	EVERGROUP SPA	11	Servicio Standar	77346078-7/76578735-1/11	4N Troncal Sur 3EVERGROUP SPAServicio Standar	NO	0
77346078-7	4N RM	76578735-1	EVERGROUP SPA	11	Servicio Standar	77346078-7/76578735-1/11	4N RMEVERGROUP SPAServicio Standar	SI	1
76052551-0	Mercasur	76263819-3	Revesderecho	10	Servicio Spot (Cotizacion)	76052551-0/76263819-3/10	MercasurRevesderechoServicio Spot (Cotizacion)	NO	0
19488954-2	Paula Valencia (Viña del Mar)	76263819-3	Revesderecho	10	Servicio Spot (Cotizacion)	19488954-2/76263819-3/10	Paula Valencia (Viña del Mar)RevesderechoServicio Spot (Cotizacion)	NO	0
